COUNTY.NAME..SHORT.,COUNTY.NAME..FULL.,WOODARD.NATION.NAME,STATE.NAME,USPS,GEOID,ANSICODE,ALAND,AWATER,ALAND_SQMI,AWATER_SQMI,INTPTLAT,INTPTLONG
Cuming,Cuming County,The Midlands,Nebraska,NE,31039,835841,1477645345,10690204,570.522,4.128,41.915865,-96.788517
Wahkiakum,Wahkiakum County,The Left Coast,Washington,WA,53069,1513275,680976231,61568965,262.926,23.772,46.294638,-123.424458
De Baca,De Baca County,El Norte,New Mexico,NM,35011,933054,6016818946,29090018,2323.107,11.232,34.359273,-104.368696
Lancaster,Lancaster County,The Midlands,Nebraska,NE,31109,835876,2169272970,22847034,837.561,8.821,40.783547,-96.688658
Nuckolls,Nuckolls County,The Midlands,Nebraska,NE,31129,835886,1489645188,1718484,575.155,0.664,40.176492,-98.046842
Minnehaha,Minnehaha County,Yankeedom,South Dakota,SD,46099,1265772,2089701439,18188795,806.838,7.023,43.667472,-96.795726
Menard,Menard County,Greater Appalachia,Texas,TX,48327,1383949,2336237980,613559,902.027,0.237,30.885268,-99.858861
Sierra,Sierra County,The Far West,California,CA,06091,277310,2468694582,23299110,953.168,8.996,39.576925,-120.521993
Clinton,Clinton County,Greater Appalachia,Kentucky,KY,21053,516873,510875757,21152699,197.25,8.167,36.727258,-85.136098
Hancock,Hancock County,The Midlands,Ohio,OH,39063,1074044,1376124980,6021322,531.325,2.325,41.000217,-83.665947
Hale,Hale County,Greater Appalachia,Texas,TX,48189,1383880,2602109423,246678,1004.68,0.095,34.068436,-101.822888
Clay,Clay County,Deep South,Alabama,AL,01027,161539,1564255426,5281616,603.962,2.039,33.2704,-85.863525
Armstrong,Armstrong County,Greater Appalachia,Texas,TX,48011,1383791,2354617585,12183672,909.123,4.704,34.964179,-101.356636
Allen,Allen County,The Midlands,Ohio,OH,39003,1074015,1042587389,11152061,402.545,4.306,40.771627,-84.106103
McDuffie,McDuffie County,Deep South,Georgia,GA,13189,348794,666590014,23114032,257.372,8.924,33.480613,-82.479533
Sauk,Sauk County,Yankeedom,Wisconsin,WI,55111,1581115,2153686013,45692969,831.543,17.642,43.428001,-89.943318
Stone,Stone County,Greater Appalachia,Arkansas,AR,05137,69902,1570673294,8145444,606.44,3.145,35.857001,-92.140482
Wallowa,Wallowa County,The Far West,Oregon,OR,41063,1155135,8147835333,14191752,3145.897,5.479,45.593753,-117.18558
Beaver,Beaver County,The Midlands,Pennsylvania,PA,42007,1214112,1125854819,24162295,434.695,9.329,40.68414,-80.350721
Jasper,Jasper County,Deep South,Mississippi,MS,28061,695754,1751636189,3130850,676.311,1.209,32.016748,-89.119176
Henry,Henry County,Greater Appalachia,Missouri,MO,29083,758496,1805054746,91657543,696.936,35.389,38.386491,-93.792628
Saguache,Saguache County,El Norte,Colorado,CO,08109,198170,8206547699,4454510,3168.566,1.72,38.031651,-106.234666
Chatham,Chatham County,Tidewater,North Carolina,NC,37037,1008544,1765540358,70582736,681.679,27.252,35.704994,-79.251454
Rich,Rich County,The Far West,Utah,UT,49033,1448030,2664700959,149106532,1028.847,57.57,41.627598,-111.240227
Adair,Adair County,Greater Appalachia,Oklahoma,OK,40001,1101788,1486337779,8872711,573.878,3.426,35.898043,-94.651026
Lake,Lake County,Yankeedom,Ohio,OH,39085,1074055,593807529,1942301385,229.27,749.927,41.778142,-81.19733
Salem,Salem city,Greater Appalachia,Virginia,VA,51775,1789074,37593968,275156,14.515,0.106,37.285333,-80.055241
Montgomery,Montgomery County,Greater Appalachia,Virginia,VA,51121,1674630,1001929082,6282286,386.847,2.426,37.175538,-80.387794
Hamilton,Hamilton County,Greater Appalachia,Tennessee,TN,47065,1639749,1404197532,86784458,542.164,33.508,35.163472,-85.201843
Otero,Otero County,El Norte,New Mexico,NM,35035,929104,17126455954,36944199,6612.562,14.264,32.615599,-105.751308
Catron,Catron County,The Far West,New Mexico,NM,35003,929108,17933561654,14193499,6924.187,5.48,33.901621,-108.391928
Marengo,Marengo County,Deep South,Alabama,AL,01091,161572,2530155136,14951685,976.898,5.773,32.247591,-87.791091
Lincoln,Lincoln County,The Far West,Wyoming,WY,56023,1605076,10555073813,49947312,4075.337,19.285,42.229993,-110.682961
Barton,Barton County,Greater Appalachia,Missouri,MO,29011,758460,1533351028,12152201,592.03,4.692,37.500799,-94.344089
Calhoun,Calhoun County,Deep South,Texas,TX,48057,1383814,1312960774,1361631001,506.937,525.729,28.441719,-96.579574
Poquoson,Poquoson city,Tidewater,Virginia,VA,51735,1498436,39773690,163429842,15.357,63.101,37.12836,-76.303534
Pocahontas,Pocahontas County,Greater Appalachia,West Virginia,WV,54075,1550044,2435206742,4094092,940.239,1.581,38.332606,-80.010121
Clay,Clay County,Greater Appalachia,Texas,TX,48077,1383824,2819871858,72506860,1088.759,27.995,33.785904,-98.212917
James City,James City County,Tidewater,Virginia,VA,51095,1480135,368550683,95239463,142.298,36.772,37.324837,-76.777888
Keith,Keith County,The Far West,Nebraska,NE,31101,835872,2749903240,124629167,1061.744,48.12,41.194245,-101.644449
Phelps,Phelps County,The Far West,Nebraska,NE,31137,835890,1398048636,1646526,539.79,0.636,40.516365,-99.406557
Calcasieu,Calcasieu Parish,New France,Louisiana,LA,22019,558468,2755963714,77908794,1064.084,30.081,30.229559,-93.358015
Union,Union Parish,Deep South,Louisiana,LA,22111,559528,2271159651,73649840,876.9,28.436,32.829349,-92.37565
Sequoyah,Sequoyah County,Greater Appalachia,Oklahoma,OK,40135,1101855,1744515638,105111277,673.561,40.584,35.502435,-94.750757
DeKalb,DeKalb County,Greater Appalachia,Alabama,AL,01049,161550,2012620262,4107136,777.077,1.586,34.460915,-85.804021
Steuben,Steuben County,Yankeedom,New York,NY,36101,974148,3601398422,35039875,1390.508,13.529,42.266725,-77.385525
Forest,Forest County,The Midlands,Pennsylvania,PA,42053,1213669,1106595595,8369675,427.259,3.232,41.513304,-79.249705
Tangipahoa,Tangipahoa Parish,Deep South,Louisiana,LA,22105,559500,2049124442,136690438,791.171,52.776,30.621348,-90.40649
Stafford,Stafford County,Tidewater,Virginia,VA,51179,1480173,697237751,28087427,269.205,10.845,38.423084,-77.458048
Menominee,Menominee County,Yankeedom,Michigan,MI,26109,1622997,2704053652,761798359,1044.041,294.132,45.535568,-87.501457
Jasper,Jasper County,The Midlands,Indiana,IN,18073,450494,1449563752,4428654,559.68,1.71,41.017688,-87.118814
Brantley,Brantley County,Deep South,Georgia,GA,13025,351605,1147972258,10291563,443.235,3.974,31.197334,-81.982978
Lamar,Lamar County,Deep South,Georgia,GA,13171,326713,475264404,6044329,183.501,2.334,33.07444,-84.146689
Steuben,Steuben County,The Midlands,Indiana,IN,18151,450390,799729203,35454787,308.777,13.689,41.643467,-85.002405
Orange,Orange County,Deep South,Texas,TX,48361,1383966,864501044,118476459,333.786,45.744,30.122323,-93.8941
Fayette,Fayette County,Greater Appalachia,Ohio,OH,39047,1074036,1052469885,1694038,406.361,0.654,39.555246,-83.461893
Hampshire,Hampshire County,Yankeedom,Massachusetts,MA,25015,606934,1365527344,46642098,527.233,18.009,42.339459,-72.663694
Allen,Allen County,Greater Appalachia,Kentucky,KY,21003,516848,891838778,19482100,344.341,7.522,36.75077,-86.192458
Alamance,Alamance County,Tidewater,North Carolina,NC,37001,1008531,1096735775,27940817,423.452,10.788,36.043954,-79.400573
Greenwood,Greenwood County,Greater Appalachia,Kansas,KS,20073,485003,2961143636,24145021,1143.304,9.322,37.879347,-96.241732
Suffolk,Suffolk County,Yankeedom,Massachusetts,MA,25025,606939,150876727,160498380,58.254,61.969,42.338551,-71.018253
Jefferson,Jefferson County,The Far West,Idaho,ID,16051,399751,2832619466,31166194,1093.681,12.033,43.796965,-112.318588
Gonzales,Gonzales County,Greater Appalachia,Texas,TX,48177,1383874,2762704862,8204086,1066.686,3.168,29.461912,-97.49192
Marion,Marion County,Greater Appalachia,Tennessee,TN,47115,1639770,1290472798,36484703,498.254,14.087,35.133422,-85.618399
Alpena,Alpena County,Yankeedom,Michigan,MI,26007,1622946,1481205162,2908633230,571.897,1123.03,44.894954,-83.426574
Wayne,Wayne County,Greater Appalachia,Kentucky,KY,21231,516962,1186690752,67283816,458.184,25.978,36.800772,-84.82659
White,White County,Greater Appalachia,Tennessee,TN,47185,1639800,975592109,7113368,376.678,2.746,35.927049,-85.455785
Fannin,Fannin County,Greater Appalachia,Texas,TX,48147,1383859,2307251052,20847065,890.835,8.049,33.591161,-96.104988
Doniphan,Doniphan County,The Midlands,Kansas,KS,20043,484991,1019105691,12424174,393.479,4.797,39.788502,-95.147225
Kerr,Kerr County,Greater Appalachia,Texas,TX,48265,1383918,2857617603,10231764,1103.332,3.951,30.059953,-99.353339
Hernando,Hernando County,Deep South,Florida,FL,12053,295751,1224975810,627928028,472.966,242.444,28.555995,-82.525969
Wakulla,Wakulla County,Deep South,Florida,FL,12129,306912,1570615734,804111188,606.418,310.469,30.091335,-84.359111
Walton,Walton County,Deep South,Florida,FL,12131,295727,2689165614,961289588,1038.293,371.156,30.571247,-86.162798
Chickasaw,Chickasaw County,Deep South,Mississippi,MS,28017,695733,1299608408,6380767,501.782,2.464,33.933277,-88.947558
Clare,Clare County,Yankeedom,Michigan,MI,26035,1622960,1461703751,28496979,564.367,11.003,43.991137,-84.838325
Republic,Republic County,The Midlands,Kansas,KS,20157,485042,1857998463,7951912,717.377,3.07,39.828906,-97.650883
Volusia,Volusia County,Deep South,Florida,FL,12127,306921,2852384800,857611281,1101.312,331.126,29.057769,-81.161792
Canadian,Canadian County,Greater Appalachia,Oklahoma,OK,40017,1101796,2322112746,23146755,896.573,8.937,35.543354,-97.979889
Floyd,Floyd County,Greater Appalachia,Georgia,GA,13115,353665,1320404595,22414013,509.811,8.654,34.263692,-85.213685
Churchill,Churchill County,The Far West,Nevada,NV,32001,858638,12820847811,190742991,4950.157,73.646,39.53771,-118.264166
Webster,Webster County,The Midlands,Nebraska,NE,31181,835912,1489017942,337241,574.913,0.13,40.180646,-98.49859
Hancock,Hancock County,Greater Appalachia,Illinois,IL,17067,424235,2055798688,53563362,793.748,20.681,40.401318,-91.168801
Hutchinson,Hutchinson County,The Midlands,South Dakota,SD,46067,1265771,2105694670,3644220,813.013,1.407,43.33671,-97.749383
Crook,Crook County,The Far West,Oregon,OR,41013,1155128,7715390857,21004473,2978.929,8.11,44.163054,-120.371585
Franklin,Franklin County,Yankeedom,Vermont,VT,50011,1461762,1633443915,150143028,630.676,57.971,44.858964,-72.909402
Marquette,Marquette County,Yankeedom,Michigan,MI,26103,1622994,4685420988,4185337774,1809.051,1615.968,46.656596,-87.584028
Middlesex,Middlesex County,Yankeedom,Connecticut,CT,09007,212797,956493753,180679141,369.304,69.761,41.433003,-72.52278
Davidson,Davidson County,Greater Appalachia,North Carolina,NC,37057,1008548,1432724907,37608507,553.178,14.521,35.795131,-80.207107
Clay,Clay County,Greater Appalachia,Illinois,IL,17025,424214,1213022841,3064720,468.351,1.183,38.746819,-88.482325
Knox,Knox County,Greater Appalachia,Missouri,MO,29103,758506,1305376625,7307094,504.009,2.821,40.136856,-92.146835
Livingston,Livingston County,The Midlands,Missouri,MO,29117,758513,1378657549,16187907,532.303,6.25,39.778587,-93.548201
Tioga,Tioga County,Yankeedom,Pennsylvania,PA,42117,1209189,2936540901,8279675,1133.805,3.197,41.766859,-77.257288
Dakota,Dakota County,The Midlands,Nebraska,NE,31043,835843,684472104,8143818,264.276,3.144,42.391624,-96.561327
Leelanau,Leelanau County,Yankeedom,Michigan,MI,26089,1622987,899241892,5659105321,347.199,2184.993,45.146182,-86.051574
Surry,Surry County,Tidewater,Virginia,VA,51181,1480174,722475752,81216905,278.949,31.358,37.119761,-76.880172
Refugio,Refugio County,El Norte,Texas,TX,48391,1383981,1995545557,123688759,770.484,47.756,28.322116,-97.162472
Butler,Butler County,Greater Appalachia,Ohio,OH,39017,1074021,1208290720,9175913,466.524,3.543,39.439747,-84.565734
Terrell,Terrell County,Deep South,Georgia,GA,13273,352238,869695791,4951325,335.791,1.912,31.777191,-84.439446
Clayton,Clayton County,Deep South,Georgia,GA,13063,1672399,366879097,6962586,141.653,2.688,33.542686,-84.355573
Fremont,Fremont County,The Far West,Wyoming,WY,56013,1605072,23785388836,212768588,9183.59,82.15,43.054831,-108.608935
Ohio,Ohio County,Greater Appalachia,Indiana,IN,18115,450378,223126824,3369528,86.15,1.301,38.940527,-84.964299
Columbia,Columbia County,Deep South,Georgia,GA,13073,348865,751591130,45353300,290.191,17.511,33.552075,-82.249608
Sedgwick,Sedgwick County,The Far West,Colorado,CO,08115,198173,1419419015,3530746,548.041,1.363,40.871568,-102.355358
Musselshell,Musselshell County,The Far West,Montana,MT,30065,1719593,4840577746,7118682,1868.958,2.749,46.505281,-108.439763
Dauphin,Dauphin County,The Midlands,Pennsylvania,PA,42043,1213667,1359407363,86209037,524.87,33.285,40.412565,-76.792634
Moody,Moody County,Yankeedom,South Dakota,SD,46101,1265775,1345185721,3690537,519.379,1.425,44.012429,-96.676054
Putnam,Putnam County,Greater Appalachia,West Virginia,WV,54079,1550046,895303696,12225557,345.679,4.72,38.510518,-81.906109
Sussex,Sussex County,Yankeedom,New Jersey,NJ,34037,882236,1343325260,43712954,518.661,16.878,41.137461,-74.691914
Decatur,Decatur County,The Far West,Kansas,KS,20039,484989,2314199333,1631670,893.517,0.63,39.783542,-100.459708
Perry,Perry County,Greater Appalachia,Indiana,IN,18123,451682,988702370,11837413,381.74,4.57,38.081436,-86.62654
Union,Union County,Greater Appalachia,Mississippi,MS,28145,695793,1076417818,3369003,415.607,1.301,34.489533,-89.002339
Boyd,Boyd County,The Midlands,Nebraska,NE,31015,835829,1398424238,11893556,539.935,4.592,42.894448,-98.773022
Mille Lacs,Mille Lacs County,Yankeedom,Minnesota,MN,27095,659493,1482264579,282932408,572.306,109.241,45.929043,-93.632996
Walsh,Walsh County,Yankeedom,North Dakota,ND,38099,1034214,3319346397,32181391,1281.607,12.425,48.376979,-97.72223
Morgan,Morgan County,The Midlands,Ohio,OH,39115,1074070,1078538282,13868572,416.426,5.355,39.624946,-81.861697
Portage,Portage County,Yankeedom,Ohio,OH,39133,1074079,1262372713,43125087,487.405,16.651,41.16897,-81.196962
Uinta,Uinta County,The Far West,Wyoming,WY,56041,1605084,5391631765,16625817,2081.721,6.419,41.284726,-110.558947
Humboldt,Humboldt County,The Far West,Nevada,NV,32013,863310,24969535443,44194837,9640.792,17.064,41.407914,-118.127591
Jim Hogg,Jim Hogg County,El Norte,Texas,TX,48247,1383909,2942674729,92565,1136.173,0.036,27.053231,-98.747572
Cheyenne,Cheyenne County,The Far West,Colorado,CO,08017,198124,4605713960,8166129,1778.276,3.153,38.835646,-102.601791
Clackamas,Clackamas County,The Left Coast,Oregon,OR,41005,1155127,4845019827,31883427,1870.673,12.31,45.160493,-122.195127
Polk,Polk County,Greater Appalachia,Arkansas,AR,05113,69175,2219200782,12520929,856.838,4.834,34.490915,-94.230884
Macon,Macon County,Deep South,Georgia,GA,13193,346957,1037709945,13841916,400.662,5.344,32.362686,-84.051231
Benton,Benton County,The Midlands,Indiana,IN,18007,450403,1052616458,236033,406.418,0.091,40.600939,-87.314786
Morgan,Morgan County,Greater Appalachia,Tennessee,TN,47129,1639778,1352439677,823018,522.18,0.318,36.138697,-84.639262
Douglas,Douglas County,The Midlands,South Dakota,SD,46043,1266978,1118358780,4832944,431.801,1.866,43.391506,-98.358433
Worcester,Worcester County,Tidewater,Maryland,MD,24047,1668802,1213156434,586531120,468.402,226.461,38.222133,-75.309931
Wabash,Wabash County,Greater Appalachia,Illinois,IL,17185,424293,578403995,10973569,223.323,4.237,38.445821,-87.839167
Huntington,Huntington County,The Midlands,Indiana,IN,18069,450361,991056717,13133683,382.649,5.071,40.826394,-85.478597
Scott,Scott County,Greater Appalachia,Kentucky,KY,21209,516951,729775497,9439750,281.768,3.645,38.28571,-84.57834
Decatur,Decatur County,The Midlands,Iowa,IA,19053,465215,1377569408,4138626,531.883,1.598,40.736379,-93.78458
Wabash,Wabash County,The Midlands,Indiana,IN,18169,450399,1068468084,21854119,412.538,8.438,40.843747,-85.795192
Allen,Allen County,The Midlands,Indiana,IN,18003,450402,1702400299,7053646,657.3,2.723,41.091909,-85.071791
Marshall,Marshall County,The Midlands,Indiana,IN,18099,450372,1148969991,15858580,443.62,6.123,41.325003,-86.269036
Thomas,Thomas County,The Far West,Nebraska,NE,31171,835907,1845564903,2028433,712.577,0.783,41.85573,-100.524703
Sioux,Sioux County,The Far West,North Dakota,ND,38085,1034208,2833580511,88449896,1094.052,34.151,46.110618,-101.061284
Dimmit,Dimmit County,El Norte,Texas,TX,48127,1383849,3441795903,14575999,1328.885,5.628,28.423587,-99.765871
Fillmore,Fillmore County,Yankeedom,Minnesota,MN,27045,659468,2230843183,2055817,861.333,0.794,43.679187,-92.093937
Chester,Chester County,Deep South,South Carolina,SC,45023,1247988,1503905790,14249301,580.661,5.502,34.689342,-81.161249
Lac qui Parle,Lac qui Parle County,Yankeedom,Minnesota,MN,27073,659482,1981395022,33648339,765.021,12.992,44.999856,-96.176836
Cache,Cache County,The Far West,Utah,UT,49005,1448017,3016627502,21097697,1164.726,8.146,41.734117,-111.745399
Pierce,Pierce County,Yankeedom,Wisconsin,WI,55093,1581107,1486700521,48452323,574.018,18.708,44.725336,-92.426279
Charlton,Charlton County,Deep South,Georgia,GA,13049,357747,2020415648,5963237,780.087,2.302,30.779904,-82.139644
Polk,Polk County,Greater Appalachia,Georgia,GA,13233,343585,803767094,4673256,310.336,1.804,33.996015,-85.188338
McLean,McLean County,Greater Appalachia,Illinois,IL,17113,1784833,3064597287,7804856,1183.248,3.013,40.494559,-88.844539
Androscoggin,Androscoggin County,Yankeedom,Maine,ME,23001,581286,1211990523,75546580,467.952,29.169,44.167681,-70.207435
Kootenai,Kootenai County,The Far West,Idaho,ID,16055,395661,3205833858,184447536,1237.779,71.216,47.675957,-116.695919
Clark,Clark County,The Far West,Nevada,NV,32003,863600,20439281712,438410943,7891.651,169.271,36.21413,-115.014398
Phillips,Phillips County,The Far West,Kansas,KS,20147,485037,2294395636,22493383,885.871,8.685,39.784506,-99.34215
Holt,Holt County,The Midlands,Nebraska,NE,31089,835866,6248078964,13204318,2412.397,5.098,42.459287,-98.784766
Johnson,Johnson County,The Midlands,Missouri,MO,29101,758505,2147776085,10180467,829.261,3.931,38.741528,-93.811863
La Crosse,La Crosse County,Yankeedom,Wisconsin,WI,55063,1581091,1170166356,73159122,451.804,28.247,43.908222,-91.111758
Caldwell,Caldwell Parish,Deep South,Louisiana,LA,22021,558477,1372098436,29104196,529.77,11.237,32.101219,-92.114231
Edmonson,Edmonson County,Greater Appalachia,Kentucky,KY,21061,516877,784468401,13258105,302.885,5.119,37.227514,-86.218015
Bond,Bond County,Greater Appalachia,Illinois,IL,17005,424204,985065096,6462629,380.336,2.495,38.885924,-89.436592
Brown,Brown County,Greater Appalachia,Illinois,IL,17009,424206,791828626,4144346,305.727,1.6,39.962069,-90.750309
McLeod,McLeod County,Yankeedom,Minnesota,MN,27085,659491,1273004836,36432583,491.51,14.067,44.821657,-94.272323
Dunn,Dunn County,Yankeedom,Wisconsin,WI,55033,1581076,2201902840,35572613,850.159,13.735,44.947751,-91.897645
Custer,Custer County,The Far West,Colorado,CO,08027,198129,1913031975,3364150,738.626,1.299,38.101996,-105.373512
Madison,Madison County,Greater Appalachia,Missouri,MO,29123,758515,1280454067,8322301,494.386,3.213,37.474481,-90.343413
Nolan,Nolan County,Greater Appalachia,Texas,TX,48353,1383962,2362061742,5052159,911.997,1.951,32.312338,-100.418108
Wayne,Wayne County,Yankeedom,Pennsylvania,PA,42127,1213692,1879734030,64785676,725.769,25.014,41.646602,-75.292493
Saratoga,Saratoga County,Yankeedom,New York,NY,36091,974143,2097880439,87571790,809.996,33.812,43.106135,-73.855387
Brazos,Brazos County,Deep South,Texas,TX,48041,1383806,1518090937,13210254,586.138,5.101,30.656713,-96.302394
Marshall,Marshall County,Greater Appalachia,Oklahoma,OK,40095,1101832,962153982,143719930,371.49,55.491,34.027007,-96.770533
Allegany,Allegany County,Greater Appalachia,Maryland,MD,24001,1713506,1093502055,14761330,422.204,5.699,39.612313,-78.703104
Wetzel,Wetzel County,Greater Appalachia,West Virginia,WV,54103,1717836,927389119,8449879,358.067,3.263,39.59818,-80.635399
Jackson,Jackson County,Yankeedom,Wisconsin,WI,55053,1581086,2558687757,32538316,987.915,12.563,44.32459,-90.79951
Clatsop,Clatsop County,The Left Coast,Oregon,OR,41007,1135846,2144846710,661654767,828.13,255.466,46.024509,-123.705037
Lewis,Lewis County,The Left Coast,Washington,WA,53041,1531927,6223175362,86929744,2402.782,33.564,46.580071,-122.377444
Allegany,Allegany County,Yankeedom,New York,NY,36003,974100,2666225086,12989848,1029.435,5.015,42.247853,-78.026153
Cedar,Cedar County,The Midlands,Iowa,IA,19031,465205,1500798731,6385833,579.462,2.466,41.77236,-91.132611
Orange,Orange County,Greater Appalachia,Indiana,IN,18117,451681,1031795759,25416479,398.379,9.813,38.547381,-86.489257
DeKalb,DeKalb County,Deep South,Georgia,GA,13089,1687424,693443933,8858826,267.74,3.42,33.770661,-84.226343
Pickens,Pickens County,Greater Appalachia,Georgia,GA,13227,1673011,601031041,1690669,232.059,0.653,34.456746,-84.490351
Chouteau,Chouteau County,The Far West,Montana,MT,30015,1719619,10288778621,62611691,3972.52,24.175,47.886834,-110.4362
Brown,Brown County,The Far West,Nebraska,NE,31017,835830,3163296263,9814399,1221.356,3.789,42.359562,-99.92392
Campbell,Campbell County,Greater Appalachia,Tennessee,TN,47013,1639728,1243685301,46425147,480.19,17.925,36.401592,-84.159249
Franklin,Franklin County,Tidewater,North Carolina,NC,37069,1008553,1273761673,7173998,491.802,2.77,36.088241,-78.28309
Baltimore,Baltimore city,The Midlands,Maryland,MD,24510,1702381,209649327,28758743,80.946,11.104,39.300032,-76.610476
Lyon,Lyon County,Greater Appalachia,Kansas,KS,20111,485020,2194958222,20561825,847.478,7.939,38.455403,-96.161641
Carroll,Carroll County,The Midlands,Iowa,IA,19027,465203,1474877210,2145349,569.453,0.828,42.039502,-94.86765
Tensas,Tensas Parish,Deep South,Louisiana,LA,22107,559509,1561795836,99432220,603.013,38.391,32.001489,-91.342576
Monroe,Monroe County,Greater Appalachia,Tennessee,TN,47123,1639776,1646647004,43545177,635.774,16.813,35.447818,-84.249705
Hamilton,Hamilton County,The Far West,Kansas,KS,20075,485327,2580958328,2893322,996.514,1.117,37.995244,-101.793689
Pocahontas,Pocahontas County,The Midlands,Iowa,IA,19151,465264,1495047209,3666530,577.241,1.416,42.734033,-94.678279
Gem,Gem County,The Far West,Idaho,ID,16045,395442,1449796224,12491930,559.769,4.823,44.061473,-116.398784
Independence,Independence County,Greater Appalachia,Arkansas,AR,05063,69163,1978003742,20251226,763.712,7.819,35.737499,-91.559942
Lonoke,Lonoke County,Greater Appalachia,Arkansas,AR,05085,69164,1998042333,82719024,771.448,31.938,34.755114,-91.894132
Newton,Newton County,The Midlands,Indiana,IN,18111,450376,1040539827,4349506,401.755,1.679,40.962399,-87.402172
Franklin,Franklin County,Greater Appalachia,Georgia,GA,13119,349324,676893233,12732649,261.35,4.916,34.375266,-83.227532
Hendry,Hendry County,Part of the Spanish Caribbean,Florida,FL,12051,307626,2993896403,86578552,1155.95,33.428,26.539967,-81.152114
Taliaferro,Taliaferro County,Deep South,Georgia,GA,13265,347654,504029143,1917633,194.607,0.74,33.559319,-82.875272
Jefferson,Jefferson County,Deep South,Texas,TX,48245,1383908,2270802077,610951822,876.762,235.89,29.854,-94.149331
Meagher,Meagher County,The Far West,Montana,MT,30059,1719600,6194909925,7475979,2391.868,2.886,46.5857,-110.92174
La Plata,La Plata County,The Far West,Colorado,CO,08067,198148,4376255276,25642579,1689.682,9.901,37.287367,-107.839718
Bell,Bell County,Greater Appalachia,Texas,TX,48027,1383799,2729409784,94384056,1053.831,36.442,31.04275,-97.481268
Kemper,Kemper County,Deep South,Mississippi,MS,28069,695758,1984403150,2182350,766.182,0.843,32.750136,-88.625631
Clark,Clark County,Deep South,Arkansas,AR,05019,66845,2242855171,43965580,865.971,16.975,34.053316,-93.176208
Klamath,Klamath County,The Far West,Oregon,OR,41035,1155134,15410368803,484957652,5949.977,187.243,42.683761,-121.646168
Oswego,Oswego County,Yankeedom,New York,NY,36075,974136,2464751380,933476017,951.646,360.417,43.461443,-76.209262
Cherokee,Cherokee County,Greater Appalachia,Alabama,AL,01019,161535,1433620850,120310807,553.524,46.452,34.069515,-85.654242
Bandera,Bandera County,Greater Appalachia,Texas,TX,48019,1383795,2048663887,17291422,790.994,6.676,29.756389,-99.248285
Rosebud,Rosebud County,The Far West,Montana,MT,30087,1716795,12971010184,44234227,5008.135,17.079,46.173206,-106.666792
Union,Union County,The Midlands,New Mexico,NM,35059,929115,9906834380,15498790,3825.05,5.984,36.488085,-103.475723
Schoolcraft,Schoolcraft County,Yankeedom,Michigan,MI,26153,1623017,3035145671,1844210517,1171.876,712.054,46.021122,-86.197029
Ulster,Ulster County,Yankeedom,New York,NY,36111,974153,2911757764,94596811,1124.236,36.524,41.947212,-74.265458
Camden,Camden County,The Midlands,New Jersey,NJ,34007,882273,573315345,15699106,221.358,6.061,39.802407,-74.961249
Jersey,Jersey County,Greater Appalachia,Illinois,IL,17083,424243,957415216,20333974,369.66,7.851,39.080195,-90.361385
Hanover,Hanover County,Tidewater,Virginia,VA,51085,1480132,1211145331,12703282,467.626,4.905,37.760215,-77.491317
Wallace,Wallace County,The Far West,Kansas,KS,20199,485060,2366348285,140936,913.652,0.054,38.926626,-101.771103
Alger,Alger County,Yankeedom,Michigan,MI,26003,1622944,2369927690,10703517569,915.034,4132.651,46.521736,-86.657119
Fulton,Fulton County,Greater Appalachia,Arkansas,AR,05049,66854,1600705526,6367763,618.036,2.459,36.381322,-91.819285
Hidalgo,Hidalgo County,El Norte,Texas,TX,48215,1383893,4068758841,30739605,1570.957,11.869,26.396384,-98.18099
Robeson,Robeson County,Deep South,North Carolina,NC,37155,1026130,2453481924,5076395,947.295,1.96,34.63921,-79.100881
Newaygo,Newaygo County,Yankeedom,Michigan,MI,26123,1623004,2172706359,59083043,838.887,22.812,43.562712,-85.791372
Morrow,Morrow County,The Far West,Oregon,OR,41049,1135860,5259046087,44372730,2030.529,17.132,45.425496,-119.602311
Todd,Todd County,Yankeedom,Minnesota,MN,27153,659521,2447791802,89136471,945.098,34.416,46.066569,-94.900576
Logan,Logan County,Greater Appalachia,Arkansas,AR,05083,82850,1836602033,53970569,709.116,20.838,35.218654,-93.72091
Lincoln,Lincoln County,Greater Appalachia,North Carolina,NC,37109,1008569,766239897,23350160,295.847,9.016,35.488491,-81.226893
Miller,Miller County,Deep South,Arkansas,AR,05091,69166,1616257250,36848741,624.04,14.227,33.305505,-93.901502
Orange,Orange County,Deep South,Florida,FL,12095,295750,2336230360,262653307,902.024,101.411,28.514391,-81.323284
San Juan,San Juan County,The Far West,Colorado,CO,08111,198171,1003660672,2035929,387.516,0.786,37.781049,-107.670257
Franklin,Franklin County,The Far West,Idaho,ID,16041,395585,1717211160,12153472,663.019,4.692,42.173609,-111.822965
Carroll,Carroll County,Deep South,Georgia,GA,13045,326650,1292752874,12024409,499.135,4.643,33.582237,-85.080527
Riley,Riley County,The Midlands,Kansas,KS,20161,485044,1579116499,32002514,609.7,12.356,39.291211,-96.727489
Schleicher,Schleicher County,Greater Appalachia,Texas,TX,48413,1383992,3394546068,87401,1310.642,0.034,30.896233,-100.527216
Russell,Russell County,Greater Appalachia,Virginia,VA,51167,1497573,1226421378,7549891,473.524,2.915,36.93342,-82.095934
Caldwell,Caldwell County,Greater Appalachia,North Carolina,NC,37027,1008541,1222184251,7052759,471.888,2.723,35.966396,-81.51254
Madison,Madison County,The Far West,Idaho,ID,16065,394803,1215396326,10500895,469.267,4.054,43.788614,-111.656993
Warrick,Warrick County,Greater Appalachia,Indiana,IN,18173,450335,996739079,16078776,384.843,6.208,38.097728,-87.272049
Adair,Adair County,Greater Appalachia,Kentucky,KY,21001,516847,1049690986,18403521,405.288,7.106,37.105559,-85.28138
Gallatin,Gallatin County,Greater Appalachia,Kentucky,KY,21077,516885,254761072,16238078,98.364,6.27,38.755663,-84.865143
Harrison,Harrison County,Greater Appalachia,Kentucky,KY,21097,516895,793604330,8981053,306.412,3.468,38.444578,-84.334131
Sagadahoc,Sagadahoc County,Yankeedom,Maine,ME,23023,581297,657782142,300590925,253.971,116.059,43.916845,-69.844227
Sweet Grass,Sweet Grass County,The Far West,Montana,MT,30097,1719569,4805816391,17455905,1855.536,6.74,45.811292,-109.944796
Grayson,Grayson County,Greater Appalachia,Texas,TX,48181,1383876,2416033533,120074902,932.836,46.361,33.624524,-96.675693
Greene,Greene County,Greater Appalachia,Pennsylvania,PA,42059,1214033,1491658046,5296803,575.932,2.045,39.847707,-80.225655
Ellis,Ellis County,The Far West,Kansas,KS,20051,484995,2330762295,1197085,899.912,0.462,38.914597,-99.317313
Hale,Hale County,Deep South,Alabama,AL,01065,161558,1667926655,32403804,643.99,12.511,32.752796,-87.623061
Perry,Perry County,Deep South,Alabama,AL,01105,161579,1863936200,10902207,719.67,4.209,32.639005,-87.293827
Colbert,Colbert County,Greater Appalachia,Alabama,AL,01033,161542,1535742270,79160396,592.953,30.564,34.703112,-87.801457
Pratt,Pratt County,The Midlands,Kansas,KS,20151,485039,1903740950,1771939,735.039,0.684,37.647594,-98.74012
Bourbon,Bourbon County,Greater Appalachia,Kentucky,KY,21017,516855,750439787,4829339,289.746,1.865,38.202562,-84.20986
Rutherford,Rutherford County,Greater Appalachia,Tennessee,TN,47149,1639787,1603892832,12406556,619.267,4.79,35.843369,-86.417213
Cook,Cook County,Deep South,Georgia,GA,13075,343878,591684405,12308449,228.451,4.752,31.152516,-83.429445
Lane,Lane County,The Far West,Kansas,KS,20101,485015,1858080220,551220,717.409,0.213,38.481286,-100.466185
Harper,Harper County,The Midlands,Oklahoma,OK,40059,1101817,2689919591,5259447,1038.584,2.031,36.80035,-99.662805
Piatt,Piatt County,Greater Appalachia,Illinois,IL,17147,424275,1137492089,754122,439.188,0.291,40.009033,-88.592355
Crosby,Crosby County,Greater Appalachia,Texas,TX,48107,1383839,2331503429,3873557,900.199,1.496,33.609144,-101.29871
Greene,Greene County,Deep South,Alabama,AL,01063,161557,1675782057,33416141,647.023,12.902,32.844497,-87.9642
Clark,Clark County,The Far West,Idaho,ID,16033,399755,4566524477,2476453,1763.145,0.956,44.290218,-112.354613
Kossuth,Kossuth County,Yankeedom,Iowa,IA,19109,465243,2519361809,4125592,972.731,1.593,43.212356,-94.213965
Burke,Burke County,The Far West,North Dakota,ND,38013,1034235,2858360401,65734594,1103.619,25.38,48.786453,-102.520087
Durham,Durham County,Tidewater,North Carolina,NC,37063,1008550,742095312,29365150,286.525,11.338,36.033828,-78.878125
Harrison,Harrison County,The Midlands,Iowa,IA,19085,465231,1804896271,12325506,696.874,4.759,41.688584,-95.827149
Keya Paha,Keya Paha County,The Far West,Nebraska,NE,31103,835873,2002257565,2192458,773.076,0.847,42.87548,-99.718351
Webster,Webster County,The Midlands,Iowa,IA,19187,465282,1853670893,7269394,715.706,2.807,42.433579,-94.175831
Pope,Pope County,Greater Appalachia,Illinois,IL,17151,424277,955362037,14662240,368.867,5.661,37.417169,-88.542374
Smith,Smith County,Greater Appalachia,Tennessee,TN,47159,1639791,814020543,28690306,314.295,11.077,36.256645,-85.941915
Henry,Henry County,Greater Appalachia,Virginia,VA,51089,1502770,990284625,5269785,382.351,2.035,36.620612,-79.980662
Alexandria,Alexandria city,Tidewater,Virginia,VA,51510,1498415,38682337,1069028,14.935,0.413,38.819251,-77.08367
Jefferson,Jefferson County,The Midlands,Iowa,IA,19101,465239,1128002393,3522238,435.524,1.36,41.006376,-91.966628
Lewis and Clark,Lewis and Clark County,The Far West,Montana,MT,30049,793926,8957164727,101496096,3458.381,39.188,47.132013,-112.373367
Duchesne,Duchesne County,The Far West,Utah,UT,49013,1448021,8379502802,38797805,3235.344,14.98,40.289393,-110.429584
Alfalfa,Alfalfa County,The Midlands,Oklahoma,OK,40003,1101789,2244392662,38546676,866.565,14.883,36.729703,-98.323445
Delta,Delta County,Greater Appalachia,Texas,TX,48119,1383846,665192108,54648180,256.832,21.1,33.385933,-95.67335
Trousdale,Trousdale County,Greater Appalachia,Tennessee,TN,47169,1648581,296143586,5960709,114.342,2.301,36.39303,-86.156691
Perry,Perry County,Greater Appalachia,Kentucky,KY,21193,516943,879824451,7529756,339.702,2.907,37.241282,-83.217772
Deuel,Deuel County,Yankeedom,South Dakota,SD,46039,1265781,1612885711,35935421,622.739,13.875,44.75629,-96.690239
Jackson,Jackson County,The Left Coast,Oregon,OR,41029,1135853,7208590231,46774125,2783.252,18.06,42.411621,-122.675611
Zavala,Zavala County,El Norte,Texas,TX,48507,1384039,3360268878,11208707,1297.407,4.328,28.864652,-99.75983
Banner,Banner County,The Far West,Nebraska,NE,31007,835826,1932231568,392073,746.039,0.151,41.53975,-103.726263
Madison,Madison County,The Midlands,Iowa,IA,19121,465249,1452999052,2983840,561.006,1.152,41.330622,-94.015184
Broward,Broward County,Part of the Spanish Caribbean,Florida,FL,12011,295753,3115058072,273491305,1202.731,105.596,26.193535,-80.476683
Toombs,Toombs County,Deep South,Georgia,GA,13279,345220,942788867,18076118,364.013,6.979,32.117753,-82.330597
Sanilac,Sanilac County,Yankeedom,Michigan,MI,26151,1623016,2493048510,1624879474,962.571,627.369,43.449155,-82.642815
Rockwall,Rockwall County,Greater Appalachia,Texas,TX,48397,1383984,329461303,56272445,127.206,21.727,32.899886,-96.41205
Wayne,Wayne County,Yankeedom,Michigan,MI,26163,1623022,1584653155,157748402,611.838,60.907,42.284664,-83.261953
Nobles,Nobles County,Yankeedom,Minnesota,MN,27105,659498,1852143783,19253011,715.117,7.434,43.677686,-95.763132
Aitkin,Aitkin County,Yankeedom,Minnesota,MN,27001,663198,4718370819,449370012,1821.773,173.503,46.602446,-93.41976
Ramsey,Ramsey County,Yankeedom,North Dakota,ND,38071,1034215,3070086477,299504065,1185.367,115.639,48.266163,-98.739031
Person,Person County,Tidewater,North Carolina,NC,37145,1008577,1016154887,31205409,392.34,12.048,36.38635,-78.965623
Trego,Trego County,The Far West,Kansas,KS,20195,485058,2303727352,26281951,889.474,10.148,38.921302,-99.865423
Washington,Washington County,Deep South,Mississippi,MS,28151,695796,1875077589,94257003,723.972,36.393,33.273174,-90.944446
Eastland,Eastland County,Greater Appalachia,Texas,TX,48133,1383852,2399644791,14002299,926.508,5.406,32.324645,-98.83656
Issaquena,Issaquena County,Deep South,Mississippi,MS,28055,695751,1069614257,73664788,412.98,28.442,32.755539,-91.003535
DeWitt,DeWitt County,El Norte,Texas,TX,48123,1383844,2354237965,3919919,908.976,1.513,29.082346,-97.361654
Angelina,Angelina County,Deep South,Texas,TX,48005,1383788,2066460812,173300091,797.865,66.912,31.251896,-94.611134
Saluda,Saluda County,Deep South,South Carolina,SC,45081,1248016,1172525912,23102511,452.715,8.92,34.005278,-81.727903
Maries,Maries County,Greater Appalachia,Missouri,MO,29125,758516,1364873607,7632374,526.981,2.947,38.162615,-91.923601
Arkansas,Arkansas County,Deep South,Arkansas,AR,05001,63755,2569632248,120698180,992.141,46.602,34.28957,-91.376547
Lawrence,Lawrence County,Greater Appalachia,Missouri,MO,29109,758509,1584393361,4247256,611.738,1.64,37.10659,-93.830551
Charlottesville,Charlottesville city,Tidewater,Virginia,VA,51540,1789068,26534611,46120,10.245,0.018,38.037658,-78.485381
Bureau,Bureau County,The Midlands,Illinois,IL,17011,424207,2250884551,11523914,869.071,4.449,41.401304,-89.528377
Scioto,Scioto County,Greater Appalachia,Ohio,OH,39145,1074085,1580267231,16098454,610.145,6.216,38.814889,-82.998675
Madison,Madison County,Greater Appalachia,North Carolina,NC,37115,1025834,1164498325,4840167,449.615,1.869,35.864206,-82.712631
Jerome,Jerome County,The Far West,Idaho,ID,16053,395662,1547629731,12908802,597.543,4.984,42.691395,-114.262086
Vinton,Vinton County,Greater Appalachia,Ohio,OH,39163,1074093,1068008168,6781751,412.36,2.618,39.252042,-82.485961
McLennan,McLennan County,Deep South,Texas,TX,48309,1383946,2684924491,61092093,1036.655,23.588,31.549596,-97.201511
Custer,Custer County,The Far West,Idaho,ID,16037,399758,12748378765,42527190,4922.177,16.42,44.273351,-114.252267
Howard,Howard County,Yankeedom,Iowa,IA,19089,465233,1225702841,931480,473.247,0.36,43.365312,-92.321908
Palm Beach,Palm Beach County,Part of the Spanish Caribbean,Florida,FL,12099,295761,5087510105,1084950939,1964.299,418.902,26.649126,-80.448354
Lincoln,Lincoln County,Deep South,Georgia,GA,13181,1688000,544884775,121513274,210.381,46.917,33.792151,-82.448299
Butler,Butler County,Deep South,Alabama,AL,01013,161532,2012002546,2701199,776.839,1.043,31.751667,-86.681969
Sumner,Sumner County,Greater Appalachia,Tennessee,TN,47165,1639794,1371292904,35631916,529.459,13.758,36.472423,-86.458405
King and Queen,King and Queen County,Tidewater,Virginia,VA,51097,1480136,816232787,28929275,315.149,11.17,37.717772,-76.905581
Carroll,Carroll County,Greater Appalachia,Arkansas,AR,05015,66975,1631531741,22705316,629.938,8.767,36.33737,-93.540972
Waynesboro,Waynesboro city,Greater Appalachia,Virginia,VA,51820,1498443,38771593,364644,14.97,0.141,38.067157,-78.90142
Multnomah,Multnomah County,The Left Coast,Oregon,OR,41051,1135861,1116697857,88087483,431.159,34.011,45.547711,-122.417363
Grundy,Grundy County,Greater Appalachia,Tennessee,TN,47061,1639748,933545812,1755421,360.444,0.678,35.393386,-85.710379
Hubbard,Hubbard County,Yankeedom,Minnesota,MN,27057,659474,2398345766,190324762,926.007,73.485,47.095551,-94.91329
Sargent,Sargent County,Yankeedom,North Dakota,ND,38081,1035303,2223461624,21731922,858.483,8.391,46.108204,-97.630051
St. Lawrence,St. Lawrence County,Yankeedom,New York,NY,36089,977309,6939914687,367260873,2679.516,141.8,44.488112,-75.074311
Reynolds,Reynolds County,Greater Appalachia,Missouri,MO,29179,758544,2093946390,15373678,808.477,5.936,37.366464,-90.972282
Sacramento,Sacramento County,The Left Coast,California,CA,06067,277298,2500040418,75346029,965.271,29.091,38.450136,-121.344329
Paulding,Paulding County,The Midlands,Ohio,OH,39125,1074075,1078561237,6245396,416.435,2.411,41.118948,-84.582125
Wells,Wells County,The Midlands,Indiana,IN,18179,450337,953341275,5596377,368.087,2.161,40.735273,-85.212974
Floyd,Floyd County,Greater Appalachia,Virginia,VA,51063,1494354,986585628,2190752,380.923,0.846,36.931433,-80.350266
Santa Barbara,Santa Barbara County,El Norte,California,CA,06083,277306,7080860393,2729213352,2733.936,1053.755,34.536677,-120.038364
Boone,Boone County,Greater Appalachia,West Virginia,WV,54005,1550009,1298967362,4305989,501.534,1.663,38.022814,-81.713538
Benton,Benton County,Deep South,Mississippi,MS,28009,695729,1053131418,5279184,406.616,2.038,34.809593,-89.200213
Crittenden,Crittenden County,Greater Appalachia,Kentucky,KY,21055,516874,932300423,29349959,359.963,11.332,37.358149,-88.10501
Palo Alto,Palo Alto County,The Midlands,Iowa,IA,19147,465262,1460400553,14428727,563.864,5.571,43.075337,-94.669055
Ringgold,Ringgold County,The Midlands,Iowa,IA,19159,465268,1386932363,8723125,535.498,3.368,40.735334,-94.244251
Randolph,Randolph County,Tidewater,North Carolina,NC,37151,1008580,2026242785,19753287,782.337,7.627,35.709915,-79.806215
Cecil,Cecil County,The Midlands,Maryland,MD,24015,596115,896912528,185281258,346.3,71.537,39.562354,-75.941585
Warren,Warren County,Greater Appalachia,Indiana,IN,18171,450400,944543938,4442757,364.69,1.715,40.352498,-87.375163
Greeley,Greeley County,The Midlands,Nebraska,NE,31077,835860,1475804204,2188872,569.811,0.845,41.567571,-98.530565
Jefferson,Jefferson County,The Midlands,Nebraska,NE,31095,835869,1476754309,14214254,570.178,5.488,40.175736,-97.143103
Saline,Saline County,The Midlands,Nebraska,NE,31151,835897,1486812316,5821039,574.061,2.248,40.516802,-97.131755
Knott,Knott County,Greater Appalachia,Kentucky,KY,21119,516906,910427584,3453303,351.518,1.333,37.354368,-82.952546
Clinton,Clinton County,Yankeedom,Iowa,IA,19045,465211,1799934696,39410955,694.959,15.217,41.898073,-90.534243
Jackson,Jackson County,Yankeedom,Minnesota,MN,27063,659477,1820689892,42120424,702.972,16.263,43.671111,-95.149731
Dodge,Dodge County,Yankeedom,Minnesota,MN,27039,659465,1137734301,800218,439.282,0.309,44.020706,-92.869353
Freeborn,Freeborn County,Yankeedom,Minnesota,MN,27047,659469,1831756443,39305226,707.245,15.176,43.674202,-93.350289
Calaveras,Calaveras County,The Far West,California,CA,06009,1675885,2641837359,43789489,1020.019,16.907,38.191068,-120.554107
Barnstable,Barnstable County,Yankeedom,Massachusetts,MA,25001,606927,1021028238,2360307750,394.221,911.32,41.706123,-70.164823
Middlesex,Middlesex County,Tidewater,Virginia,VA,51119,1480147,337554148,208310589,130.33,80.429,37.606975,-76.528082
Jefferson,Jefferson County,The Midlands,Pennsylvania,PA,42065,1213674,1689799787,11306232,652.435,4.365,41.138028,-79.012419
Lake,Lake County,Yankeedom,Indiana,IN,18089,450495,1291702720,331279861,498.729,127.908,41.472247,-87.374337
Bedford,Bedford County,Greater Appalachia,Tennessee,TN,47003,1639723,1226719748,2980759,473.639,1.151,35.51366,-86.458294
Clay,Clay County,Greater Appalachia,Tennessee,TN,47027,1648573,612626871,59070611,236.537,22.807,36.545749,-85.545717
Coles,Coles County,Greater Appalachia,Illinois,IL,17029,424216,1316418028,4650074,508.272,1.795,39.51368,-88.220782
Lauderdale,Lauderdale County,Deep South,Tennessee,TN,47097,1639763,1222203226,80251266,471.895,30.985,35.762951,-89.627732
Baker,Baker County,The Far West,Oregon,OR,41001,1135845,7945996788,51832631,3067.967,20.013,44.703427,-117.691933
Schuyler,Schuyler County,Yankeedom,New York,NY,36097,974146,850405404,36246373,328.343,13.995,42.419776,-76.938603
Van Buren,Van Buren County,Yankeedom,Michigan,MI,26159,1623020,1574177246,1248660328,607.793,482.11,42.28215,-86.306076
Mercer,Mercer County,The Midlands,Illinois,IL,17131,1784750,1453604391,19411909,561.24,7.495,41.205605,-90.74177
Lawrence,Lawrence County,Greater Appalachia,Kentucky,KY,21127,516910,1076387821,11582519,415.596,4.472,38.074453,-82.73829
Morgan,Morgan County,Greater Appalachia,Kentucky,KY,21175,516934,987114235,6889951,381.127,2.66,37.92294,-83.258944
Muhlenberg,Muhlenberg County,Greater Appalachia,Kentucky,KY,21177,516935,1210451479,31188648,467.358,12.042,37.213816,-87.134092
Effingham,Effingham County,Greater Appalachia,Illinois,IL,17049,424226,1240005834,3174583,478.769,1.226,39.047945,-88.592849
Loudon,Loudon County,Greater Appalachia,Tennessee,TN,47105,1639767,593811372,46869994,229.272,18.097,35.735085,-84.314085
Clark,Clark County,The Midlands,South Dakota,SD,46025,1266985,2479944305,25864874,957.512,9.986,44.855211,-97.724912
Gilchrist,Gilchrist County,Deep South,Florida,FL,12041,303633,905705571,14362143,349.695,5.545,29.723456,-82.795801
Tippecanoe,Tippecanoe County,Greater Appalachia,Indiana,IN,18157,450393,1292163451,11230872,498.907,4.336,40.389133,-86.893554
Snyder,Snyder County,The Midlands,Pennsylvania,PA,42109,1213686,851547199,7158854,328.784,2.764,40.755407,-77.072929
Lamar,Lamar County,Greater Appalachia,Texas,TX,48277,1383925,2349976646,66748710,907.331,25.772,33.667263,-95.570348
Miami-Dade,Miami-Dade County,Part of the Spanish Caribbean,Florida,FL,12086,295755,4920728991,1267583864,1899.904,489.417,25.616009,-80.50375
Dundy,Dundy County,The Far West,Nebraska,NE,31057,835850,2381956204,3046331,919.678,1.176,40.180165,-101.681133
Leon,Leon County,Deep South,Texas,TX,48289,1383930,2779462026,19328383,1073.156,7.463,31.300493,-95.995622
Pitkin,Pitkin County,The Far West,Colorado,CO,08097,198164,2514104905,6472577,970.701,2.499,39.217541,-106.916162
Grand Forks,Grand Forks County,Yankeedom,North Dakota,ND,38035,1034218,3719806628,8267352,1436.225,3.192,47.926003,-97.450851
LaPorte,LaPorte County,Yankeedom,Indiana,IN,18091,450507,1549555244,38779440,598.287,14.973,41.549013,-86.744739
Hamilton,Hamilton County,Greater Appalachia,Indiana,IN,18057,450356,1021431273,20952876,394.377,8.09,40.053513,-86.021709
Emporia,Emporia city,Tidewater,Virginia,VA,51595,1498422,17881071,165621,6.904,0.064,36.696182,-77.535975
Lincoln,Lincoln County,Greater Appalachia,Oklahoma,OK,40081,1101828,2466633022,34719802,952.372,13.405,35.703117,-96.881392
Greeley,Greeley County,The Far West,Kansas,KS,20071,485002,2016057907,0,778.404,0,38.480404,-101.80597
Harris,Harris County,Deep South,Georgia,GA,13145,326700,1201240346,23711353,463.802,9.155,32.731549,-84.912432
Screven,Screven County,Deep South,Georgia,GA,13251,350204,1672556593,26135835,645.778,10.091,32.744751,-81.617585
Stonewall,Stonewall County,Greater Appalachia,Texas,TX,48433,1384002,2373238700,10177387,916.313,3.93,33.17958,-100.253807
Henry,Henry County,The Midlands,Ohio,OH,39069,1074047,1077461417,9687647,416.01,3.74,41.331584,-84.0689
Grafton,Grafton County,Yankeedom,New Hampshire,NH,33009,873178,4425249894,106463952,1708.599,41.106,43.926439,-71.842424
Newton,Newton County,Greater Appalachia,Missouri,MO,29145,758527,1618106506,4715004,624.754,1.82,36.908371,-94.335034
Posey,Posey County,Greater Appalachia,Indiana,IN,18129,450383,1060302147,26505383,409.385,10.234,38.027614,-87.868653
McMullen,McMullen County,El Norte,Texas,TX,48311,1383947,2952066567,43985124,1139.799,16.983,28.384922,-98.578853
Cumberland,Cumberland County,Greater Appalachia,Illinois,IL,17035,424219,895989975,2538006,345.944,0.98,39.273121,-88.240619
Walton,Walton County,Deep South,Georgia,GA,13297,351264,846461373,8234387,326.821,3.179,33.783887,-83.731829
Pope,Pope County,Yankeedom,Minnesota,MN,27121,659506,1734089839,123219751,669.536,47.575,45.589623,-95.446705
Rappahannock,Rappahannock County,Tidewater,Virginia,VA,51157,1673976,689900922,2142396,266.372,0.827,38.684522,-78.168824
Amherst,Amherst County,Greater Appalachia,Virginia,VA,51009,1480095,1227554631,12898694,473.962,4.98,37.629304,-79.154667
Ventura,Ventura County,El Norte,California,CA,06111,277320,4767622152,947345735,1840.789,365.772,34.358748,-119.133145
Crawford,Crawford County,Greater Appalachia,Illinois,IL,17033,424218,1149031261,5744821,443.643,2.218,39.002787,-87.760619
Park,Park County,The Far West,Colorado,CO,08093,198162,5681165604,43519329,2193.51,16.803,39.118914,-105.717648
Los Angeles,Los Angeles County,El Norte,California,CA,06037,277283,10513491099,1787501506,4059.282,690.158,34.196398,-118.261862
Yuma,Yuma County,El Norte,Arizona,AZ,04027,23901,14280774789,13253159,5513.838,5.117,32.773942,-113.910905
Gordon,Gordon County,Greater Appalachia,Georgia,GA,13129,356672,923182601,5729235,356.443,2.212,34.509667,-84.873862
Calhoun,Calhoun County,The Midlands,Iowa,IA,19025,465202,1475894578,5873827,569.846,2.268,42.38617,-94.643683
Highlands,Highlands County,Deep South,Florida,FL,12055,295756,2635726544,230667884,1017.66,89.061,27.34108,-81.342353
Covington,Covington city,Greater Appalachia,Virginia,VA,51580,1789069,14163842,521492,5.469,0.201,37.78106,-79.985434
Orange,Orange County,Yankeedom,Vermont,VT,50017,1461765,1779816925,12026595,687.191,4.643,44.003349,-72.369464
McPherson,McPherson County,The Midlands,Kansas,KS,20113,485021,2326547430,6003328,898.285,2.318,38.395812,-97.647489
Pinal,Pinal County,El Norte,Arizona,AZ,04021,25447,13897997152,22344374,5366.047,8.627,32.918521,-111.36634
Fulton,Fulton County,The Midlands,Ohio,OH,39051,1074038,1050103237,4586248,405.447,1.771,41.597264,-84.124267
Alamosa,Alamosa County,El Norte,Colorado,CO,08003,198117,1871643031,1670455,722.645,0.645,37.568442,-105.788041
Citrus,Citrus County,Deep South,Florida,FL,12017,295752,1507161659,981147323,581.918,378.823,28.850292,-82.595552
DeKalb,DeKalb County,Greater Appalachia,Tennessee,TN,47041,1639738,788430955,63639368,304.415,24.571,35.982219,-85.833596
Clarion,Clarion County,The Midlands,Pennsylvania,PA,42031,1210234,1556156259,23331583,600.835,9.008,41.198159,-79.420369
Miner,Miner County,The Midlands,South Dakota,SD,46097,1265777,1476734132,4537900,570.17,1.752,44.021541,-97.608122
Jerauld,Jerauld County,The Midlands,South Dakota,SD,46073,1265778,1362677265,16727973,526.133,6.459,44.06341,-98.62317
Decatur,Decatur County,Greater Appalachia,Indiana,IN,18031,450345,964946132,1955432,372.568,0.755,39.30598,-85.499831
Dubois,Dubois County,Greater Appalachia,Indiana,IN,18037,451675,1106611837,20897444,427.265,8.069,38.373344,-86.873385
Essex,Essex County,Tidewater,Virginia,VA,51057,1480118,666494453,74795284,257.335,28.879,37.936389,-76.933747
Williamsburg,Williamsburg County,Deep South,South Carolina,SC,45089,1248018,2419477521,7461492,934.166,2.881,33.626462,-79.716474
Essex,Essex County,Yankeedom,New York,NY,36031,974114,4646753187,316350557,1794.122,122.144,44.109601,-73.778431
Worth,Worth County,Yankeedom,Iowa,IA,19195,465286,1036314932,4709127,400.123,1.818,43.373491,-93.248533
Hughes,Hughes County,Greater Appalachia,Oklahoma,OK,40063,1101819,2083569822,26467409,804.471,10.219,35.052934,-96.251183
Buchanan,Buchanan County,Greater Appalachia,Virginia,VA,51027,1497431,1302386895,2804450,502.854,1.083,37.26812,-82.038151
Alleghany,Alleghany County,Greater Appalachia,Virginia,VA,51005,1673675,1156616591,8162741,446.572,3.152,37.787905,-80.008669
Lowndes,Lowndes County,Deep South,Mississippi,MS,28087,695767,1309092529,28545194,505.443,11.021,33.471424,-88.439723
Scott,Scott County,Greater Appalachia,Indiana,IN,18143,450386,493140245,6074951,190.403,2.346,38.679431,-85.751898
Prowers,Prowers County,The Far West,Colorado,CO,08099,198165,4243457240,15317423,1638.408,5.914,37.958181,-102.392161
Sutton,Sutton County,Greater Appalachia,Texas,TX,48435,1384003,3765674775,1277066,1453.935,0.493,30.522185,-100.513359
Muskogee,Muskogee County,Greater Appalachia,Oklahoma,OK,40101,1101838,2099505291,76120773,810.624,29.39,35.617551,-95.383911
Christian,Christian County,Greater Appalachia,Missouri,MO,29043,758476,1457099562,3049206,562.589,1.177,36.969739,-93.187614
Lamar,Lamar County,Deep South,Mississippi,MS,28073,695760,1286109795,8871408,496.57,3.425,31.197586,-89.506369
Ripley,Ripley County,Greater Appalachia,Indiana,IN,18137,450385,1156231104,4243112,446.423,1.638,39.100226,-85.260494
Mercer,Mercer County,The Far West,North Dakota,ND,38057,1034233,2700790007,180823534,1042.781,69.816,47.307147,-101.833328
Hart,Hart County,Greater Appalachia,Georgia,GA,13147,1687995,601970613,63521436,232.422,24.526,34.348733,-82.96329
Jackson,Jackson Parish,Deep South,Louisiana,LA,22049,558592,1474681465,28647417,569.378,11.061,32.30429,-92.5617
Northumberland,Northumberland County,Tidewater,Virginia,VA,51133,1480152,495805446,243886813,191.432,94.165,37.856974,-76.379687
Fort Bend,Fort Bend County,Deep South,Texas,TX,48157,1383864,2231836834,60950681,861.717,23.533,29.526602,-95.771015
Green Lake,Green Lake County,Yankeedom,Wisconsin,WI,55047,1581083,905314776,79202664,349.544,30.58,43.780247,-88.97038
Pondera,Pondera County,The Far West,Montana,MT,30073,1719587,4207608375,43980663,1624.567,16.981,48.228604,-112.220761
Walworth,Walworth County,Yankeedom,Wisconsin,WI,55127,1581123,1438448435,54928965,555.388,21.208,42.66811,-88.541731
Mineral,Mineral County,The Far West,Nevada,NV,32021,858644,9715777470,155864513,3751.283,60.18,38.516647,-118.416279
Fulton,Fulton County,Greater Appalachia,Illinois,IL,17057,424230,2242109646,43927383,865.683,16.96,40.46524,-90.202269
Suffolk,Suffolk County,Yankeedom,New York,NY,36103,974149,2359930478,3786764809,911.174,1462.078,40.943554,-72.692218
Union,Union County,Greater Appalachia,Indiana,IN,18161,450395,417480470,10326625,161.19,3.987,39.623111,-84.925152
McDonald,McDonald County,Greater Appalachia,Missouri,MO,29119,758518,1397155452,520251,539.445,0.201,36.627955,-94.343716
Scotts Bluff,Scotts Bluff County,The Far West,Nebraska,NE,31157,835900,1915576081,15402683,739.608,5.947,41.850331,-103.701549
San Miguel,San Miguel County,El Norte,New Mexico,NM,35047,929114,12228666259,51380263,4721.515,19.838,35.476859,-104.803519
Lee,Lee County,Deep South,Alabama,AL,01081,161566,1573528082,21515484,607.543,8.307,32.604064,-85.353048
Parker,Parker County,Greater Appalachia,Texas,TX,48367,1383969,2340624021,16510094,903.72,6.375,32.777096,-97.805905
Dickey,Dickey County,The Midlands,North Dakota,ND,38021,1035622,2930554406,27619632,1131.493,10.664,46.107756,-98.496518
Barnes,Barnes County,Yankeedom,North Dakota,ND,38003,1034225,3863118053,56580900,1491.558,21.846,46.94255,-98.070195
Sibley,Sibley County,Yankeedom,Minnesota,MN,27143,659516,1525073958,30338002,588.834,11.714,44.575734,-94.230123
Upson,Upson County,Deep South,Georgia,GA,13293,346759,837774876,10585407,323.467,4.087,32.881837,-84.292283
Sonoma,Sonoma County,The Left Coast,California,CA,06097,1657246,4080862341,498084088,1575.63,192.311,38.525182,-122.92611
Chippewa,Chippewa County,Yankeedom,Michigan,MI,26033,1622959,4036515583,2952489040,1558.507,1139.962,46.321819,-84.52063
Bonneville,Bonneville County,The Far West,Idaho,ID,16019,395407,4832872003,88855960,1865.982,34.307,43.395171,-111.621878
Barrow,Barrow County,Greater Appalachia,Georgia,GA,13013,356976,417082919,4909580,161.037,1.896,33.992009,-83.712303
Long,Long County,Deep South,Georgia,GA,13183,326719,1037006567,8862019,400.39,3.422,31.749563,-81.74287
Kinney,Kinney County,El Norte,Texas,TX,48271,1383921,3523765247,11885327,1360.533,4.589,29.347086,-100.4177
Ottawa,Ottawa County,Greater Appalachia,Oklahoma,OK,40115,1101845,1219410534,35714103,470.817,13.789,36.835764,-94.802681
Clearfield,Clearfield County,The Midlands,Pennsylvania,PA,42033,1209175,2966379119,23934013,1145.325,9.241,41.006862,-78.477724
Clinton,Clinton County,Yankeedom,Michigan,MI,26037,1622961,1466836593,21279015,566.349,8.216,42.950455,-84.591695
Montgomery,Montgomery County,Greater Appalachia,Illinois,IL,17135,1784866,1822740452,15459874,703.764,5.969,39.228068,-89.478141
Alcorn,Alcorn County,Greater Appalachia,Mississippi,MS,28003,711755,1036110409,3408033,400.044,1.316,34.886569,-88.581109
Lafayette,Lafayette County,Deep South,Mississippi,MS,28071,695759,1636088509,123105438,631.697,47.531,34.353078,-89.485385
Grant,Grant Parish,Deep South,Louisiana,LA,22043,558567,1665848458,56005520,643.188,21.624,31.597787,-92.561716
Atchison,Atchison County,The Midlands,Missouri,MO,29005,758457,1417462629,7359186,547.285,2.841,40.431846,-95.437555
Macon,Macon County,Greater Appalachia,Illinois,IL,17115,424256,1503684112,13406665,580.576,5.176,39.860237,-88.961529
St. Joseph,St. Joseph County,Yankeedom,Michigan,MI,26149,1625034,1296536371,52915577,500.596,20.431,41.911488,-85.52287
Franklin,Franklin County,Greater Appalachia,Illinois,IL,17055,424229,1059109158,58397116,408.924,22.547,37.991852,-88.926321
Garfield,Garfield County,The Far West,Montana,MT,30033,1716058,12112233250,446864356,4676.56,172.535,47.267184,-106.995991
Adams,Adams County,The Midlands,Nebraska,NE,31001,835823,1458872837,2477681,563.274,0.957,40.520632,-98.500044
Olmsted,Olmsted County,Yankeedom,Minnesota,MN,27109,659500,1692589218,3226186,653.512,1.246,43.999499,-92.410098
Union,Union County,Yankeedom,New Jersey,NJ,34039,882235,266163567,6847407,102.766,2.644,40.659871,-74.308696
Mobile,Mobile County,Deep South,Alabama,AL,01097,161575,3184064139,1074011171,1229.374,414.678,30.684572,-88.196568
McCook,McCook County,The Midlands,South Dakota,SD,46087,1265773,1487184881,6895715,574.205,2.662,43.680416,-97.358048
Fayette,Fayette County,Greater Appalachia,Alabama,AL,01057,161554,1625693254,4330881,627.684,1.672,33.716157,-87.764292
Chambers,Chambers County,Deep South,Alabama,AL,01017,161534,1545085601,16971700,596.561,6.553,32.915504,-85.394032
Northampton,Northampton County,Tidewater,North Carolina,NC,37131,1008575,1390032558,35891384,536.695,13.858,36.421774,-77.398352
Moffat,Moffat County,The Far West,Colorado,CO,08081,198156,12284943821,19803411,4743.244,7.646,40.610864,-108.217154
Green,Green County,Greater Appalachia,Kentucky,KY,21087,516890,740863433,7102447,286.049,2.742,37.278065,-85.537925
Franklin,Franklin County,Greater Appalachia,Indiana,IN,18047,450352,995658281,17155846,384.426,6.624,39.409762,-85.066964
Beaufort,Beaufort County,Tidewater,North Carolina,NC,37013,1026333,2156776424,336988229,832.736,130.112,35.482313,-76.842014
Burleigh,Burleigh County,The Far West,North Dakota,ND,38015,1035614,4228659158,92691317,1632.694,35.788,46.978829,-100.469533
Rowan,Rowan County,Greater Appalachia,North Carolina,NC,37159,1008583,1325058763,31968195,511.608,12.343,35.641355,-80.521721
Iron,Iron County,Yankeedom,Michigan,MI,26071,1622978,3019919276,116800609,1165.997,45.097,46.170254,-88.540526
Kandiyohi,Kandiyohi County,Yankeedom,Minnesota,MN,27067,659479,2065187146,168286642,797.373,64.976,45.152714,-95.004981
Wolfe,Wolfe County,Greater Appalachia,Kentucky,KY,21237,516965,575419135,1505160,222.171,0.581,37.743893,-83.49511
Fayette,Fayette County,Deep South,Texas,TX,48149,1383860,2460316903,25574662,949.934,9.874,29.877886,-96.921231
Lawrence,Lawrence County,The Far West,South Dakota,SD,46081,1266996,2072127354,667509,800.053,0.258,44.348514,-103.806362
Washington,Washington County,Yankeedom,Maine,ME,23029,581300,6637440977,1799875488,2562.73,694.936,44.967009,-67.609354
Briscoe,Briscoe County,Greater Appalachia,Texas,TX,48045,1383808,2330991073,4068657,900.001,1.571,34.525172,-101.205893
Ontonagon,Ontonagon County,Yankeedom,Michigan,MI,26131,1623008,3395416183,6292279424,1310.978,2429.463,46.835325,-89.276912
Carroll,Carroll County,Deep South,Mississippi,MS,28015,695732,1627517127,16050556,628.388,6.197,33.440795,-89.918887
Benton,Benton County,The Left Coast,Oregon,OR,41003,1155126,1748712468,7740248,675.182,2.989,44.493882,-123.424664
Rock,Rock County,Yankeedom,Minnesota,MN,27133,659512,1249562287,698231,482.459,0.27,43.669587,-96.263238
Indiana,Indiana County,The Midlands,Pennsylvania,PA,42063,1213673,2142965919,18089072,827.404,6.984,40.651432,-79.087545
Lincoln,Lincoln Parish,Deep South,Louisiana,LA,22061,558077,1221532395,1897706,471.636,0.733,32.601823,-92.662303
Perry,Perry County,The Midlands,Pennsylvania,PA,42099,1213682,1428247558,10591170,551.449,4.089,40.39778,-77.266328
Ziebach,Ziebach County,The Far West,South Dakota,SD,46137,1266993,5079608331,24212305,1961.248,9.348,44.989764,-101.660827
Harrison,Harrison County,Deep South,Texas,TX,48203,1383887,2331141022,40649337,900.059,15.695,32.547991,-94.374434
Baraga,Baraga County,Yankeedom,Michigan,MI,26013,1622949,2326914269,441619528,898.427,170.51,46.695859,-88.36181
Rogers,Rogers County,Greater Appalachia,Oklahoma,OK,40131,1101853,1750176503,92946097,675.747,35.887,36.377794,-95.601383
Boone,Boone County,The Midlands,Missouri,MO,29019,758464,1775575888,14220423,685.554,5.491,38.989861,-92.310202
Caddo,Caddo County,Greater Appalachia,Oklahoma,OK,40015,1101795,3309366441,32099077,1277.754,12.394,35.16792,-98.381045
Jefferson,Jefferson County,The Far West,Colorado,CO,08059,198145,1979735379,25071495,764.38,9.68,39.579511,-105.245462
Cabell,Cabell County,Greater Appalachia,West Virginia,WV,54011,1550012,727845449,18114546,281.023,6.994,38.419578,-82.243397
Reagan,Reagan County,Greater Appalachia,Texas,TX,48383,1383977,3044049120,1792716,1175.314,0.692,31.375191,-101.514395
Van Buren,Van Buren County,Greater Appalachia,Arkansas,AR,05141,69904,1837758471,37208243,709.563,14.366,35.582953,-92.515976
Summit,Summit County,The Far West,Colorado,CO,08117,198174,1575563237,28310936,608.328,10.931,39.621023,-106.137555
Cowley,Cowley County,Greater Appalachia,Kansas,KS,20035,484987,2915648171,17322935,1125.738,6.688,37.234507,-96.837247
Johnson,Johnson County,Greater Appalachia,Arkansas,AR,05071,66863,1711970418,59529094,660.996,22.984,35.573359,-93.466322
Hamilton,Hamilton County,Yankeedom,New York,NY,36041,974119,4447989312,234204424,1717.378,90.427,43.657879,-74.502456
Craig,Craig County,Greater Appalachia,Virginia,VA,51045,1673664,849770438,2793174,328.098,1.078,37.473603,-80.231051
Coleman,Coleman County,Greater Appalachia,Texas,TX,48083,1383827,3270933224,47963343,1262.914,18.519,31.914205,-99.346622
Navajo,Navajo County,The Far West,Arizona,AZ,04017,42808,25769061034,24125807,9949.491,9.315,35.390785,-110.321025
Lincoln,Lincoln County,Deep South,Mississippi,MS,28085,695766,1518269755,5291052,586.207,2.043,31.535216,-90.453566
Ochiltree,Ochiltree County,The Midlands,Texas,TX,48357,1383964,2376792063,1331778,917.685,0.514,36.278744,-100.815864
Crane,Crane County,Greater Appalachia,Texas,TX,48103,1383837,2033319687,1695980,785.069,0.655,31.422796,-102.487774
Big Horn,Big Horn County,The Far West,Wyoming,WY,56003,1605067,8124681751,55228616,3136.957,21.324,44.525117,-107.994848
Hickman,Hickman County,Greater Appalachia,Tennessee,TN,47081,1639756,1586324712,373710,612.483,0.144,35.802327,-87.467116
Tunica,Tunica County,Deep South,Mississippi,MS,28143,695792,1176191638,57012297,454.13,22.013,34.652201,-90.37177
Harrison,Harrison County,The Midlands,Missouri,MO,29081,758495,1871309888,10070644,722.517,3.888,40.34562,-93.992582
Bartholomew,Bartholomew County,Greater Appalachia,Indiana,IN,18005,451683,1053968848,6715105,406.94,2.593,39.205843,-85.897999
Paulding,Paulding County,Greater Appalachia,Georgia,GA,13223,349912,808983871,5212122,312.35,2.012,33.92103,-84.867169
Brown,Brown County,Greater Appalachia,Ohio,OH,39015,1074020,1267911780,8879057,489.543,3.428,38.931377,-83.866772
Putnam,Putnam County,Greater Appalachia,Tennessee,TN,47141,1639783,1038860592,3777708,401.106,1.459,36.14094,-85.49618
Ward,Ward County,The Far West,North Dakota,ND,38101,1034231,5213719156,111244414,2013.028,42.952,48.216686,-101.540537
Worcester,Worcester County,Yankeedom,Massachusetts,MA,25027,606940,3912627580,177366263,1510.674,68.481,42.311693,-71.940282
Logan,Logan County,The Midlands,Ohio,OH,39091,1074058,1187523861,21593253,458.506,8.337,40.387553,-83.766343
Kings,Kings County,The Far West,California,CA,06031,277280,3602601923,3164290,1390.972,1.222,36.072478,-119.81553
San Diego,San Diego County,El Norte,California,CA,06073,277301,10904455257,817317026,4210.234,315.568,33.023604,-116.776117
Crawford,Crawford County,Deep South,Georgia,GA,13079,342918,841524044,3986929,324.914,1.539,32.709428,-83.979187
Cass,Cass County,The Midlands,Missouri,MO,29037,758473,1804223313,14963188,696.615,5.777,38.646474,-94.354547
Dutchess,Dutchess County,Yankeedom,New York,NY,36027,974112,2060721458,76913171,795.649,29.696,41.75477,-73.740041
Washington,Washington County,Deep South,Texas,TX,48477,1384024,1564855485,45471320,604.194,17.557,30.215075,-96.410272
Pueblo,Pueblo County,El Norte,Colorado,CO,08101,198166,6181242644,28941441,2386.591,11.174,38.162765,-104.484668
Douglas,Douglas County,Greater Appalachia,Missouri,MO,29067,758488,2107274104,2520175,813.623,0.973,36.946517,-92.515892
Bottineau,Bottineau County,The Far West,North Dakota,ND,38009,1034227,4322321796,74690378,1668.858,28.838,48.794412,-100.831257
Cumberland,Cumberland County,Deep South,North Carolina,NC,37051,1026124,1690112815,15336702,652.556,5.922,35.050192,-78.828719
Hot Springs,Hot Springs County,The Far West,Wyoming,WY,56017,1605074,5191453508,5100561,2004.431,1.969,43.720209,-108.435076
Alcona,Alcona County,Yankeedom,Michigan,MI,26001,1622943,1747349242,2890404966,674.655,1115.992,44.657509,-83.29458
Placer,Placer County,The Far West,California,CA,06061,277295,3644306224,246466621,1407.075,95.161,39.062032,-120.722718
Searcy,Searcy County,Greater Appalachia,Arkansas,AR,05129,69180,1724501452,6461828,665.834,2.495,35.896387,-92.695888
Lynn,Lynn County,Greater Appalachia,Texas,TX,48305,1383938,2309924847,4169718,891.867,1.61,33.178412,-101.818493
Otsego,Otsego County,Yankeedom,New York,NY,36077,974137,2594487152,36314099,1001.737,14.021,42.629776,-75.028841
Richmond,Richmond County,Deep South,North Carolina,NC,37153,1008581,1226849523,15575098,473.689,6.014,35.004636,-79.755695
Hoke,Hoke County,Deep South,North Carolina,NC,37093,1008563,1010491623,3949309,390.153,1.525,35.017233,-79.241964
Otoe,Otoe County,The Midlands,Nebraska,NE,31131,835887,1594561690,8689332,615.664,3.355,40.637992,-96.131027
Cameron,Cameron County,The Midlands,Pennsylvania,PA,42023,1213663,1026239931,5653230,396.233,2.183,41.438291,-78.198323
Dorchester,Dorchester County,Deep South,South Carolina,SC,45035,1247998,1472652734,6706075,568.594,2.589,33.082186,-80.404697
Waseca,Waseca County,Yankeedom,Minnesota,MN,27161,659525,1096505122,24893714,423.363,9.612,44.01846,-93.589844
Brule,Brule County,The Midlands,South Dakota,SD,46015,1265768,2116594503,75770744,817.222,29.255,43.729873,-99.092909
Warren,Warren County,Greater Appalachia,Tennessee,TN,47177,1639796,1120619165,3524883,432.673,1.361,35.67825,-85.777343
Clark,Clark County,Greater Appalachia,Illinois,IL,17023,424213,1298554904,8771353,501.375,3.387,39.332334,-87.791683
Robertson,Robertson County,Greater Appalachia,Kentucky,KY,21201,516947,258794976,484952,99.921,0.187,38.513473,-84.06423
Lake,Lake County,Deep South,Tennessee,TN,47095,1639762,429381241,72799687,165.785,28.108,36.333905,-89.485536
Berkeley,Berkeley County,Deep South,South Carolina,SC,45015,1247985,2858362692,337375088,1103.62,130.261,33.2077,-79.953655
Garland,Garland County,Greater Appalachia,Arkansas,AR,05051,66855,1755088398,147363106,677.643,56.897,34.578852,-93.146932
Osage,Osage County,The Midlands,Kansas,KS,20139,485033,1827253334,37137002,705.506,14.339,38.650215,-95.708255
Trumbull,Trumbull County,Yankeedom,Ohio,OH,39155,1074089,1600873954,47856112,618.101,18.477,41.306374,-80.7704
Mills,Mills County,Greater Appalachia,Texas,TX,48333,1383952,1937892798,4023558,748.225,1.554,31.494888,-98.594623
Oldham,Oldham County,Greater Appalachia,Texas,TX,48359,1383965,3886337114,2339716,1500.523,0.903,35.401921,-102.59762
Butler,Butler County,The Midlands,Pennsylvania,PA,42019,1213661,2044759924,15994811,789.486,6.176,40.913847,-79.918978
Idaho,Idaho County,The Far West,Idaho,ID,16049,395699,21956620029,67533572,8477.499,26.075,45.849644,-115.467337
Marion,Marion County,The Midlands,Kansas,KS,20115,485022,2445722726,24432825,944.299,9.434,38.359647,-97.102771
Buckingham,Buckingham County,Tidewater,Virginia,VA,51029,1501502,1501215440,9911855,579.623,3.827,37.573928,-78.529169
Cabarrus,Cabarrus County,Greater Appalachia,North Carolina,NC,37025,1008540,935587407,6985702,361.232,2.697,35.388346,-80.552728
Webster,Webster County,Greater Appalachia,Missouri,MO,29225,758565,1534731572,3109281,592.563,1.201,37.280804,-92.87608
Davis,Davis County,The Far West,Utah,UT,49011,1448020,774579558,870614815,299.067,336.146,41.037559,-112.201943
Cottonwood,Cottonwood County,Yankeedom,Minnesota,MN,27033,659462,1657522317,22249932,639.973,8.591,44.010639,-95.183152
Okeechobee,Okeechobee County,Deep South,Florida,FL,12093,295760,1992126184,317924583,769.164,122.751,27.385592,-80.887388
Union,Union County,Greater Appalachia,Georgia,GA,13291,353193,834197317,18082752,322.085,6.982,34.833333,-83.989257
Black Hawk,Black Hawk County,The Midlands,Iowa,IA,19013,465196,1465303205,17928724,565.757,6.922,42.471132,-92.3076
Sabine,Sabine County,Deep South,Texas,TX,48403,1383987,1273523415,219936062,491.71,84.918,31.3433,-93.851913
Pike,Pike County,Greater Appalachia,Ohio,OH,39131,1074078,1140325072,9566957,440.282,3.694,39.071341,-83.052911
Tuscaloosa,Tuscaloosa County,Deep South,Alabama,AL,01125,161588,3420981170,78702314,1320.848,30.387,33.29022,-87.522783
Wilcox,Wilcox County,Deep South,Alabama,AL,01131,161591,2299540559,50592191,887.858,19.534,31.990082,-87.304935
Montgomery,Montgomery County,Deep South,Mississippi,MS,28097,711757,1054074828,2352156,406.981,0.908,33.500714,-89.639625
Kearney,Kearney County,The Midlands,Nebraska,NE,31099,835871,1337063561,274634,516.243,0.106,40.50912,-98.947602
Hitchcock,Hitchcock County,The Far West,Nebraska,NE,31087,835865,1838742669,22103381,709.943,8.534,40.176896,-101.044217
New Castle,New Castle County,The Midlands,Delaware,DE,10003,217270,1104206946,175316802,426.337,67.69,39.575915,-75.644132
Teton,Teton County,The Far West,Idaho,ID,16081,399297,1163139971,2868473,449.091,1.108,43.760994,-111.211765
Rock Island,Rock Island County,The Midlands,Illinois,IL,17161,424282,1107209787,61633885,427.496,23.797,41.468421,-90.572125
Gloucester,Gloucester County,Tidewater,Virginia,VA,51073,1480126,564124714,181747503,217.81,70.173,37.403541,-76.523505
Sevier,Sevier County,Greater Appalachia,Arkansas,AR,05133,69182,1459650889,45919661,563.574,17.73,33.994877,-94.243279
Cass,Cass County,The Midlands,Indiana,IN,18017,450339,1067448391,7002041,412.144,2.704,40.753799,-86.355168
Power,Power County,The Far West,Idaho,ID,16077,394951,3635892401,99205466,1403.826,38.303,42.694126,-112.844407
Carroll,Carroll County,The Midlands,Indiana,IN,18015,450406,964057413,7236323,372.225,2.794,40.58498,-86.565141
Philadelphia,Philadelphia County,The Midlands,Pennsylvania,PA,42101,1209187,347981634,21606282,134.356,8.342,40.009376,-75.133346
Washakie,Washakie County,The Far West,Wyoming,WY,56043,1605085,5798152471,10415890,2238.679,4.022,43.878831,-107.669052
Camden,Camden County,Tidewater,North Carolina,NC,37029,1026335,622452109,181109482,240.33,69.927,36.342344,-76.162488
Tompkins,Tompkins County,Yankeedom,New York,NY,36109,974152,1229316849,43785776,474.642,16.906,42.453006,-76.473483
Jefferson,Jefferson County,Deep South,Arkansas,AR,05069,66862,2259419628,113071689,872.367,43.657,34.277239,-91.929673
Lincoln,Lincoln County,Deep South,Arkansas,AR,05079,66873,1448998822,26693160,559.462,10.306,33.956385,-91.742355
Vernon,Vernon County,Yankeedom,Wisconsin,WI,55123,1581121,2050136139,64289089,791.562,24.822,43.599366,-90.821983
Iron,Iron County,Greater Appalachia,Missouri,MO,29093,758501,1425174278,4665920,550.263,1.802,37.625971,-90.699587
Hopkins,Hopkins County,Greater Appalachia,Texas,TX,48223,1383897,1987636011,65632971,767.431,25.341,33.148967,-95.565434
Albany,Albany County,Yankeedom,New York,NY,36001,974099,1354273421,26971925,522.888,10.414,42.58824,-73.97401
Houston,Houston County,Deep South,Texas,TX,48225,1383898,3188278907,14435337,1231.001,5.574,31.323036,-95.4216
Monroe,Monroe County,Greater Appalachia,Ohio,OH,39111,1074068,1180317743,4495411,455.723,1.736,39.726253,-81.090983
Rush,Rush County,The Far West,Kansas,KS,20165,485358,1858997559,544720,717.763,0.21,38.523596,-99.309184
Montgomery,Montgomery County,Greater Appalachia,Indiana,IN,18107,450374,1307030255,2067987,504.647,0.798,40.040296,-86.892715
Stanton,Stanton County,The Far West,Kansas,KS,20187,485055,1762103387,178555,680.352,0.069,37.565932,-101.789383
Lee,Lee County,Greater Appalachia,Kentucky,KY,21129,516911,540942120,6215041,208.859,2.4,37.608116,-83.719248
Koochiching,Koochiching County,Yankeedom,Minnesota,MN,27071,659481,8040895433,132735376,3104.607,51.249,48.245374,-93.782896
Bexar,Bexar County,El Norte,Texas,TX,48029,1383800,3212413223,40802184,1240.32,15.754,29.448671,-98.520147
Boulder,Boulder County,The Far West,Colorado,CO,08013,198122,1881324131,36486613,726.383,14.088,40.094962,-105.397704
Jefferson,Jefferson County,Greater Appalachia,Tennessee,TN,47089,1639759,712435044,101640417,275.073,39.244,36.048338,-83.441143
Mayes,Mayes County,Greater Appalachia,Oklahoma,OK,40097,1101833,1697465421,72894996,655.395,28.145,36.303804,-95.235638
Watonwan,Watonwan County,Yankeedom,Minnesota,MN,27165,659527,1126508687,12387832,434.947,4.783,43.978109,-94.613798
Blaine,Blaine County,The Far West,Idaho,ID,16013,395696,6831709646,44656616,2637.738,17.242,43.394192,-113.955371
Jefferson Davis,Jefferson Davis Parish,New France,Louisiana,LA,22053,558039,1687430131,18666917,651.52,7.207,30.269529,-92.816221
Sully,Sully County,The Far West,South Dakota,SD,46119,1266982,2607411018,164375674,1006.727,63.466,44.722325,-100.131399
Denver,Denver County,The Far West,Colorado,CO,08031,198131,396463432,4275563,153.075,1.651,39.76185,-104.881105
Coal,Coal County,Greater Appalachia,Oklahoma,OK,40029,1101802,1338430448,12080006,516.771,4.664,34.582861,-96.288039
Carter,Carter County,The Far West,Montana,MT,30011,1688746,8651796246,19503322,3340.477,7.53,45.516825,-104.515324
Upton,Upton County,Greater Appalachia,Texas,TX,48461,1384016,3215010598,464309,1241.323,0.179,31.353816,-102.041546
Gibson,Gibson County,Greater Appalachia,Indiana,IN,18051,450354,1262317070,30903211,487.383,11.932,38.317398,-87.580523
Kimball,Kimball County,The Far West,Nebraska,NE,31105,835874,2465517096,1448446,951.942,0.559,41.199274,-103.703153
Kendall,Kendall County,The Midlands,Illinois,IL,17093,424248,829412776,5136525,320.238,1.983,41.58814,-88.430626
District of Columbia,District of Columbia,Tidewater,District of Columbia,DC,11001,1702382,158316124,18709762,61.126,7.224,38.904247,-77.016517
Montrose,Montrose County,The Far West,Colorado,CO,08085,198158,5804023554,4923260,2240.946,1.901,38.407507,-108.266282
Wright,Wright County,Yankeedom,Minnesota,MN,27171,659530,1712395099,137650955,661.159,53.147,45.175091,-93.966396
Kenosha,Kenosha County,Yankeedom,Wisconsin,WI,55059,1581089,704054452,1248862087,271.837,482.188,42.585882,-87.876398
Eagle,Eagle County,The Far West,Colorado,CO,08037,198134,4362754513,18970351,1684.469,7.324,39.626992,-106.695169
San Francisco,San Francisco County,The Left Coast,California,CA,06075,277302,121507089,479146790,46.914,185,37.727239,-123.032229
San Miguel,San Miguel County,The Far West,Colorado,CO,08113,198172,3332602595,5207582,1286.725,2.011,38.009319,-108.427263
St. Johns,St. Johns County,Deep South,Florida,FL,12109,308371,1555661651,572103225,600.644,220.89,29.890487,-81.40004
Choctaw,Choctaw County,Deep South,Mississippi,MS,28019,695734,1083124493,4295928,418.197,1.659,33.345964,-89.251332
Grundy,Grundy County,The Midlands,Missouri,MO,29079,758494,1127403258,7116081,435.293,2.748,40.112541,-93.565054
Lake,Lake County,Yankeedom,Michigan,MI,26085,1622985,1470054605,17489708,567.591,6.753,43.995187,-85.8114
Ottawa,Ottawa County,Yankeedom,Michigan,MI,26139,1623012,1459508868,2765824533,563.52,1067.891,43.054969,-86.219349
Cook,Cook County,Yankeedom,Illinois,IL,17031,1784766,2447350649,1786331385,944.927,689.706,41.894294,-87.645455
Gallatin,Gallatin County,Greater Appalachia,Illinois,IL,17059,424231,836413648,13357002,322.941,5.157,37.768677,-88.227964
Greenwood,Greenwood County,Deep South,South Carolina,SC,45047,1248003,1180009081,21260069,455.604,8.209,34.155796,-82.127876
Franklin,Franklin County,The Midlands,Kansas,KS,20059,484998,1480882204,13893465,571.772,5.364,38.558019,-95.278962
Clay,Clay County,Yankeedom,Minnesota,MN,27027,659459,2706993098,19303394,1045.176,7.453,46.898377,-96.494901
Haywood,Haywood County,Deep South,Tennessee,TN,47075,1639753,1380741528,2472509,533.107,0.955,35.586678,-89.282691
Box Elder,Box Elder County,The Far West,Utah,UT,49003,1455966,14881028167,2547651538,5745.597,983.654,41.622623,-113.060252
Tippah,Tippah County,Greater Appalachia,Mississippi,MS,28139,695790,1185754676,5522228,457.822,2.132,34.763618,-88.918819
Marshall,Marshall County,Greater Appalachia,West Virginia,WV,54051,1717539,791063472,17411505,305.431,6.723,39.854426,-80.671794
Jackson,Jackson County,Greater Appalachia,West Virginia,WV,54035,1559963,1202685109,18828941,464.359,7.27,38.834234,-81.677717
Elmore,Elmore County,The Far West,Idaho,ID,16039,400252,7964417374,68330393,3075.079,26.383,43.394698,-115.471205
Baltimore,Baltimore County,The Midlands,Maryland,MD,24005,1695314,1549740654,215957832,598.358,83.382,39.443167,-76.616569
Benson,Benson County,The Midlands,North Dakota,ND,38005,1034216,3596341058,131678182,1388.555,50.841,48.071743,-99.351152
Pike,Pike County,Greater Appalachia,Missouri,MO,29163,758536,1736428525,36976721,670.439,14.277,39.339959,-91.171607
Lawrence,Lawrence County,Greater Appalachia,Ohio,OH,39087,1074056,1174282178,10029914,453.393,3.873,38.603866,-82.517186
Scott,Scott County,Greater Appalachia,Missouri,MO,29201,758553,1087808789,15175233,420.005,5.859,37.047793,-89.568098
Adams,Adams County,Greater Appalachia,Ohio,OH,39001,1074014,1512221266,6250108,583.872,2.413,38.834468,-83.478082
Erath,Erath County,Greater Appalachia,Texas,TX,48143,1383857,2805419702,17166728,1083.179,6.628,32.236661,-98.220507
Habersham,Habersham County,Greater Appalachia,Georgia,GA,13137,351383,717083984,5669790,276.868,2.189,34.634392,-83.525875
Wilkinson,Wilkinson County,Deep South,Georgia,GA,13319,346824,1163459876,7084800,449.214,2.735,32.804266,-83.175512
Monongalia,Monongalia County,Greater Appalachia,West Virginia,WV,54061,1550037,932632923,14991505,360.092,5.788,39.633645,-80.059074
Crawford,Crawford County,The Midlands,Ohio,OH,39033,1074029,1040619652,2359514,401.786,0.911,40.848524,-82.924783
DeSoto,DeSoto County,Deep South,Florida,FL,12027,294452,1649031791,6243548,636.695,2.411,27.190581,-81.806253
New London,New London County,Yankeedom,Connecticut,CT,09011,212799,1722511318,276863144,665.065,106.897,41.472652,-72.108634
Guernsey,Guernsey County,The Midlands,Ohio,OH,39059,1074042,1352631217,15666081,522.254,6.049,40.056665,-81.497875
Barry,Barry County,Yankeedom,Michigan,MI,26015,1622950,1432533250,61999499,553.104,23.938,42.582811,-85.31455
Stone,Stone County,Greater Appalachia,Missouri,MO,29209,758557,1201303092,121184921,463.826,46.79,36.745822,-93.457842
Richmond,Richmond city,Tidewater,Virginia,VA,51760,1789073,155205067,6849165,59.925,2.644,37.531399,-77.476009
Stokes,Stokes County,Greater Appalachia,North Carolina,NC,37169,1008586,1163797562,17578802,449.345,6.787,36.393797,-80.269921
Clarke,Clarke County,The Midlands,Iowa,IA,19039,465209,1116573604,1524746,431.111,0.589,41.029726,-93.785259
Fayette,Fayette County,The Midlands,Iowa,IA,19065,465221,1892806735,1354955,730.817,0.523,42.864122,-91.840376
Marin,Marin County,The Left Coast,California,CA,06041,277285,1347889807,797077678,520.423,307.753,38.051367,-122.746396
Randall,Randall County,Greater Appalachia,Texas,TX,48381,1383976,2363909277,25203161,912.711,9.731,34.962529,-101.895547
Rusk,Rusk County,Deep South,Texas,TX,48401,1383986,2393663219,37217198,924.199,14.37,32.109423,-94.756382
Warren,Warren County,The Midlands,Iowa,IA,19181,465279,1475870257,9099930,569.837,3.514,41.332446,-93.568751
Van Wert,Van Wert County,The Midlands,Ohio,OH,39161,1074092,1059692855,3287921,409.15,1.269,40.85552,-84.585775
Glades,Glades County,Deep South,Florida,FL,12043,295743,2089659345,467293938,806.822,180.423,26.95481,-81.19082
Meriwether,Meriwether County,Deep South,Georgia,GA,13199,346892,1297342106,10832501,500.907,4.182,33.029267,-84.667058
Costilla,Costilla County,El Norte,Colorado,CO,08023,198127,3179452300,8828906,1227.593,3.409,37.277547,-105.42894
Coryell,Coryell County,Greater Appalachia,Texas,TX,48099,1383835,2725308519,11833644,1052.248,4.569,31.391177,-97.798022
Adair,Adair County,The Midlands,Iowa,IA,19001,465190,1474404201,2597996,569.271,1.003,41.328528,-94.478164
Chattahoochee,Chattahoochee County,Deep South,Georgia,GA,13053,351012,644225830,6277089,248.737,2.424,32.347445,-84.788021
Mariposa,Mariposa County,The Far West,California,CA,06043,277286,3752476985,36220865,1448.84,13.985,37.574343,-119.911721
Howard,Howard County,The Midlands,Missouri,MO,29089,758499,1201239501,19852372,463.801,7.665,39.143365,-92.695926
Marion,Marion County,The Left Coast,Oregon,OR,41047,1135859,3059028016,26557042,1181.097,10.254,44.900898,-122.57626
Milwaukee,Milwaukee County,Yankeedom,Wisconsin,WI,55079,1581100,625435295,2455388924,241.482,948.031,42.912643,-87.862312
Scott,Scott County,Yankeedom,Minnesota,MN,27139,659514,922742777,31378277,356.273,12.115,44.651805,-93.533731
Pickaway,Pickaway County,Greater Appalachia,Ohio,OH,39129,1074077,1298175095,13790234,501.228,5.324,39.648947,-83.052827
Powhatan,Powhatan County,Tidewater,Virginia,VA,51145,1674225,673921283,5444168,260.202,2.102,37.549404,-77.912855
Broomfield,Broomfield County,The Far West,Colorado,CO,08014,1945881,85386686,1502572,32.968,0.58,39.953593,-105.050787
Lawrence,Lawrence County,Greater Appalachia,Tennessee,TN,47099,1639764,1598359119,2218403,617.13,0.857,35.220476,-87.396546
Antrim,Antrim County,Yankeedom,Michigan,MI,26009,1622947,1232002675,326536774,475.679,126.077,45.005455,-85.175639
Marlboro,Marlboro County,Deep South,South Carolina,SC,45069,1248011,1242867261,14489019,479.874,5.594,34.60167,-79.679435
Benewah,Benewah County,The Far West,Idaho,ID,16009,395190,2012242914,18803193,776.931,7.26,47.218451,-116.633541
Lee,Lee County,Yankeedom,Illinois,IL,17103,424253,1877189070,9732924,724.787,3.758,41.747447,-89.299362
Nemaha,Nemaha County,The Midlands,Nebraska,NE,31127,835885,1055100613,5769944,407.377,2.228,40.387389,-95.852721
Carteret,Carteret County,Tidewater,North Carolina,NC,37031,1026337,1314689449,2131061128,507.604,822.807,34.858343,-76.53586
Pottawatomie,Pottawatomie County,The Midlands,Kansas,KS,20149,485038,2177507162,54149295,840.74,20.907,39.382187,-96.337113
Jackson,Jackson County,Yankeedom,Michigan,MI,26075,1622980,1817904856,55933446,701.897,21.596,42.248474,-84.420868
Comal,Comal County,Greater Appalachia,Texas,TX,48091,1383831,1449171061,39766953,559.528,15.354,29.812377,-98.258129
Nantucket,Nantucket County,Yankeedom,Massachusetts,MA,25019,606936,119637319,666826424,46.192,257.463,41.293392,-70.102164
Bamberg,Bamberg County,Deep South,South Carolina,SC,45009,1247982,1018815104,5686290,393.367,2.195,33.203021,-81.053161
Aransas,Aransas County,El Norte,Texas,TX,48007,1383789,652856780,714538201,252.069,275.885,28.122621,-96.967501
Berrien,Berrien County,Deep South,Georgia,GA,13019,326638,1174239566,11671125,453.376,4.506,31.288652,-83.22787
Vermillion,Vermillion County,Greater Appalachia,Indiana,IN,18165,450397,665275343,7895064,256.864,3.048,39.854045,-87.462071
Roscommon,Roscommon County,Yankeedom,Michigan,MI,26143,1623014,1346526239,155723123,519.897,60.125,44.339517,-84.611271
Alleghany,Alleghany County,Greater Appalachia,North Carolina,NC,37005,1008533,608220280,3687222,234.835,1.424,36.489356,-81.132299
Lassen,Lassen County,The Far West,California,CA,06035,1693324,11762017378,463024232,4541.34,178.775,40.715287,-120.621223
Falls Church,Falls Church city,Tidewater,Virginia,VA,51610,1498423,5300262,32,2.046,0,38.884722,-77.175603
Manatee,Manatee County,Deep South,Florida,FL,12081,295744,1923744062,573084803,742.762,221.269,27.475556,-82.393144
Muskingum,Muskingum County,The Midlands,Ohio,OH,39119,1074072,1721165826,20823924,664.546,8.04,39.966046,-81.943506
Chaffee,Chaffee County,The Far West,Colorado,CO,08015,198123,2624715692,3999975,1013.408,1.544,38.734599,-106.300025
Crowley,Crowley County,The Far West,Colorado,CO,08025,198128,2039427872,33422981,787.428,12.905,38.30618,-103.772736
Fremont,Fremont County,The Far West,Colorado,CO,08043,198137,3972705319,2235542,1533.87,0.863,38.45517,-105.424958
Pearl River,Pearl River County,Deep South,Mississippi,MS,28109,695777,2101307249,20783013,811.319,8.024,30.774793,-89.586904
Perry,Perry County,Deep South,Mississippi,MS,28111,695778,1676452290,7561701,647.282,2.92,31.169307,-88.988755
Custer,Custer County,The Far West,Nebraska,NE,31041,835842,6670757181,932956,2575.594,0.36,41.393893,-99.726866
Calhoun,Calhoun County,Deep South,Florida,FL,12013,306919,1469394597,18070425,567.336,6.977,30.388801,-85.197915
Kenton,Kenton County,Greater Appalachia,Kentucky,KY,21117,516905,415150789,10405456,160.291,4.018,38.930503,-84.533438
Chickasaw,Chickasaw County,The Midlands,Iowa,IA,19037,465208,1306192614,3455451,504.324,1.334,43.059741,-92.31721
DeKalb,DeKalb County,Yankeedom,Illinois,IL,17037,422190,1635154200,8561739,631.337,3.306,41.894612,-88.768991
Hancock,Hancock County,The Midlands,Iowa,IA,19081,465229,1478895055,5265568,571.005,2.033,43.075411,-93.743697
Stark,Stark County,The Far West,North Dakota,ND,38089,1035618,3457408932,14023939,1334.913,5.415,46.817031,-102.662026
Luce,Luce County,Yankeedom,Michigan,MI,26095,1622990,2328593560,2624711552,899.075,1013.407,46.510988,-85.517552
Carter,Carter County,Greater Appalachia,Oklahoma,OK,40019,1101797,2129498353,29985414,822.204,11.577,34.251848,-97.287927
Pasquotank,Pasquotank County,Tidewater,North Carolina,NC,37139,1026330,587622471,161739148,226.882,62.448,36.265199,-76.260691
Taos,Taos County,El Norte,New Mexico,NM,35055,933056,5704119616,3383128,2202.373,1.306,36.577183,-105.638878
Bolivar,Bolivar County,Deep South,Mississippi,MS,28011,695730,2270141682,81446732,876.507,31.447,33.799139,-90.88412
Nye,Nye County,The Far West,Nevada,NV,32023,863599,47090939212,43207981,18181.914,16.683,37.965864,-116.459011
Hawkins,Hawkins County,Greater Appalachia,Tennessee,TN,47073,1639752,1261468092,32541837,487.056,12.564,36.452089,-82.931485
Bowman,Bowman County,The Far West,North Dakota,ND,38011,1035619,3009070657,13583664,1161.809,5.245,46.110144,-103.505943
Fulton,Fulton County,Greater Appalachia,Pennsylvania,PA,42057,1213671,1133252795,1305486,437.551,0.504,39.91075,-78.122617
Lafayette,Lafayette Parish,New France,Louisiana,LA,22055,558059,696257611,1149127,268.827,0.444,30.206507,-92.06417
Jack,Jack County,Greater Appalachia,Texas,TX,48237,1383904,2359405674,23704615,910.972,9.152,33.23216,-98.171177
Stark,Stark County,The Midlands,Illinois,IL,17175,424288,746156213,684784,288.093,0.264,41.096908,-89.797411
Greer,Greer County,Greater Appalachia,Oklahoma,OK,40055,1101815,1655740225,11148547,639.285,4.304,34.933853,-99.552968
Hemphill,Hemphill County,The Midlands,Texas,TX,48211,1383891,2347270019,15205586,906.286,5.871,35.815956,-100.27921
Nez Perce,Nez Perce County,The Far West,Idaho,ID,16069,399394,2197139835,21252880,848.32,8.206,46.333791,-116.760909
Walworth,Walworth County,The Far West,South Dakota,SD,46129,1266973,1835374267,93215243,708.642,35.991,45.427605,-100.027856
Napa,Napa County,The Left Coast,California,CA,06055,277292,1938032964,104262608,748.279,40.256,38.5071,-122.325904
Cotton,Cotton County,Greater Appalachia,Oklahoma,OK,40033,1101804,1638527162,23982249,632.639,9.26,34.290676,-98.373438
Washington,Washington County,Greater Appalachia,Missouri,MO,29221,758563,1968043965,6791224,759.866,2.622,37.942611,-90.897018
Cayuga,Cayuga County,Yankeedom,New York,NY,36011,974104,1791190744,445707952,691.583,172.089,43.008546,-76.574587
Shackelford,Shackelford County,Greater Appalachia,Texas,TX,48417,1383994,2367989254,3268209,914.286,1.262,32.74382,-99.347005
San Jacinto,San Jacinto County,Deep South,Texas,TX,48407,1383989,1474332269,151949232,569.243,58.668,30.574388,-95.163136
Dubuque,Dubuque County,Yankeedom,Iowa,IA,19061,465219,1575487976,21138781,608.299,8.162,42.463481,-90.878771
Goochland,Goochland County,Tidewater,Virginia,VA,51075,1674271,730451418,21934893,282.029,8.469,37.718814,-77.917626
Sherman,Sherman County,The Far West,Kansas,KS,20181,485053,2735193250,548248,1056.064,0.212,39.351352,-101.719859
Richland,Richland County,The Midlands,Ohio,OH,39139,1074082,1282631596,12560134,495.227,4.849,40.774159,-82.542781
Adams,Adams County,Greater Appalachia,Illinois,IL,17001,424202,2214826188,41754317,855.149,16.121,39.986052,-91.194961
Champaign,Champaign County,The Midlands,Ohio,OH,39021,1074023,1111077538,2173115,428.989,0.839,40.132775,-83.767604
Sullivan,Sullivan County,Yankeedom,New Hampshire,NH,33019,873183,1393091317,36932078,537.876,14.26,43.361188,-72.222084
Iroquois,Iroquois County,The Midlands,Illinois,IL,17075,424239,2894039688,4241183,1117.395,1.638,40.748867,-87.833601
Poweshiek,Poweshiek County,The Midlands,Iowa,IA,19157,465267,1514945164,2961952,584.924,1.144,41.684642,-92.522934
Wayne,Wayne County,The Midlands,Ohio,OH,39169,1074096,1436897054,5040384,554.789,1.946,40.829661,-81.887194
Fayette,Fayette County,Deep South,Georgia,GA,13113,1687740,503907543,12814102,194.56,4.948,33.412717,-84.493941
Hancock,Hancock County,Deep South,Georgia,GA,13141,348209,1220057418,17479620,471.067,6.749,33.26922,-83.000465
Kendall,Kendall County,Greater Appalachia,Texas,TX,48259,1383915,1715747612,1496797,662.454,0.578,29.943525,-98.709269
Greene,Greene County,Yankeedom,New York,NY,36039,974118,1676140499,28201061,647.161,10.888,42.279821,-74.142025
Orange,Orange County,Tidewater,Virginia,VA,51137,1494761,883388069,6487125,341.078,2.505,38.249326,-78.011092
McCurtain,McCurtain County,Greater Appalachia,Oklahoma,OK,40089,1101835,4793464447,133974862,1850.767,51.728,34.117073,-94.766086
Tift,Tift County,Deep South,Georgia,GA,13277,344090,675702087,20458524,260.89,7.899,31.457003,-83.525931
Cass,Cass County,The Midlands,Nebraska,NE,31025,835834,1443520764,22130994,557.347,8.545,40.909878,-96.140609
Kingsbury,Kingsbury County,The Midlands,South Dakota,SD,46077,1265780,2155483577,81655106,832.237,31.527,44.362969,-97.499313
Converse,Converse County,The Far West,Wyoming,WY,56009,1605070,11020385628,26068678,4254.995,10.065,42.984623,-105.524752
Herkimer,Herkimer County,Yankeedom,New York,NY,36043,974120,3655871582,120356396,1411.54,46.47,43.571009,-74.841097
Logan,Logan County,The Midlands,North Dakota,ND,38047,1035620,2570819037,47710154,992.599,18.421,46.469278,-99.504585
Gogebic,Gogebic County,Yankeedom,Michigan,MI,26053,1622969,2854517939,970153215,1102.136,374.578,46.488054,-89.788314
Becker,Becker County,Yankeedom,Minnesota,MN,27005,659448,3405986095,336933307,1315.059,130.091,46.937629,-95.741757
Marshall,Marshall County,Greater Appalachia,Alabama,AL,01095,161574,1465531833,148495463,565.845,57.334,34.309564,-86.321668
Union,Union County,Greater Appalachia,Tennessee,TN,47173,1648583,579077905,61005196,223.583,23.554,36.28414,-83.836088
Mineral,Mineral County,Greater Appalachia,West Virginia,WV,54057,1717890,849209714,3466312,327.882,1.338,39.404781,-78.95669
Ashland,Ashland County,Yankeedom,Wisconsin,WI,55003,1581061,2706458787,3230728318,1044.97,1247.391,46.544424,-90.679691
Ford,Ford County,The Midlands,Illinois,IL,17053,424228,1257690127,1640595,485.597,0.633,40.596539,-88.224588
Emmons,Emmons County,The Far West,North Dakota,ND,38029,1035615,3910888908,117348492,1510.003,45.309,46.284255,-100.237842
Shasta,Shasta County,The Far West,California,CA,06089,1682610,9778551576,186157964,3775.52,71.876,40.760514,-122.043556
Vermilion,Vermilion Parish,New France,Louisiana,LA,22113,559538,3039634850,954699331,1173.61,368.611,29.789722,-92.291568
Randolph,Randolph County,Greater Appalachia,Arkansas,AR,05121,69178,1688445990,10370823,651.913,4.004,36.341298,-91.028441
Oneida,Oneida County,Yankeedom,Wisconsin,WI,55085,1581103,2885102826,317602310,1113.944,122.627,45.716176,-89.534533
East Carroll,East Carroll Parish,Deep South,Louisiana,LA,22035,558534,1090092484,56411688,420.887,21.781,32.73017,-91.234141
East Feliciana,East Feliciana Parish,Deep South,Louisiana,LA,22037,558542,1174022934,6150603,453.293,2.375,30.839784,-91.043434
St. Bernard,St. Bernard Parish,New France,Louisiana,LA,22087,1629542,977762466,4604191570,377.516,1777.688,29.91811,-89.263494
Wharton,Wharton County,Deep South,Texas,TX,48481,1384026,2813095080,21310003,1086.142,8.228,29.27848,-96.229674
Floyd,Floyd County,Greater Appalachia,Texas,TX,48153,1383862,2569637283,983737,992.143,0.38,34.07373,-101.303274
Madison,Madison County,Greater Appalachia,Kentucky,KY,21151,516919,1132745819,15290482,437.356,5.904,37.725511,-84.278362
Blount,Blount County,Greater Appalachia,Tennessee,TN,47009,1639726,1447336316,20159163,558.82,7.783,35.688185,-83.922973
Gallatin,Gallatin County,The Far West,Montana,MT,30031,1720053,6747831014,73615974,2605.352,28.423,45.518054,-111.163921
Darlington,Darlington County,Deep South,South Carolina,SC,45031,1247992,1451917179,14668340,560.588,5.663,34.332185,-79.962115
Escambia,Escambia County,Deep South,Alabama,AL,01053,161552,2448595161,20024887,945.408,7.732,31.122287,-87.16841
Haralson,Haralson County,Deep South,Georgia,GA,13143,350637,730804593,2616531,282.165,1.01,33.795165,-85.220063
Allen,Allen County,Greater Appalachia,Kansas,KS,20001,484970,1295764235,13021929,500.297,5.028,37.884228,-95.300945
Douglas,Douglas County,Greater Appalachia,Illinois,IL,17041,424222,1079110222,1448702,416.647,0.559,39.766078,-88.222866
Greene,Greene County,Tidewater,Virginia,VA,51079,1480129,403900921,1680243,155.947,0.649,38.297981,-78.470163
Waushara,Waushara County,Yankeedom,Wisconsin,WI,55137,1581128,1621749913,29096948,626.161,11.234,44.112823,-89.239786
Izard,Izard County,Greater Appalachia,Arkansas,AR,05065,66860,1502652313,9576574,580.177,3.698,36.094879,-91.913625
Monterey,Monterey County,The Left Coast,California,CA,06053,277291,8499623032,1267793988,3281.723,489.498,36.240104,-121.315578
Grant,Grant County,El Norte,New Mexico,NM,35017,915980,10259478771,15294669,3961.207,5.905,32.732087,-108.381504
Miller,Miller County,Greater Appalachia,Missouri,MO,29131,758520,1534753300,19219023,592.572,7.421,38.21668,-92.429876
Wilkes,Wilkes County,Greater Appalachia,North Carolina,NC,37193,1008595,1952020337,6854041,753.679,2.646,36.208883,-81.166095
Platte,Platte County,The Midlands,Missouri,MO,29165,758537,1087283057,16949451,419.802,6.544,39.37869,-94.761477
Buchanan,Buchanan County,The Midlands,Missouri,MO,29021,758465,1057361277,17942874,408.249,6.928,39.660369,-94.808173
Limestone,Limestone County,Greater Appalachia,Alabama,AL,01083,161567,1450296914,122310594,559.963,47.224,34.810239,-86.981399
Henry,Henry County,Greater Appalachia,Indiana,IN,18065,450359,1014957932,7652084,391.877,2.954,39.929591,-85.397363
Polk,Polk County,The Midlands,Nebraska,NE,31143,835893,1136152511,5104692,438.671,1.971,41.187925,-97.570663
Ottawa,Ottawa County,The Midlands,Ohio,OH,39123,1074074,659680522,855661999,254.704,330.373,41.545495,-83.012613
Norman,Norman County,Yankeedom,Minnesota,MN,27107,659499,2260512788,10208059,872.789,3.941,47.329453,-96.463776
Shelby,Shelby County,The Midlands,Iowa,IA,19165,465271,1530110527,1486125,590.779,0.574,41.679014,-95.308917
Carroll,Carroll County,The Midlands,Maryland,MD,24013,1696228,1159355858,13112464,447.63,5.063,39.563328,-77.01533
Benton,Benton County,The Midlands,Iowa,IA,19011,465195,1854696288,5857896,716.102,2.262,42.092547,-92.05763
Martin,Martin County,Greater Appalachia,Kentucky,KY,21159,516923,594708782,2558129,229.618,0.988,37.796774,-82.506623
Chisago,Chisago County,Yankeedom,Minnesota,MN,27025,659458,1074584696,71183782,414.899,27.484,45.505444,-92.903849
Owsley,Owsley County,Greater Appalachia,Kentucky,KY,21189,516941,511288845,2279907,197.41,0.88,37.423622,-83.691637
Bradford,Bradford County,Yankeedom,Pennsylvania,PA,42015,1213660,2971943389,35199970,1147.474,13.591,41.791504,-76.502123
Hancock,Hancock County,The Midlands,West Virginia,WV,54029,1560574,213957099,13879340,82.609,5.359,40.516958,-80.570164
Cole,Cole County,The Midlands,Missouri,MO,29051,758480,1014104090,19106873,391.548,7.377,38.503233,-92.280027
Berrien,Berrien County,Yankeedom,Michigan,MI,26021,1622953,1470545747,2625447844,567.781,1013.691,41.791382,-86.742543
Huntingdon,Huntingdon County,Greater Appalachia,Pennsylvania,PA,42061,1213672,2265337347,37851956,874.652,14.615,40.422311,-77.968595
Dawes,Dawes County,The Far West,Nebraska,NE,31045,835844,3616636214,11875952,1396.391,4.585,42.713038,-103.135436
Patrick,Patrick County,Greater Appalachia,Virginia,VA,51141,1497999,1250846155,7141128,482.954,2.757,36.667138,-80.286413
Montmorency,Montmorency County,Yankeedom,Michigan,MI,26119,1623002,1415881030,41352700,546.675,15.966,45.024134,-84.130107
Oscoda,Oscoda County,Yankeedom,Michigan,MI,26135,1623010,1465088063,15136485,565.674,5.844,44.687257,-84.126905
Colfax,Colfax County,El Norte,New Mexico,NM,35007,929117,9733113274,26296498,3757.976,10.153,36.612964,-104.64011
St. Clair,St. Clair County,Greater Appalachia,Illinois,IL,17163,1784987,1703461064,41842145,657.71,16.155,38.470198,-89.928546
Washington,Washington County,Greater Appalachia,Illinois,IL,17189,1785150,1457093544,3412705,562.587,1.318,38.35314,-89.417187
Bedford,Bedford County,Greater Appalachia,Pennsylvania,PA,42009,1209171,2621693106,12005858,1012.241,4.635,39.998634,-78.494747
Scott,Scott County,Greater Appalachia,Arkansas,AR,05127,69179,2312470680,14373451,892.85,5.55,34.858869,-94.063641
Labette,Labette County,Greater Appalachia,Kansas,KS,20099,485014,1671560715,20006201,645.393,7.724,37.191468,-95.297473
Lawrence,Lawrence County,The Midlands,Pennsylvania,PA,42073,1213676,925571230,11444141,357.365,4.419,40.992735,-80.334446
Harrison,Harrison County,The Midlands,Ohio,OH,39067,1074046,1042032641,21847163,402.331,8.435,40.292318,-81.091565
Alexander,Alexander County,Greater Appalachia,North Carolina,NC,37003,1008532,673358184,9445988,259.985,3.647,35.920951,-81.177467
Cape May,Cape May County,The Midlands,New Jersey,NJ,34009,882274,651437935,955149083,251.522,368.785,39.085841,-74.846354
Cheshire,Cheshire County,Yankeedom,New Hampshire,NH,33005,873176,1830367250,57589051,706.709,22.235,42.92546,-72.248183
Marshall,Marshall County,Yankeedom,Minnesota,MN,27089,659489,4597391841,98012348,1775.063,37.843,48.362728,-96.357761
King William,King William County,Tidewater,Virginia,VA,51101,1480138,709424849,31090165,273.91,12.004,37.70826,-77.091054
Huerfano,Huerfano County,The Far West,Colorado,CO,08055,198143,4120756290,5792101,1591.033,2.236,37.687815,-104.959928
Karnes,Karnes County,El Norte,Texas,TX,48255,1383913,1936669678,15010315,747.752,5.796,28.908996,-97.852205
Chester,Chester County,Greater Appalachia,Tennessee,TN,47023,1639732,740053474,575590,285.736,0.222,35.420253,-88.611353
Scott,Scott County,Greater Appalachia,Illinois,IL,17171,424286,649542036,4814546,250.79,1.859,39.637002,-90.477771
Millard,Millard County,The Far West,Utah,UT,49027,1448027,17574363572,133311815,6785.5,51.472,38.956744,-113.133092
Morgan,Morgan County,The Far West,Utah,UT,49029,1448028,1577739411,4437369,609.169,1.713,41.091027,-111.577885
Kaufman,Kaufman County,Greater Appalachia,Texas,TX,48257,1383914,2022222600,69502488,780.785,26.835,32.598944,-96.288377
Greenlee,Greenlee County,El Norte,Arizona,AZ,04011,42807,4771128170,13746346,1842.143,5.307,33.238872,-109.242323
Maricopa,Maricopa County,El Norte,Arizona,AZ,04013,37026,23832530727,62704529,9201.792,24.21,33.345176,-112.49893
Ogemaw,Ogemaw County,Yankeedom,Michigan,MI,26129,1623007,1459466627,29641292,563.503,11.445,44.33328,-84.128073
Jackson,Jackson County,Greater Appalachia,Tennessee,TN,47087,1639758,799782676,27782759,308.798,10.727,36.35425,-85.674128
Richland,Richland County,Greater Appalachia,Illinois,IL,17159,424281,932484098,4874777,360.034,1.882,38.712187,-88.085452
Blount,Blount County,Greater Appalachia,Alabama,AL,01009,161530,1670259090,14860281,644.891,5.738,33.977358,-86.56644
Liberty,Liberty County,The Far West,Montana,MT,30051,1720036,3703651373,44411471,1429.988,17.147,48.559654,-111.036924
Duval,Duval County,El Norte,Texas,TX,48131,1383851,4645084668,5478267,1793.477,2.115,27.681123,-98.497393
Ralls,Ralls County,Greater Appalachia,Missouri,MO,29173,758541,1216743023,36381069,469.787,14.047,39.553455,-91.524787
Johnson,Johnson County,Greater Appalachia,Texas,TX,48251,1383911,1877175836,24227741,724.782,9.354,32.379821,-97.364959
Clay,Clay County,Deep South,Georgia,GA,13061,344805,506093894,56546964,195.404,21.833,31.619831,-84.992583
Grant,Grant County,The Far West,Oregon,OR,41023,1135851,11726925905,1893807,4527.792,0.731,44.496326,-119.014057
Coos,Coos County,The Left Coast,Oregon,OR,41011,1135848,4133788140,544653413,1596.065,210.292,43.18591,-124.094133
Franklin,Franklin County,Greater Appalachia,Texas,TX,48159,1383865,736569935,26875120,284.391,10.377,33.175846,-95.219066
Warren,Warren County,Yankeedom,New York,NY,36113,974154,2246082354,166754984,867.217,64.384,43.555105,-73.838139
Madison,Madison County,Tidewater,Virginia,VA,51113,1494590,830449706,3205612,320.638,1.238,38.412059,-78.276961
Atoka,Atoka County,Greater Appalachia,Oklahoma,OK,40005,1101790,2526392908,37288841,975.446,14.397,34.392469,-96.036558
Menard,Menard County,Greater Appalachia,Illinois,IL,17129,424266,814269349,2640418,314.391,1.019,40.022569,-89.794133
Bartow,Bartow County,Greater Appalachia,Georgia,GA,13015,351604,1188568883,27370205,458.909,10.568,34.240917,-84.838188
Lake,Lake County,Deep South,Florida,FL,12069,308551,2464507354,531492923,951.552,205.211,28.764113,-81.712282
Okmulgee,Okmulgee County,Greater Appalachia,Oklahoma,OK,40111,1101843,1806369917,12960866,697.443,5.004,35.6435,-95.965947
Sheridan,Sheridan County,The Far West,North Dakota,ND,38083,1034203,2518053323,86198839,972.226,33.282,47.581359,-100.330986
Fulton,Fulton County,The Midlands,Indiana,IN,18049,450353,954133346,7439336,368.393,2.872,41.050384,-86.265006
Johnson,Johnson County,The Midlands,Kansas,KS,20091,485010,1226694710,16303985,473.629,6.295,38.883907,-94.82233
Calvert,Calvert County,Tidewater,Maryland,MD,24009,1676636,552158542,341580668,213.19,131.885,38.522719,-76.529762
Washburn,Washburn County,Yankeedom,Wisconsin,WI,55129,1581124,2064515991,145563849,797.114,56.203,45.892489,-91.796422
Jefferson,Jefferson County,The Left Coast,Washington,WA,53031,1531936,4671633827,994992501,1803.728,384.169,47.805708,-123.527057
Winona,Winona County,Yankeedom,Minnesota,MN,27169,659529,1621791140,40051870,626.177,15.464,43.981353,-91.777044
Warren,Warren County,Deep South,Mississippi,MS,28149,695795,1524286572,77759819,588.53,30.023,32.356095,-90.852384
Andrew,Andrew County,The Midlands,Missouri,MO,29003,758456,1120510438,9677371,432.632,3.736,39.988863,-94.803551
Montgomery,Montgomery County,The Midlands,Missouri,MO,29139,758524,1385765319,14100641,535.047,5.444,38.935184,-91.465427
Cherokee,Cherokee County,Greater Appalachia,Kansas,KS,20021,484980,1521791029,8951464,587.567,3.456,37.169392,-94.845698
Halifax,Halifax County,Tidewater,North Carolina,NC,37083,1008559,1874472930,16919664,723.738,6.533,36.251438,-77.644842
Sandoval,Sandoval County,The Far West,New Mexico,NM,35043,929113,9609358325,10852151,3710.194,4.19,35.685091,-106.883119
Clay,Clay County,Greater Appalachia,Kentucky,KY,21051,516872,1215472436,4752710,469.297,1.835,37.164273,-83.715473
Clinton,Clinton County,The Midlands,Pennsylvania,PA,42035,1214721,2299868386,23178644,887.984,8.949,41.239508,-77.629009
Linn,Linn County,The Left Coast,Oregon,OR,41043,1135857,5929198839,50052279,2289.277,19.325,44.488898,-122.537208
Lafayette,Lafayette County,Yankeedom,Wisconsin,WI,55065,1581092,1640985427,2539010,633.588,0.98,42.655578,-90.130292
Washington,Washington County,Greater Appalachia,Oklahoma,OK,40147,1101861,1076201527,22871165,415.524,8.831,36.704403,-95.906253
Preston,Preston County,Greater Appalachia,West Virginia,WV,54077,1558642,1680420300,6668159,648.814,2.575,39.46903,-79.668865
Waupaca,Waupaca County,Yankeedom,Wisconsin,WI,55135,1581127,1936521055,45270535,747.695,17.479,44.478004,-88.967005
Edwards,Edwards County,El Norte,Texas,TX,48137,1383854,5485263220,5196312,2117.872,2.006,29.985933,-100.3074
Lake,Lake County,The Far West,Oregon,OR,41037,1135854,21078901111,568489460,8138.61,219.495,42.788401,-120.38979
Ozark,Ozark County,Greater Appalachia,Missouri,MO,29153,758531,1929554312,26607427,745.005,10.273,36.64959,-92.458549
Waller,Waller County,Deep South,Texas,TX,48473,1384022,1329431564,11827973,513.296,4.567,30.01359,-95.982149
Monroe,Monroe County,Deep South,Alabama,AL,01099,161576,2656469672,22609681,1025.669,8.73,31.580332,-87.383266
Essex,Essex County,Yankeedom,Vermont,VT,50009,1461761,1715969342,28693354,662.539,11.079,44.724021,-71.732736
Lunenburg,Lunenburg County,Tidewater,Virginia,VA,51111,1492239,1118097708,1743628,431.7,0.673,36.945555,-78.240528
Traill,Traill County,Yankeedom,North Dakota,ND,38097,1034221,2232235426,1462184,861.871,0.565,47.446215,-97.164754
Hall,Hall County,Greater Appalachia,Georgia,GA,13139,1686953,1017833590,93989123,392.988,36.289,34.317569,-83.8185
Treutlen,Treutlen County,Deep South,Georgia,GA,13283,347505,516524095,7810908,199.431,3.016,32.409586,-82.570882
Calhoun,Calhoun County,Deep South,Georgia,GA,13037,344074,726191502,8271470,280.384,3.194,31.521279,-84.62629
Vilas,Vilas County,Yankeedom,Wisconsin,WI,55125,1581122,2221455734,414418148,857.709,160.008,46.049848,-89.501254
Beltrami,Beltrami County,Yankeedom,Minnesota,MN,27007,659449,6487154458,1426287777,2504.704,550.693,47.879508,-95.00505
Dorchester,Dorchester County,Tidewater,Maryland,MD,24019,596495,1400573746,1145353068,540.765,442.223,38.429196,-76.047433
Columbia,Columbia County,The Midlands,Pennsylvania,PA,42037,1213665,1251512004,18600496,483.212,7.182,41.045517,-76.40426
Clark,Clark County,The Midlands,Ohio,OH,39023,1074024,1027907500,14611224,396.877,5.641,39.917032,-83.783676
Maverick,Maverick County,El Norte,Texas,TX,48323,1383944,3313818748,31872416,1279.473,12.306,28.729787,-100.316678
Pima,Pima County,El Norte,Arizona,AZ,04019,25446,23798597680,5112018,9188.69,1.974,32.128038,-111.783657
Cibola,Cibola County,The Far West,New Mexico,NM,35006,933051,11758505167,5554598,4539.984,2.145,34.928272,-107.99268
Burlington,Burlington County,The Midlands,New Jersey,NJ,34005,882272,2070157273,54113878,799.292,20.893,39.875786,-74.663006
Rutland,Rutland County,Yankeedom,Vermont,VT,50021,1461767,2407970501,38745883,929.723,14.96,43.580858,-73.038202
Early,Early County,Deep South,Georgia,GA,13099,345041,1327626625,9702715,512.6,3.746,31.324191,-84.906723
Dukes,Dukes County,Yankeedom,Massachusetts,MA,25007,606930,267292993,1004291414,103.202,387.759,41.38097,-70.701499
McHenry,McHenry County,The Far West,North Dakota,ND,38049,1035305,4853487954,97323497,1873.942,37.577,48.233842,-100.633267
Wayne,Wayne County,The Midlands,Nebraska,NE,31179,835911,1147147000,1084590,442.916,0.419,42.210746,-97.126243
LaMoure,LaMoure County,The Midlands,North Dakota,ND,38045,1035621,2968139583,12824671,1146.005,4.952,46.464195,-98.526057
Butte,Butte County,The Far West,Idaho,ID,16023,401703,5792474008,5259978,2236.487,2.031,43.685101,-113.177631
Coos,Coos County,Yankeedom,New Hampshire,NH,33007,873177,4647923092,92546791,1794.573,35.733,44.652548,-71.289431
Kidder,Kidder County,The Midlands,North Dakota,ND,38043,1034206,3499233947,211737414,1351.062,81.752,46.938273,-99.731198
Kleberg,Kleberg County,El Norte,Texas,TX,48273,1383922,2282572444,541041659,881.306,208.897,27.438735,-97.66062
Porter,Porter County,Yankeedom,Indiana,IN,18127,450382,1082885598,268619696,418.104,103.715,41.509914,-87.071313
Newton,Newton County,Deep South,Mississippi,MS,28101,695773,1496417775,4525334,577.77,1.747,32.40197,-89.118412
Sampson,Sampson County,Deep South,North Carolina,NC,37163,1026131,2449946536,4923828,945.93,1.901,34.989298,-78.371261
Moore,Moore County,Greater Appalachia,Tennessee,TN,47127,1648579,334684850,3093435,129.223,1.194,35.288888,-86.358684
Pinellas,Pinellas County,Deep South,Florida,FL,12103,295745,708892951,1525080658,273.705,588.837,27.905342,-82.798066
Hamilton,Hamilton County,Greater Appalachia,Illinois,IL,17065,424234,1125731578,3172088,434.647,1.225,38.085227,-88.539009
Perry,Perry County,Greater Appalachia,Arkansas,AR,05105,69171,1428060517,24428402,551.377,9.432,34.946363,-92.926877
Cheyenne,Cheyenne County,The Far West,Kansas,KS,20023,484981,2641501921,2738021,1019.89,1.057,39.789917,-101.727325
Delta,Delta County,The Far West,Colorado,CO,08029,198130,2958090989,16786781,1142.125,6.481,38.861595,-107.864892
Wayne,Wayne County,The Midlands,Iowa,IA,19185,465281,1360957553,4272458,525.469,1.65,40.739983,-93.332613
Gaines,Gaines County,Greater Appalachia,Texas,TX,48165,1383868,3891102467,1262946,1502.363,0.488,32.743942,-102.631561
Marion,Marion County,Greater Appalachia,Alabama,AL,01093,161573,1922660061,3180617,742.343,1.228,34.138219,-87.881551
Watauga,Watauga County,Greater Appalachia,North Carolina,NC,37189,1008594,809210954,2275614,312.438,0.879,36.235368,-81.709888
Roanoke,Roanoke city,Greater Appalachia,Virginia,VA,51770,1498439,110129436,855753,42.521,0.33,37.278458,-79.958174
Martin,Martin County,Greater Appalachia,Texas,TX,48317,1383941,2369724591,1931832,914.956,0.746,32.30983,-101.961836
Bowie,Bowie County,Deep South,Texas,TX,48037,1383804,2291969119,98398488,884.934,37.992,33.446065,-94.422393
Weber,Weber County,The Far West,Utah,UT,49057,1448042,1492536928,216443478,576.272,83.569,41.270325,-111.876883
Marion,Marion County,Greater Appalachia,Missouri,MO,29127,758517,1131623305,19113754,436.922,7.38,39.807538,-91.635379
Jefferson,Jefferson County,Yankeedom,New York,NY,36045,974121,3285929042,1524605118,1268.704,588.653,43.996389,-76.052968
Jackson,Jackson County,Yankeedom,Iowa,IA,19097,465237,1647344929,35129054,636.043,13.563,42.164226,-90.574582
Nelson,Nelson County,Yankeedom,North Dakota,ND,38063,1034217,2542889235,70073746,981.815,27.056,47.918667,-98.204428
Clinton,Clinton County,Yankeedom,New York,NY,36019,974108,2687763026,206582007,1037.751,79.762,44.752712,-73.705643
Garfield,Garfield County,The Far West,Colorado,CO,08045,198138,7633807267,21696625,2947.43,8.377,39.599352,-107.90978
Ray,Ray County,The Midlands,Missouri,MO,29177,758543,1473619864,13412073,568.968,5.178,39.308401,-93.995746
Hocking,Hocking County,Greater Appalachia,Ohio,OH,39073,1074049,1091289821,5955974,421.349,2.3,39.490342,-82.483447
Lowndes,Lowndes County,Deep South,Alabama,AL,01085,161568,1854651814,23271259,716.085,8.985,32.147888,-86.650586
Candler,Candler County,Deep South,Georgia,GA,13043,342852,629520841,15018189,243.059,5.799,32.40395,-82.071266
Linn,Linn County,The Midlands,Iowa,IA,19113,465245,1857173066,19710590,717.059,7.61,42.077951,-91.597674
Trinity,Trinity County,The Far West,California,CA,06105,277317,8234265080,73407950,3179.268,28.343,40.647858,-123.114666
Muscogee,Muscogee County,Deep South,Georgia,GA,13215,357428,560718761,11696847,216.495,4.516,32.510197,-84.874946
Tallahatchie,Tallahatchie County,Deep South,Mississippi,MS,28135,695788,1671120105,17918953,645.223,6.919,33.954529,-90.172243
Atchison,Atchison County,The Midlands,Kansas,KS,20005,484972,1116736555,6851102,431.174,2.645,39.532544,-95.313397
Andrews,Andrews County,Greater Appalachia,Texas,TX,48003,1383787,3886850259,957039,1500.721,0.37,32.312258,-102.640206
Miami,Miami County,The Midlands,Ohio,OH,39109,1074067,1052883435,7924128,406.521,3.06,40.053326,-84.228413
Potter,Potter County,Greater Appalachia,Texas,TX,48375,1383973,2352718733,35190085,908.39,13.587,35.398675,-101.893804
Seminole,Seminole County,Greater Appalachia,Oklahoma,OK,40133,1101854,1639028938,19925657,632.833,7.693,35.158366,-96.602857
Aiken,Aiken County,Deep South,South Carolina,SC,45003,1247979,2773070087,24554643,1070.688,9.481,33.550013,-81.632983
Mendocino,Mendocino County,The Left Coast,California,CA,06045,277287,9082632466,961740401,3506.824,371.33,39.432388,-123.442881
Chesapeake,Chesapeake city,Tidewater,Virginia,VA,51550,1498558,876598055,32349712,338.456,12.49,36.679376,-76.301788
Sweetwater,Sweetwater County,The Far West,Wyoming,WY,56037,1609192,27005754359,166230245,10426.98,64.182,41.660328,-108.875677
Garza,Garza County,Greater Appalachia,Texas,TX,48169,1383870,2313937124,7209242,893.416,2.784,33.183792,-101.301134
Hardy,Hardy County,Greater Appalachia,West Virginia,WV,54031,1718557,1508190150,5624064,582.315,2.171,39.011361,-78.841729
Ozaukee,Ozaukee County,Yankeedom,Wisconsin,WI,55089,1581105,603514413,2287415379,233.018,883.176,43.501845,-87.847567
Sullivan,Sullivan County,Greater Appalachia,Tennessee,TN,47163,1639793,1070810025,42124187,413.442,16.264,36.509681,-82.301336
Laurens,Laurens County,Deep South,South Carolina,SC,45059,1248009,1846324508,26063893,712.87,10.063,34.483676,-82.005498
Crook,Crook County,The Far West,Wyoming,WY,56011,1605071,7393068933,28186052,2854.48,10.883,44.589266,-104.567298
Sheboygan,Sheboygan County,Yankeedom,Wisconsin,WI,55117,1581118,1324851053,1967647657,511.528,759.713,43.741232,-87.731516
Hampden,Hampden County,Yankeedom,Massachusetts,MA,25013,606933,1598027523,44418900,617.002,17.15,42.136198,-72.635648
Caldwell,Caldwell County,Greater Appalachia,Texas,TX,48055,1383813,1410354031,4946188,544.541,1.91,29.832399,-97.628141
Cloud,Cloud County,The Midlands,Kansas,KS,20029,484984,1852726651,6859888,715.342,2.649,39.487329,-97.64139
Inyo,Inyo County,The Far West,California,CA,06027,1804637,26410783053,77280938,10197.261,29.838,36.56216,-117.404209
Coosa,Coosa County,Deep South,Alabama,AL,01037,161544,1685846963,39991153,650.909,15.441,32.931445,-86.243482
Dickinson,Dickinson County,Yankeedom,Iowa,IA,19059,465218,985574547,60680641,380.532,23.429,43.389611,-95.196057
Harlan,Harlan County,Greater Appalachia,Kentucky,KY,21095,516894,1206496138,6011473,465.831,2.321,36.859223,-83.221497
Geary,Geary County,The Midlands,Kansas,KS,20061,484999,996272886,51602808,384.663,19.924,39.002139,-96.7681
Berks,Berks County,The Midlands,Pennsylvania,PA,42011,1209172,2218072312,24220127,856.403,9.351,40.413957,-75.92686
Carter,Carter County,Greater Appalachia,Tennessee,TN,47019,1639730,883854986,16670131,341.258,6.436,36.284744,-82.126593
Lyon,Lyon County,Yankeedom,Minnesota,MN,27083,659487,1850315110,18794794,714.411,7.257,44.409195,-95.847268
Charlotte,Charlotte County,Tidewater,Virginia,VA,51037,1492442,1231010116,5809378,475.296,2.243,37.009042,-78.658568
Washington,Washington County,Greater Appalachia,Tennessee,TN,47179,1639797,845605993,8635313,326.49,3.334,36.295665,-82.495037
Newberry,Newberry County,Deep South,South Carolina,SC,45071,1248013,1632452022,44011454,630.293,16.993,34.289881,-81.599676
Isle of Wight,Isle of Wight County,Tidewater,Virginia,VA,51093,1702378,817620587,122100069,315.685,47.143,36.901418,-76.707569
Wheeler,Wheeler County,The Far West,Oregon,OR,41069,1135865,4444475029,1241033,1716.021,0.479,44.736415,-120.026861
Butler,Butler County,Greater Appalachia,Missouri,MO,29023,758466,1799408335,11193869,694.755,4.322,36.71518,-90.40313
Iberville,Iberville Parish,Deep South,Louisiana,LA,22047,558582,1602476038,88659446,618.719,34.232,30.270653,-91.365872
Sharkey,Sharkey County,Deep South,Mississippi,MS,28125,695783,1118149684,8806463,431.72,3.4,32.892395,-90.827613
Fauquier,Fauquier County,Greater Appalachia,Virginia,VA,51061,1480120,1678296041,9665551,647.994,3.732,38.744096,-77.8215
Radford,Radford city,Greater Appalachia,Virginia,VA,51750,1498438,25061727,858278,9.676,0.331,37.120119,-80.559147
Douglas,Douglas County,The Far West,Nevada,NV,32005,858643,1840147662,72317573,710.485,27.922,38.905129,-119.609019
Franklin,Franklin County,Deep South,Florida,FL,12037,306911,1411498965,2270440522,544.983,876.622,29.677794,-84.815213
Greene,Greene County,Greater Appalachia,Indiana,IN,18055,451676,1404983901,8919619,542.467,3.444,39.047147,-87.004771
Rush,Rush County,Greater Appalachia,Indiana,IN,18139,446854,1057069330,838340,408.137,0.324,39.622362,-85.466529
Washington,Washington County,Yankeedom,Wisconsin,WI,55131,1581125,1115362166,12999404,430.644,5.019,43.391156,-88.232917
Laclede,Laclede County,Greater Appalachia,Missouri,MO,29105,758507,1980383070,8711544,764.63,3.364,37.659698,-92.594843
Mercer,Mercer County,The Midlands,Pennsylvania,PA,42085,1213678,1741819732,26010715,672.52,10.043,41.300014,-80.252786
Craighead,Craighead County,Deep South,Arkansas,AR,05031,66847,1831531474,14330185,707.158,5.533,35.827729,-90.631421
Saline,Saline County,The Midlands,Missouri,MO,29195,758550,1956761965,29542462,755.51,11.406,39.13584,-93.204164
White,White County,Greater Appalachia,Illinois,IL,17193,424297,1281999217,17833682,494.983,6.886,38.087326,-88.178623
De Witt,De Witt County,Greater Appalachia,Illinois,IL,17039,426598,1029678323,19492326,397.561,7.526,40.181499,-88.901853
White Pine,White Pine County,The Far West,Nevada,NV,32033,858615,23016356483,23426584,8886.665,9.045,39.418176,-114.900565
Goodhue,Goodhue County,Yankeedom,Minnesota,MN,27049,659470,1959853272,59175413,756.704,22.848,44.406178,-92.716
Swain,Swain County,Greater Appalachia,North Carolina,NC,37173,1008588,1366810476,32416167,527.728,12.516,35.568849,-83.465614
Pasco,Pasco County,Deep South,Florida,FL,12101,295739,1933733392,694477432,746.619,268.139,28.309823,-82.511006
Sumter,Sumter County,Deep South,Florida,FL,12119,295740,1442967719,58773420,557.133,22.693,28.715444,-82.069952
Nassau,Nassau County,Yankeedom,New York,NY,36059,974128,736959587,437291722,284.542,168.839,40.729612,-73.589414
Steele,Steele County,Yankeedom,North Dakota,ND,38091,1034220,1844441513,8435674,712.143,3.257,47.451062,-97.71892
Vanderburgh,Vanderburgh County,Greater Appalachia,Indiana,IN,18163,450396,604506363,8955935,233.401,3.458,38.02007,-87.586166
Franklin,Franklin County,Greater Appalachia,Missouri,MO,29071,758490,2389650757,20813427,922.649,8.036,38.413003,-91.072832
Avery,Avery County,Greater Appalachia,North Carolina,NC,37011,1008536,640602137,445285,247.338,0.172,36.07209,-81.920285
Wood,Wood County,Greater Appalachia,West Virginia,WV,54107,1560558,949229779,26590767,366.5,10.267,39.211602,-81.516234
Bayfield,Bayfield County,Yankeedom,Wisconsin,WI,55007,1581063,3827677060,1460300913,1477.874,563.825,46.634199,-91.177282
Stewart,Stewart County,Greater Appalachia,Tennessee,TN,47161,1639792,1190814528,86082696,459.776,33.237,36.458464,-87.811889
Portage,Portage County,Yankeedom,Wisconsin,WI,55097,1581109,2074252980,56835087,800.874,21.944,44.476246,-89.49807
Lexington,Lexington County,Deep South,South Carolina,SC,45063,1244251,1810397035,151833121,698.998,58.623,33.899246,-81.266118
Anne Arundel,Anne Arundel County,Tidewater,Maryland,MD,24003,1710958,1074352780,448033952,414.81,172.987,38.991617,-76.560894
Fond du Lac,Fond du Lac County,Yankeedom,Wisconsin,WI,55039,1581079,1863667254,119853823,719.566,46.276,43.754722,-88.493284
Webster,Webster County,Greater Appalachia,West Virginia,WV,54101,1550057,1433479488,7146543,553.47,2.759,38.483459,-80.449052
Kewaunee,Kewaunee County,Yankeedom,Wisconsin,WI,55061,1581090,886951790,1921336270,342.454,741.832,44.605677,-87.448008
Parmer,Parmer County,Greater Appalachia,Texas,TX,48369,1383970,2281312149,11355762,880.82,4.384,34.532163,-102.784853
Woods,Woods County,The Midlands,Oklahoma,OK,40151,1101863,3331971784,9081295,1286.482,3.506,36.726984,-98.863649
Elliott,Elliott County,Greater Appalachia,Kentucky,KY,21063,516878,606882500,2601651,234.319,1.005,38.116883,-83.096116
Berkshire,Berkshire County,Yankeedom,Massachusetts,MA,25003,606928,2400599906,50694129,926.877,19.573,42.371493,-73.217928
Chariton,Chariton County,The Midlands,Missouri,MO,29041,758475,1945541996,40353306,751.178,15.58,39.517968,-92.96162
Rio Blanco,Rio Blanco County,The Far West,Colorado,CO,08103,198167,8342275014,4868111,3220.971,1.88,39.972622,-108.200716
Morgan,Morgan County,The Far West,Colorado,CO,08087,198159,3316441488,34663098,1280.485,13.383,40.263159,-103.81221
Malheur,Malheur County,The Far West,Oregon,OR,41045,1135858,25609051307,108997319,9887.71,42.084,43.188625,-117.603191
Middlesex,Middlesex County,Yankeedom,New Jersey,NJ,34023,882230,800881307,35356734,309.222,13.651,40.439621,-74.40743
Russell,Russell County,The Midlands,Kansas,KS,20167,485046,2295402858,34126776,886.26,13.176,38.91604,-98.770949
Putnam,Putnam County,The Midlands,Illinois,IL,17155,424279,414649315,31195045,160.097,12.044,41.198961,-89.298347
Haakon,Haakon County,The Far West,South Dakota,SD,46055,1266988,4689279882,42452623,1810.541,16.391,44.288097,-101.540856
Macon,Macon County,Greater Appalachia,Tennessee,TN,47111,1639768,795498346,246690,307.144,0.095,36.537757,-86.00096
Cleburne,Cleburne County,Greater Appalachia,Arkansas,AR,05023,66983,1434747665,98885396,553.959,38.18,35.566315,-92.05995
Pike,Pike County,Deep South,Alabama,AL,01109,161581,1740645369,2339145,672.067,0.903,31.798653,-85.941608
Adams,Adams County,The Far West,Idaho,ID,16003,395067,3529648934,17359846,1362.805,6.703,44.877004,-116.461624
Bristol,Bristol County,Yankeedom,Massachusetts,MA,25005,606929,1432553462,357461179,553.112,138.017,41.748588,-71.088894
Schuylkill,Schuylkill County,The Midlands,Pennsylvania,PA,42107,1213685,2016509909,10820294,778.579,4.178,40.703682,-76.217788
Wells,Wells County,The Midlands,North Dakota,ND,38103,1034204,3290664846,51166900,1270.533,19.756,47.580851,-99.682213
Cleveland,Cleveland County,Greater Appalachia,North Carolina,NC,37045,1008547,1202400603,10177696,464.249,3.93,35.33463,-81.557114
Hot Spring,Hot Spring County,Greater Appalachia,Arkansas,AR,05059,66859,1592697317,18725599,614.944,7.23,34.315177,-92.944147
Frederick,Frederick County,The Midlands,Maryland,MD,24021,1711211,1710921853,17674490,660.591,6.824,39.470177,-77.397636
Schuyler,Schuyler County,Greater Appalachia,Illinois,IL,17169,1785037,1132602884,10510632,437.3,4.058,40.156905,-90.613464
Mono,Mono County,The Far West,California,CA,06051,277290,7896624729,214695677,3048.904,82.894,37.915836,-118.875167
Tuolumne,Tuolumne County,The Far West,California,CA,06109,277319,5752133237,138668837,2220.911,53.54,38.021434,-119.964733
DoÃ±a Ana,Doña Ana County,El Norte,New Mexico,NM,35013,929109,9863163868,17594250,3808.189,6.793,32.349919,-106.834968
Crisp,Crisp County,Deep South,Georgia,GA,13081,351607,706236802,21409235,272.68,8.266,31.920268,-83.75653
Columbia,Columbia County,Deep South,Arkansas,AR,05027,63761,1984098878,1985830,766.065,0.767,33.223038,-93.232843
Griggs,Griggs County,Yankeedom,North Dakota,ND,38039,1034219,1835486224,20446712,708.685,7.895,47.456334,-98.232286
Solano,Solano County,The Left Coast,California,CA,06095,277312,2128527683,218619356,821.829,84.409,38.267226,-121.939594
Clayton,Clayton County,Yankeedom,Iowa,IA,19043,465210,2016295985,36695624,778.496,14.168,42.840985,-91.323576
Titus,Titus County,Greater Appalachia,Texas,TX,48449,1384010,1051700249,50711188,406.064,19.58,33.214599,-94.966783
Hampshire,Hampshire County,Greater Appalachia,West Virginia,WV,54027,1718644,1658633561,10902927,640.402,4.21,39.312139,-78.611989
Moore,Moore County,Tidewater,North Carolina,NC,37125,1008573,1806983006,20712954,697.68,7.997,35.308272,-79.492725
Barton,Barton County,The Midlands,Kansas,KS,20009,484974,2318705423,13926862,895.257,5.377,38.481239,-98.767837
Slope,Slope County,The Far West,North Dakota,ND,38087,1035896,3147520227,10980609,1215.264,4.24,46.445834,-103.462462
Richland,Richland Parish,Deep South,Louisiana,LA,22083,559481,1439031396,22771218,555.613,8.792,32.413158,-91.748353
Garfield,Garfield County,The Midlands,Nebraska,NE,31071,835857,1474558344,5321553,569.33,2.055,41.906868,-98.951231
St. Martin,St. Martin Parish,New France,Louisiana,LA,22099,1629486,1910038833,205294658,737.47,79.265,30.121433,-91.611481
Sumter,Sumter County,Deep South,Alabama,AL,01119,161585,2340898913,24634883,903.826,9.512,32.597481,-88.200057
Winston,Winston County,Greater Appalachia,Alabama,AL,01133,161592,1587657470,48873867,612.998,18.87,34.154566,-87.365346
Seminole,Seminole County,Deep South,Florida,FL,12117,303665,801286912,93137171,309.379,35.96,28.690065,-81.131975
Forrest,Forrest County,Deep South,Mississippi,MS,28035,695742,1207042883,10872917,466.042,4.198,31.18858,-89.259447
Ingham,Ingham County,Yankeedom,Michigan,MI,26065,1622975,1440236312,12006106,556.078,4.636,42.603534,-84.373811
Shawnee,Shawnee County,The Midlands,Kansas,KS,20177,485051,1409020132,30313507,544.026,11.704,39.041805,-95.755664
Hanson,Hanson County,The Midlands,South Dakota,SD,46061,1266979,1125562873,2003166,434.582,0.773,43.680612,-97.796845
Itasca,Itasca County,Yankeedom,Minnesota,MN,27061,659476,6909414900,673890473,2667.74,260.191,47.490817,-93.611102
Lincoln,Lincoln County,The Far West,Colorado,CO,08073,198152,6676158658,22780358,2577.679,8.796,38.99374,-103.507555
Madison,Madison County,Yankeedom,New York,NY,36053,974125,1696054036,16691322,654.85,6.445,42.910026,-75.663575
Washington,Washington County,Yankeedom,New York,NY,36115,974155,2152713650,38126949,831.167,14.721,43.312377,-73.439428
Johnson,Johnson County,Greater Appalachia,Indiana,IN,18081,450365,829870735,3563935,320.415,1.376,39.496092,-86.094264
Terry,Terry County,Greater Appalachia,Texas,TX,48445,1384008,2302083290,5443860,888.839,2.102,33.171229,-102.339284
Harding,Harding County,Greater Appalachia,New Mexico,NM,35021,933055,5504963122,1162620,2125.478,0.449,35.859352,-103.853424
Talladega,Talladega County,Deep South,Alabama,AL,01121,161586,1908346572,60874403,736.817,23.504,33.369314,-86.17593
Langlade,Langlade County,Yankeedom,Wisconsin,WI,55067,1581093,2255098142,44277570,870.698,17.096,45.254863,-89.06707
Foard,Foard County,Greater Appalachia,Texas,TX,48155,1383863,1824378631,8514741,704.397,3.288,33.963306,-99.816828
Buena Vista,Buena Vista County,The Midlands,Iowa,IA,19021,465200,1488981867,13798140,574.899,5.327,42.741522,-95.141432
Mills,Mills County,The Midlands,Iowa,IA,19129,465253,1132940500,8316363,437.431,3.211,41.033703,-95.619101
Real,Real County,El Norte,Texas,TX,48385,1383978,1810812879,2346259,699.159,0.906,29.830097,-99.812549
Delaware,Delaware County,Greater Appalachia,Ohio,OH,39041,1074033,1147744276,36698376,443.147,14.169,40.278941,-83.007462
Forsyth,Forsyth County,Greater Appalachia,North Carolina,NC,37067,1008552,1056328480,11658537,407.851,4.501,36.132466,-80.256961
Carson City,Carson City,The Far West,Nevada,NV,32510,863219,374341372,32594082,144.534,12.585,39.15306,-119.747368
Dallas,Dallas County,The Midlands,Iowa,IA,19049,465213,1523686079,8569247,588.299,3.309,41.68532,-94.040706
Carson,Carson County,Greater Appalachia,Texas,TX,48065,1383818,2383397227,10026604,920.235,3.871,35.405496,-101.355356
Sumter,Sumter County,Deep South,Georgia,GA,13261,343504,1250646286,25211441,482.877,9.734,32.042266,-84.204294
Wayne,Wayne County,Greater Appalachia,Missouri,MO,29223,758564,1966281377,38535344,759.186,14.879,37.111074,-90.453931
Anderson,Anderson County,Greater Appalachia,South Carolina,SC,45007,1247981,1848872592,108544389,713.854,41.909,34.521235,-82.638603
Carbon,Carbon County,The Far West,Wyoming,WY,56007,1605069,20455215114,171386122,7897.803,66.173,41.70359,-106.933153
Silver Bow,Silver Bow County,The Far West,Montana,MT,30093,1719575,1859568271,1518178,717.983,0.586,45.896232,-112.660071
Stephenson,Stephenson County,Yankeedom,Illinois,IL,17177,1785076,1461392061,1350223,564.247,0.521,42.349726,-89.665994
Lapeer,Lapeer County,Yankeedom,Michigan,MI,26087,1622986,1675677869,41080674,646.983,15.861,43.088633,-83.224325
Claiborne,Claiborne Parish,Deep South,Louisiana,LA,22027,558505,1954908518,32473223,754.794,12.538,32.82716,-92.989728
Yalobusha,Yalobusha County,Deep South,Mississippi,MS,28161,695801,1209914676,72140595,467.151,27.854,34.030666,-89.703807
Kalkaska,Kalkaska County,Yankeedom,Michigan,MI,26079,1622982,1449729130,28020186,559.744,10.819,44.678881,-85.088992
Evangeline,Evangeline Parish,New France,Louisiana,LA,22039,558551,1715687375,44662183,662.431,17.244,30.720693,-92.404086
Hardeman,Hardeman County,Deep South,Tennessee,TN,47069,1639750,1729509842,6768751,667.768,2.613,35.218785,-88.988697
Cochise,Cochise County,El Norte,Arizona,AZ,04003,25442,16083178104,17664572,6209.75,6.82,31.840129,-109.775163
Hidalgo,Hidalgo County,El Norte,New Mexico,NM,35023,929106,8905761778,23581028,3438.534,9.105,31.898052,-108.751929
Divide,Divide County,The Far West,North Dakota,ND,38023,1034234,3266310803,86676913,1261.13,33.466,48.814754,-103.509326
San Bernardino,San Bernardino County,The Far West,California,CA,06071,277300,51975908919,96406054,20068.011,37.223,34.856661,-116.181571
Montezuma,Montezuma County,The Far West,Colorado,CO,08083,198157,5255990018,27208195,2029.349,10.505,37.338025,-108.595786
Clarke,Clarke County,Deep South,Mississippi,MS,28023,695736,1791173034,5073931,691.576,1.959,32.045374,-88.687976
Marion,Marion County,The Midlands,Iowa,IA,19125,465251,1436123086,41484608,554.49,16.017,41.331433,-93.093868
Douglas,Douglas County,The Midlands,Nebraska,NE,31055,835849,845391130,33520307,326.407,12.942,41.297091,-96.154066
Fairfax,Fairfax city,Tidewater,Virginia,VA,51600,1789070,16162728,84155,6.24,0.032,38.853183,-77.299025
Harmon,Harmon County,Greater Appalachia,Oklahoma,OK,40057,1101816,1391491971,3800411,537.258,1.467,34.745971,-99.844194
Cedar,Cedar County,Greater Appalachia,Missouri,MO,29039,758474,1228870903,62637821,474.47,24.185,37.733655,-93.850014
Clarke,Clarke County,Deep South,Georgia,GA,13059,1672699,308784927,4688313,119.223,1.81,33.952185,-83.367152
Valley,Valley County,The Far West,Idaho,ID,16085,399756,9492613296,177110436,3665.119,68.383,44.85596,-115.618061
Knox,Knox County,Greater Appalachia,Texas,TX,48275,1383923,2203098614,12587673,850.621,4.86,33.61189,-99.730356
Ouachita,Ouachita County,Deep South,Arkansas,AR,05103,69170,1897738453,18185713,732.721,7.022,33.591168,-92.878413
Darke,Darke County,The Midlands,Ohio,OH,39037,1074031,1549077535,4244898,598.102,1.639,40.131467,-84.621191
Kay,Kay County,The Midlands,Oklahoma,OK,40071,1101823,2381745586,65578499,919.597,25.32,36.814885,-97.143862
Dewey,Dewey County,The Far West,South Dakota,SD,46041,1266994,5963127468,370089902,2302.376,142.893,45.148049,-100.837953
Tillamook,Tillamook County,The Left Coast,Oregon,OR,41057,1135864,2855123461,595798340,1102.369,230.039,45.45589,-123.759299
Coweta,Coweta County,Deep South,Georgia,GA,13077,326666,1142364907,12680737,441.07,4.896,33.352897,-84.762138
Simpson,Simpson County,Deep South,Mississippi,MS,28127,695784,1525930873,3378528,589.165,1.304,31.902505,-89.917709
Stone,Stone County,Deep South,Mississippi,MS,28131,695786,1153800120,6712351,445.485,2.592,30.790184,-89.112297
Contra Costa,Contra Costa County,The Left Coast,California,CA,06013,1675903,1856838508,225278783,716.929,86.981,37.919479,-121.951543
Carroll,Carroll County,Greater Appalachia,Tennessee,TN,47017,1639729,1547925981,6308712,597.658,2.436,35.965748,-88.452379
Henrico,Henrico County,Tidewater,Virginia,VA,51087,1480133,605215393,28886745,233.675,11.153,37.43752,-77.300333
Owen,Owen County,Greater Appalachia,Indiana,IN,18119,450379,997909074,6568942,385.295,2.536,39.317339,-86.838845
Westchester,Westchester County,Yankeedom,New York,NY,36119,974157,1115568257,179637627,430.723,69.358,41.152686,-73.745753
Bollinger,Bollinger County,Greater Appalachia,Missouri,MO,29017,758463,1600364576,8530122,617.904,3.293,37.318427,-90.024645
McDowell,McDowell County,Greater Appalachia,West Virginia,WV,54047,1689162,1381648569,3731571,533.458,1.441,37.38276,-81.658204
Harrison,Harrison County,Greater Appalachia,West Virginia,WV,54033,1718426,1077456355,1318839,416.008,0.509,39.279182,-80.386498
Granville,Granville County,Tidewater,North Carolina,NC,37077,1008556,1377850210,14503653,531.991,5.6,36.299884,-78.657634
New Haven,New Haven County,Yankeedom,Connecticut,CT,09009,212798,1565143226,667604268,604.305,257.763,41.349718,-72.900203
Pierce,Pierce County,The Midlands,Nebraska,NE,31139,835891,1484707270,3481943,573.249,1.344,42.271413,-97.610992
Bleckley,Bleckley County,Deep South,Georgia,GA,13023,347451,559106468,8441079,215.872,3.259,32.435403,-83.331717
Burke,Burke County,Deep South,Georgia,GA,13033,347944,2142015889,20578826,827.037,7.946,33.060181,-82.000164
Union,Union County,Greater Appalachia,Illinois,IL,17181,1785113,1070730016,22541671,413.411,8.703,37.485652,-89.244639
Kankakee,Kankakee County,The Midlands,Illinois,IL,17091,424247,1752101352,12458978,676.49,4.81,41.13951,-87.861117
McIntosh,McIntosh County,The Midlands,North Dakota,ND,38051,1034211,2524106808,51795568,974.563,19.998,46.108682,-99.416487
Platte,Platte County,The Midlands,Nebraska,NE,31141,835892,1745780718,27297317,674.05,10.54,41.576866,-97.513467
Warren,Warren County,Tidewater,North Carolina,NC,37185,1008593,1112117461,38615564,429.391,14.91,36.398105,-78.099899
Marion,Marion County,Deep South,Georgia,GA,13197,344107,947209658,3790127,365.72,1.463,32.359312,-84.528735
Clay,Clay County,The Midlands,South Dakota,SD,46027,1265764,1067154436,13955918,412.031,5.388,42.91615,-96.980468
Sussex,Sussex County,Tidewater,Delaware,DE,10005,217269,2424633517,674085951,936.156,260.266,38.673227,-75.337024
Jasper,Jasper County,Deep South,Georgia,GA,13159,346144,954167636,13100766,368.406,5.058,33.316981,-83.689151
Randolph,Randolph County,The Midlands,Missouri,MO,29175,758542,1250217879,13254192,482.712,5.117,39.439249,-92.492959
Butler,Butler County,Greater Appalachia,Kansas,KS,20015,484977,3702922899,43565303,1429.707,16.821,37.773649,-96.83884
Hays,Hays County,Greater Appalachia,Texas,TX,48209,1383890,1753033395,5054128,676.85,1.951,30.061225,-98.029267
Medina,Medina County,El Norte,Texas,TX,48325,1383948,3432666210,23759762,1325.36,9.174,29.353661,-99.111085
Mason,Mason County,Yankeedom,Michigan,MI,26105,1622995,1281963206,1935616622,494.969,747.346,43.957196,-86.442937
Beaufort,Beaufort County,Deep South,South Carolina,SC,45013,1247984,1491928837,899873956,576.037,347.443,32.358112,-80.689422
Yankton,Yankton County,The Midlands,South Dakota,SD,46135,1266975,1349873576,28676615,521.189,11.072,43.006603,-97.388361
Rock,Rock County,Yankeedom,Wisconsin,WI,55105,1581113,1860044984,20695798,718.167,7.991,42.66988,-89.075284
Pickens,Pickens County,Greater Appalachia,South Carolina,SC,45077,1248015,1287069061,40951482,496.94,15.811,34.885368,-82.723377
Columbia,Columbia County,The Far West,Washington,WA,53013,1513273,2249624779,12561759,868.585,4.85,46.29285,-117.911634
Clinton,Clinton County,Greater Appalachia,Indiana,IN,18023,450342,1049119194,461117,405.067,0.178,40.305944,-86.477567
Clinton,Clinton County,Greater Appalachia,Illinois,IL,17027,424215,1227502166,75634262,473.941,29.203,38.606295,-89.426228
Minidoka,Minidoka County,The Far West,Idaho,ID,16067,394807,1960610406,13928528,756.996,5.378,42.857211,-113.63984
Sullivan,Sullivan County,The Midlands,Pennsylvania,PA,42113,1213687,1165337409,6617028,449.939,2.555,41.439285,-76.511717
Rankin,Rankin County,Deep South,Mississippi,MS,28121,695781,2008521126,79231033,775.494,30.591,32.267123,-89.946063
Motley,Motley County,Greater Appalachia,Texas,TX,48345,1383958,2562963900,644140,989.566,0.249,34.057899,-100.793152
Lane,Lane County,The Left Coast,Oregon,OR,41039,1135855,11795042046,436061004,4554.091,168.364,43.928334,-122.897581
Wichita,Wichita County,Greater Appalachia,Texas,TX,48485,1384028,1625459967,13644166,627.594,5.268,33.988212,-98.70801
Shiawassee,Shiawassee County,Yankeedom,Michigan,MI,26155,1623018,1375198270,25833316,530.967,9.974,42.951545,-84.146352
Jewell,Jewell County,The Midlands,Kansas,KS,20089,485009,2356813568,11367163,909.971,4.389,39.777005,-98.222619
Mitchell,Mitchell County,The Midlands,Kansas,KS,20123,485026,1817632931,44979980,701.792,17.367,39.393026,-98.207362
Bradford,Bradford County,Deep South,Florida,FL,12007,303634,761362121,16905200,293.964,6.527,29.952386,-82.166698
Marion,Marion County,Deep South,Mississippi,MS,28091,695769,1404769598,16149945,542.385,6.236,31.230167,-89.821712
George,George County,Deep South,Mississippi,MS,28039,695744,1239816906,12838126,478.696,4.957,30.855431,-88.642268
Jo Daviess,Jo Daviess County,Yankeedom,Illinois,IL,17085,424244,1556385345,45789931,600.924,17.68,42.362391,-90.21147
Hancock,Hancock County,Greater Appalachia,Indiana,IN,18059,450357,792425161,2769690,305.957,1.069,39.822529,-85.77315
Franklin,Franklin city,Tidewater,Virginia,VA,51620,1498424,21438217,227442,8.277,0.088,36.684014,-76.941396
Midland,Midland County,Greater Appalachia,Texas,TX,48329,1383950,2331915358,4252951,900.358,1.642,31.814269,-102.002454
Scott,Scott County,The Far West,Kansas,KS,20171,485048,1858536838,306079,717.585,0.118,38.481877,-100.90636
Cascade,Cascade County,The Far West,Montana,MT,30013,1719622,6988324592,34310133,2698.207,13.247,47.316575,-111.350262
Harrisonburg,Harrisonburg city,Greater Appalachia,Virginia,VA,51660,1498563,44908386,131080,17.339,0.051,38.436255,-78.873303
Williamson,Williamson County,Greater Appalachia,Illinois,IL,17199,1785215,1088338913,62470509,420.21,24.12,37.730353,-88.930018
Flathead,Flathead County,The Far West,Montana,MT,30029,1719611,13175844498,437162491,5087.222,168.789,48.295422,-114.052059
Stevens,Stevens County,The Midlands,Kansas,KS,20189,485056,1883593926,464936,727.26,0.18,37.2017,-101.317268
Fayette,Fayette County,Greater Appalachia,Kentucky,KY,21067,516880,734617508,4920615,283.637,1.9,38.040678,-84.458272
Hancock,Hancock County,Greater Appalachia,Kentucky,KY,21091,516892,486071470,29136422,187.673,11.25,37.843325,-86.792761
Brown,Brown County,The Midlands,South Dakota,SD,46013,1265785,4436728205,46414569,1713.03,17.921,45.589254,-98.352175
Barbour,Barbour County,Greater Appalachia,West Virginia,WV,54001,1696996,883338376,4639586,341.059,1.791,39.139725,-79.996947
Wayne,Wayne County,Greater Appalachia,Tennessee,TN,47181,1639798,1901333937,4023436,734.109,1.553,35.242847,-87.819843
Box Butte,Box Butte County,The Far West,Nebraska,NE,31013,835991,2785180098,6588657,1075.364,2.544,42.21038,-103.081779
Northumberland,Northumberland County,The Midlands,Pennsylvania,PA,42097,1209186,1185344304,50674892,457.664,19.566,40.851524,-76.709877
Victoria,Victoria County,Deep South,Texas,TX,48469,1384020,2284644884,17425944,882.106,6.728,28.79637,-96.971198
Buena Vista,Buena Vista city,Greater Appalachia,Virginia,VA,51530,1498417,16674752,219579,6.438,0.085,37.729345,-79.358134
St. Clair,St. Clair County,Yankeedom,Michigan,MI,26147,1625033,1868709820,297833099,721.513,114.994,42.928803,-82.668913
Thurston,Thurston County,The Midlands,Nebraska,NE,31173,835908,1019377275,6458648,393.584,2.494,42.154061,-96.533943
Lamoille,Lamoille County,Yankeedom,Vermont,VT,50015,1461764,1197230858,12696348,462.253,4.902,44.611192,-72.632659
Franklin,Franklin County,Greater Appalachia,Virginia,VA,51067,1494434,1788671765,54404459,690.61,21.006,36.991186,-79.882715
Blaine,Blaine County,Greater Appalachia,Oklahoma,OK,40011,1101793,2404772749,26855431,928.488,10.369,35.877795,-98.429031
Kittitas,Kittitas County,The Far West,Washington,WA,53037,1531926,5949926850,92486168,2297.28,35.709,47.124441,-120.676709
Randolph,Randolph County,Greater Appalachia,Indiana,IN,18135,446853,1171656774,2420288,452.379,0.934,40.164079,-85.00579
Kane,Kane County,The Far West,Utah,UT,49025,1448026,10333912585,306169204,3989.946,118.213,37.275089,-111.815329
Tucker,Tucker County,Greater Appalachia,West Virginia,WV,54093,1689423,1085320044,5303786,419.044,2.048,39.111175,-79.559968
Crawford,Crawford County,Yankeedom,Wisconsin,WI,55023,1581071,1477970925,73976386,570.648,28.562,43.242768,-90.935185
Jackson,Jackson County,Greater Appalachia,Alabama,AL,01071,161561,2792044654,126334707,1078.015,48.778,34.764114,-85.980056
Mahaska,Mahaska County,The Midlands,Iowa,IA,19123,465250,1478498332,6594320,570.851,2.546,41.330797,-92.636366
Douglas,Douglas County,The Midlands,Kansas,KS,20045,484992,1180428103,48875040,455.766,18.871,38.896417,-95.290947
Daviess,Daviess County,Greater Appalachia,Kentucky,KY,21059,516876,1187227811,46825915,458.391,18.08,37.731671,-87.087139
Powell,Powell County,Greater Appalachia,Kentucky,KY,21197,516945,463558849,2953274,178.981,1.14,37.809907,-83.831354
Jasper,Jasper County,Greater Appalachia,Missouri,MO,29097,758503,1653723325,7163887,638.506,2.766,37.205197,-94.337259
Union,Union County,The Far West,Oregon,OR,41061,1164165,5275651490,4936782,2036.941,1.906,45.304081,-117.999149
Henry,Henry County,Deep South,Georgia,GA,13151,1671894,825449018,20273034,318.708,7.827,33.452947,-84.154021
Adams,Adams County,The Far West,North Dakota,ND,38001,1034210,2557733900,2894336,987.547,1.118,46.096815,-102.533198
Pamlico,Pamlico County,Tidewater,North Carolina,NC,37137,1023355,871570771,583036551,336.515,225.112,35.147575,-76.665268
Graves,Graves County,Greater Appalachia,Kentucky,KY,21083,516888,1429035010,13037984,551.754,5.034,36.723344,-88.649897
Cambria,Cambria County,Greater Appalachia,Pennsylvania,PA,42021,1213662,1780643391,13523237,687.51,5.221,40.510227,-78.710477
McMinn,McMinn County,Greater Appalachia,Tennessee,TN,47107,1639773,1113997311,5340568,430.117,2.062,35.424472,-84.619949
Livingston,Livingston County,Yankeedom,Michigan,MI,26093,1622989,1464077278,52117007,565.283,20.122,42.602532,-83.911718
Adams,Adams County,The Far West,Colorado,CO,08001,198116,3021830728,43701811,1166.735,16.873,39.874325,-104.331872
Lackawanna,Lackawanna County,Yankeedom,Pennsylvania,PA,42069,1213675,1188837920,15915780,459.013,6.145,41.440284,-75.609666
Pontotoc,Pontotoc County,Greater Appalachia,Oklahoma,OK,40123,1101849,1865856327,12574651,720.411,4.855,34.721415,-96.69178
Creek,Creek County,Greater Appalachia,Oklahoma,OK,40037,1101806,2460339013,50693031,949.942,19.573,35.907398,-96.380177
Tyler,Tyler County,Deep South,Texas,TX,48457,1384014,2394158684,29093511,924.39,11.233,30.769295,-94.375656
Van Buren,Van Buren County,Greater Appalachia,Tennessee,TN,47175,1648584,708142395,2893456,273.415,1.117,35.699234,-85.458409
Pottawatomie,Pottawatomie County,Greater Appalachia,Oklahoma,OK,40125,1101850,2040375639,14845673,787.793,5.732,35.211391,-96.957004
Tolland,Tolland County,Yankeedom,Connecticut,CT,09013,212668,1062807467,17549693,410.352,6.776,41.858081,-72.340978
Socorro,Socorro County,The Far West,New Mexico,NM,35053,1702371,17214061665,4843011,6646.387,1.87,33.991658,-106.939136
Atkinson,Atkinson County,Deep South,Georgia,GA,13003,345784,887636774,4701677,342.718,1.815,31.296806,-82.878151
Duval,Duval County,Deep South,Florida,FL,12031,293656,1975244256,403564956,762.646,155.817,30.335245,-81.648113
Falls,Falls County,Deep South,Texas,TX,48145,1383858,1982623099,21693053,765.495,8.376,31.25193,-96.934127
Yell,Yell County,Greater Appalachia,Arkansas,AR,05149,69908,2409234392,46381281,930.211,17.908,34.997713,-93.408303
Comanche,Comanche County,The Midlands,Kansas,KS,20033,484986,2041681089,3604155,788.298,1.392,37.181442,-99.251293
Jessamine,Jessamine County,Greater Appalachia,Kentucky,KY,21113,516903,445910433,6126961,172.167,2.366,37.873291,-84.58396
Monroe,Monroe County,Greater Appalachia,Kentucky,KY,21171,516932,853220889,6801900,329.43,2.626,36.714077,-85.713508
Kiowa,Kiowa County,Greater Appalachia,Oklahoma,OK,40075,1101825,2629039886,40296743,1015.078,15.559,34.921489,-98.981617
Lake,Lake County,The Midlands,South Dakota,SD,46079,1265776,1457879899,31783045,562.891,12.272,44.02845,-97.123223
Caswell,Caswell County,Tidewater,North Carolina,NC,37033,1008542,1101694783,8641803,425.367,3.337,36.394298,-79.339609
Presidio,Presidio County,El Norte,Texas,TX,48377,1383974,9985057448,1773188,3855.252,0.685,30.005891,-104.261619
Greene,Greene County,Greater Appalachia,Ohio,OH,39057,1074041,1071111594,6802048,413.559,2.626,39.687479,-83.894894
Willacy,Willacy County,El Norte,Texas,TX,48489,1384030,1529652214,502884780,590.602,194.165,26.481861,-97.594731
Los Alamos,Los Alamos County,The Far West,New Mexico,NM,35028,1702366,282626748,208105,109.123,0.08,35.870047,-106.307968
Baldwin,Baldwin County,Deep South,Alabama,AL,01003,161527,4117656199,1132956041,1589.836,437.437,30.659218,-87.746067
Appanoose,Appanoose County,The Midlands,Iowa,IA,19007,465193,1287973257,49093607,497.289,18.955,40.744249,-92.873065
New Kent,New Kent County,Tidewater,Virginia,VA,51127,1480150,543988863,35597682,210.035,13.744,37.51016,-76.999331
Talbot,Talbot County,Deep South,Georgia,GA,13263,326757,1013662778,8766848,391.377,3.385,32.704603,-84.530029
Lewis,Lewis County,Yankeedom,New York,NY,36049,974123,3301307189,39612949,1274.642,15.295,43.782681,-75.44414
Clay,Clay County,Greater Appalachia,West Virginia,WV,54015,1550014,885617417,4862288,341.939,1.877,38.459826,-81.081866
Jefferson,Jefferson County,Greater Appalachia,Indiana,IN,18077,450363,934053824,6143080,360.64,2.372,38.783604,-85.44009
Bedford,Bedford County,Greater Appalachia,Virginia,VA,51019,1674818,1968660755,42062887,760.104,16.241,37.312257,-79.527223
Mora,Mora County,El Norte,New Mexico,NM,35033,1702367,4988962636,6093304,1926.249,2.353,35.982841,-104.921898
Boone,Boone County,The Midlands,Nebraska,NE,31011,835828,1778138686,1745891,686.543,0.674,41.703934,-98.070476
Oregon,Oregon County,Greater Appalachia,Missouri,MO,29149,758529,2045687598,4528441,789.844,1.748,36.68531,-91.401827
Houston,Houston County,Greater Appalachia,Tennessee,TN,47083,1648578,518758193,17303404,200.294,6.681,36.285782,-87.705598
Wyoming,Wyoming County,Yankeedom,Pennsylvania,PA,42131,1209192,1029198657,20028557,397.376,7.733,41.525173,-76.008731
Lenoir,Lenoir County,Deep South,North Carolina,NC,37107,1008568,1033630013,5900299,399.087,2.278,35.240066,-77.635514
Vigo,Vigo County,Greater Appalachia,Indiana,IN,18167,450398,1045344987,17716575,403.61,6.84,39.429143,-87.390375
Elkhart,Elkhart County,The Midlands,Indiana,IN,18039,450348,1199580232,12457801,463.161,4.81,41.600693,-85.863986
Grayson,Grayson County,Greater Appalachia,Virginia,VA,51077,1501196,1144218746,9792929,441.785,3.781,36.652229,-81.215324
Lubbock,Lubbock County,Greater Appalachia,Texas,TX,48303,1383937,2319597749,13210797,895.602,5.101,33.611469,-101.819944
Meeker,Meeker County,Yankeedom,Minnesota,MN,27093,659492,1574633146,94919645,607.969,36.649,45.123155,-94.527346
Ashland,Ashland County,The Midlands,Ohio,OH,39005,1074016,1095530837,9966470,422.987,3.848,40.843273,-82.270127
Madison,Madison County,The Midlands,Nebraska,NE,31119,835880,1483084608,7325865,572.622,2.829,41.909929,-97.606856
Martin,Martin County,Deep South,Florida,FL,12085,308550,1408491293,542091557,543.822,209.303,27.083604,-80.398201
Mineral,Mineral County,The Far West,Colorado,CO,08079,198155,2268209076,5222161,875.76,2.016,37.549067,-107.003236
Dawson,Dawson County,Greater Appalachia,Georgia,GA,13085,351312,546042258,9272655,210.828,3.58,34.442608,-84.173261
Johnson,Johnson County,Deep South,Georgia,GA,13167,346664,784815230,9256633,303.019,3.574,32.694584,-82.66397
Monroe,Monroe County,Deep South,Arkansas,AR,05095,69167,1573336900,35707672,607.469,13.787,34.679512,-91.20331
Dallas,Dallas County,Greater Appalachia,Missouri,MO,29059,758484,1401057564,4909180,540.951,1.895,37.683583,-93.033815
Pittsylvania,Pittsylvania County,Greater Appalachia,Virginia,VA,51143,1480157,2509705676,23903849,969.003,9.229,36.821721,-79.398502
Pawnee,Pawnee County,The Midlands,Kansas,KS,20145,485036,1953531647,992041,754.263,0.383,38.181477,-99.234772
Wyandotte,Wyandotte County,The Midlands,Kansas,KS,20209,485065,392739381,11801597,151.638,4.557,39.115384,-94.763087
Dixie,Dixie County,Deep South,Florida,FL,12029,295725,1826029565,876347537,705.034,338.36,29.552675,-83.236232
Tuscola,Tuscola County,Yankeedom,Michigan,MI,26157,1623019,2084554697,282463217,804.851,109.06,43.487902,-83.436618
Graham,Graham County,The Far West,Kansas,KS,20065,481811,2327173854,599356,898.527,0.231,39.354972,-99.879894
St. Landry,St. Landry Parish,New France,Louisiana,LA,22097,1629479,2393224007,39013551,924.029,15.063,30.583441,-91.989274
Giles,Giles County,Greater Appalachia,Tennessee,TN,47055,1639746,1582304899,642572,610.931,0.248,35.202723,-87.035319
Lucas,Lucas County,The Midlands,Ohio,OH,39095,1074060,879723724,663488658,339.663,256.174,41.682321,-83.468903
Mississippi,Mississippi County,Deep South,Arkansas,AR,05093,69899,2336409934,72224609,902.093,27.886,35.766944,-90.052207
Floyd,Floyd County,Greater Appalachia,Indiana,IN,18043,450350,384564471,2706773,148.481,1.045,38.318081,-85.911847
Morton,Morton County,The Midlands,Kansas,KS,20129,485135,1889993632,507796,729.731,0.196,37.185249,-101.809516
Grant,Grant County,Greater Appalachia,Kentucky,KY,21081,516887,668157704,7243449,257.977,2.797,38.649167,-84.625924
Taylor,Taylor County,Greater Appalachia,Kentucky,KY,21217,516955,689891733,27072003,266.369,10.453,37.36621,-85.328059
Graham,Graham County,Greater Appalachia,North Carolina,NC,37075,1008555,756189029,25057776,291.966,9.675,35.348364,-83.830915
Logan,Logan County,Greater Appalachia,West Virginia,WV,54045,1550029,1175120719,4748336,453.717,1.833,37.830591,-81.940853
Pleasants,Pleasants County,Greater Appalachia,West Virginia,WV,54073,1678557,337007574,11468023,130.119,4.428,39.368133,-81.161172
Giles,Giles County,Greater Appalachia,Virginia,VA,51071,1494551,925207102,11232500,357.224,4.337,37.318072,-80.698321
Fayette,Fayette County,Greater Appalachia,West Virginia,WV,54019,1560095,1713569360,17443841,661.613,6.735,38.030933,-81.086051
Snohomish,Snohomish County,The Left Coast,Washington,WA,53061,1529222,5404075989,282894902,2086.525,109.226,48.054913,-121.765038
Eddy,Eddy County,El Norte,New Mexico,NM,35015,936829,10816688007,56493049,4176.347,21.812,32.457835,-104.306434
McPherson,McPherson County,The Far West,Nebraska,NE,31117,835881,2225460624,2680669,859.255,1.035,41.648414,-101.120851
Red Willow,Red Willow County,The Far West,Nebraska,NE,31145,835894,1857036304,2591016,717.006,1,40.16942,-100.468576
Rock,Rock County,The Far West,Nebraska,NE,31149,835896,2611466193,8807741,1008.293,3.401,42.394749,-99.420851
Humphreys,Humphreys County,Greater Appalachia,Tennessee,TN,47085,1639757,1374668727,67184110,530.763,25.94,36.040822,-87.790453
Mason,Mason County,Greater Appalachia,Illinois,IL,17125,424261,1396914848,62748513,539.352,24.227,40.236993,-89.913575
Wythe,Wythe County,Greater Appalachia,Virginia,VA,51197,1501379,1196450502,7232493,461.952,2.792,36.899867,-81.083001
Washington,Washington County,Deep South,Georgia,GA,13303,348428,1757373959,15099021,678.526,5.83,32.971843,-82.798112
Yakima,Yakima County,The Far West,Washington,WA,53077,1531929,11122734368,41188783,4294.512,15.903,46.456558,-120.740145
Washington,Washington County,Greater Appalachia,Arkansas,AR,05143,69905,2438398331,27945135,941.471,10.79,35.978001,-94.217269
Henderson,Henderson County,Deep South,Texas,TX,48213,1383892,2263082389,193353703,873.781,74.654,32.211633,-95.853418
Eau Claire,Eau Claire County,Yankeedom,Wisconsin,WI,55035,1581077,1652211227,18848551,637.922,7.277,44.726355,-91.286414
Sequatchie,Sequatchie County,Greater Appalachia,Tennessee,TN,47153,1652643,688550848,498315,265.851,0.192,35.372336,-85.410082
Walker,Walker County,Deep South,Texas,TX,48471,1384021,2031126325,44745757,784.222,17.276,30.743163,-95.569825
Coconino,Coconino County,The Far West,Arizona,AZ,04005,25443,48216135399,116631422,18616.355,45.032,35.829692,-111.773728
Sumner,Sumner County,The Midlands,Kansas,KS,20191,481812,3060505685,8512878,1181.668,3.287,37.236662,-97.493352
Oceana,Oceana County,Yankeedom,Michigan,MI,26127,1623006,1393686390,1988709489,538.105,767.845,43.603954,-86.467177
Kanabec,Kanabec County,Yankeedom,Minnesota,MN,27065,659478,1350962864,31252182,521.61,12.067,45.94776,-93.297788
Ashtabula,Ashtabula County,Yankeedom,Ohio,OH,39007,1074017,1818345034,1724513202,702.067,665.838,41.906637,-80.745592
Alpine,Alpine County,The Far West,California,CA,06003,1675840,1912292607,12557304,738.34,4.848,38.621783,-119.798352
Galveston,Galveston County,Deep South,Texas,TX,48167,1383869,982346326,1281011355,379.286,494.601,29.233453,-94.888456
Bullock,Bullock County,Deep South,Alabama,AL,01011,161531,1613083467,6030667,622.815,2.328,32.101759,-85.717261
Livingston,Livingston County,The Midlands,Illinois,IL,17105,424254,2702983878,5975815,1043.628,2.307,40.894376,-88.552852
Preble,Preble County,Greater Appalachia,Ohio,OH,39135,1074080,1098741137,6062721,424.226,2.341,39.73881,-84.644758
Jackson,Jackson County,Greater Appalachia,Ohio,OH,39079,1074052,1088598926,3167846,420.31,1.223,39.013477,-82.614142
Harris,Harris County,Deep South,Texas,TX,48201,1383886,4421015900,182431712,1706.964,70.437,29.857273,-95.393037
Middlesex,Middlesex County,Yankeedom,Massachusetts,MA,25017,606935,2118236393,75318289,817.856,29.081,42.481718,-71.394916
Dawson,Dawson County,Greater Appalachia,Texas,TX,48115,1383843,2331781561,4720730,900.306,1.823,32.742528,-101.948771
Ontario,Ontario County,Yankeedom,New York,NY,36069,974133,1668147120,47854414,644.075,18.477,42.856357,-77.303497
Autauga,Autauga County,Deep South,Alabama,AL,01001,161526,1539634184,25674812,594.456,9.913,32.532237,-86.64644
Miami,Miami County,The Midlands,Kansas,KS,20121,485025,1491519067,37235270,575.879,14.377,38.566772,-94.832963
Dodge,Dodge County,Deep South,Georgia,GA,13091,348116,1284538002,18529136,495.963,7.154,32.164369,-83.167866
Cortland,Cortland County,Yankeedom,New York,NY,36023,974110,1291817953,7110638,498.774,2.745,42.594039,-76.07624
Camden,Camden County,Deep South,Georgia,GA,13039,1671316,1632622505,392508756,630.359,151.548,30.913358,-81.642019
Washtenaw,Washtenaw County,Yankeedom,Michigan,MI,26161,1623021,1828539717,42523319,706.003,16.418,42.252217,-83.843423
LaGrange,LaGrange County,The Midlands,Indiana,IN,18087,450368,983236299,18318588,379.63,7.073,41.642462,-85.427845
Pecos,Pecos County,El Norte,Texas,TX,48371,1383971,12338274936,2532275,4763.835,0.978,30.773298,-102.718153
Peach,Peach County,Deep South,Georgia,GA,13225,343153,389234765,2678496,150.284,1.034,32.571324,-83.831978
White,White County,Greater Appalachia,Georgia,GA,13311,326781,623524633,3917258,240.744,1.512,34.644182,-83.743
Jefferson,Jefferson County,Deep South,Georgia,GA,13163,345714,1363771357,8059597,526.555,3.112,33.058176,-82.420004
Oconto,Oconto County,Yankeedom,Wisconsin,WI,55083,1581102,2583464370,392038653,997.481,151.367,44.996575,-88.206516
Nacogdoches,Nacogdoches County,Deep South,Texas,TX,48347,1383959,2450966944,89731149,946.324,34.645,31.62056,-94.62025
Washington,Washington County,Yankeedom,Rhode Island,RI,44009,1219782,852827573,604769755,329.279,233.503,41.396792,-71.620282
Okanogan,Okanogan County,The Far West,Washington,WA,53047,1531928,13639398051,120413773,5266.201,46.492,48.548453,-119.742235
Spokane,Spokane County,The Far West,Washington,WA,53063,1529225,4569307859,43418590,1764.22,16.764,47.620375,-117.403371
Forest,Forest County,Yankeedom,Wisconsin,WI,55041,1581080,2626878527,83594162,1014.244,32.276,45.666881,-88.773326
Sawyer,Sawyer County,Yankeedom,Wisconsin,WI,55113,1581116,3257188233,239912003,1257.607,92.631,45.864911,-91.147133
Hudson,Hudson County,Yankeedom,New Jersey,NJ,34017,882278,119640822,41836491,46.194,16.153,40.731375,-74.078601
Stark,Stark County,The Midlands,Ohio,OH,39151,1065576,1489930012,13646459,575.265,5.269,40.814131,-81.365667
Guadalupe,Guadalupe County,Greater Appalachia,Texas,TX,48187,1383879,1842136053,9157037,711.253,3.536,29.582671,-97.948995
Island,Island County,The Left Coast,Washington,WA,53029,1513272,539943913,799920796,208.474,308.851,48.158554,-122.670649
Jefferson,Jefferson County,Greater Appalachia,West Virginia,WV,54037,1550025,542072983,6150170,209.296,2.375,39.307398,-77.86322
Prince William,Prince William County,Tidewater,Virginia,VA,51153,1480161,868309976,30837608,335.256,11.906,38.701119,-77.479579
Chester,Chester County,The Midlands,Pennsylvania,PA,42029,1209174,1943905797,22412288,750.546,8.653,39.974029,-75.749751
Mercer,Mercer County,Greater Appalachia,West Virginia,WV,54055,1557645,1085106057,4442450,418.962,1.715,37.403448,-81.106456
Roane,Roane County,Greater Appalachia,Tennessee,TN,47145,1639785,934370822,88614648,360.763,34.214,35.84725,-84.523929
Clallam,Clallam County,The Left Coast,Washington,WA,53009,1531341,4503318282,2409404421,1738.741,930.276,48.110903,-123.88986
Stevens,Stevens County,The Far West,Washington,WA,53065,1531930,6415653629,162946193,2477.098,62.914,48.388728,-117.854455
Van Buren,Van Buren County,The Midlands,Iowa,IA,19177,465277,1255605714,14880499,484.792,5.745,40.754117,-91.952943
Gosper,Gosper County,The Far West,Nebraska,NE,31073,835858,1186616217,11831826,458.155,4.568,40.509095,-99.823206
Monroe,Monroe County,Deep South,Mississippi,MS,28095,695771,1981578016,18140832,765.092,7.004,33.89003,-88.485038
Escambia,Escambia County,Deep South,Florida,FL,12033,295737,1701603649,1213972864,656.993,468.718,30.529998,-87.320322
Tarrant,Tarrant County,Greater Appalachia,Texas,TX,48439,1384005,2241078404,99782500,865.285,38.526,32.772119,-97.291224
Prince George's,Prince George's County,Tidewater,Maryland,MD,24033,1714670,1250057213,41922695,482.65,16.186,38.829278,-76.848188
Scott,Scott County,Greater Appalachia,Virginia,VA,51169,1498172,1387786258,8105326,535.827,3.129,36.712776,-82.613624
Jackson,Jackson County,Deep South,Texas,TX,48239,1383905,2148246693,71039573,829.443,27.429,28.959802,-96.58908
Love,Love County,Greater Appalachia,Oklahoma,OK,40085,1101830,1331030675,47500741,513.914,18.34,33.957804,-97.245093
Twiggs,Twiggs County,Deep South,Georgia,GA,13289,345456,930478093,8740237,359.26,3.375,32.665847,-83.425879
Mahoning,Mahoning County,The Midlands,Ohio,OH,39099,1074062,1065748187,35455920,411.488,13.69,41.01088,-80.770396
Macon,Macon County,Deep South,Alabama,AL,01087,161569,1576435594,11765508,608.665,4.543,32.387027,-85.692887
Wayne,Wayne County,Greater Appalachia,Illinois,IL,17191,424296,1848810380,4224962,713.83,1.631,38.431857,-88.43243
Swisher,Swisher County,Greater Appalachia,Texas,TX,48437,1384004,2305502705,27277988,890.16,10.532,34.526319,-101.743865
Osage,Osage County,Greater Appalachia,Missouri,MO,29151,758530,1571034361,17734586,606.58,6.847,38.464253,-91.859504
Kane,Kane County,Yankeedom,Illinois,IL,17089,424246,1345149889,12474716,519.365,4.817,41.939594,-88.42804
El Dorado,El Dorado County,The Far West,California,CA,06017,277273,4423309715,203342317,1707.85,78.511,38.785612,-120.534225
Kershaw,Kershaw County,Deep South,South Carolina,SC,45055,1248007,1881916535,35348695,726.612,13.648,34.338356,-80.590885
Gates,Gates County,Tidewater,North Carolina,NC,37073,1026126,882181709,13292008,340.612,5.132,36.442135,-76.702355
Otero,Otero County,El Norte,Colorado,CO,08089,198160,3268424301,20092555,1261.946,7.758,37.88417,-103.72126
Douglas,Douglas County,The Left Coast,Oregon,OR,41019,1135849,13042430333,251869766,5035.711,97.247,43.286328,-123.154476
Monroe,Monroe County,The Midlands,Pennsylvania,PA,42089,1209184,1575636945,22673964,608.357,8.754,41.05624,-75.329065
Newton,Newton County,Greater Appalachia,Arkansas,AR,05101,69900,2126566287,5935948,821.072,2.292,35.910742,-93.215898
Cavalier,Cavalier County,Yankeedom,North Dakota,ND,38019,1035304,3856816536,53639348,1489.125,20.71,48.768439,-98.46379
Noble,Noble County,The Midlands,Oklahoma,OK,40103,1101839,1895123227,28103707,731.711,10.851,36.384901,-97.236335
Gove,Gove County,The Far West,Kansas,KS,20063,485000,2775601942,245369,1071.666,0.095,38.917239,-100.48736
Pointe Coupee,Pointe Coupee Parish,Deep South,Louisiana,LA,22077,559449,1442300231,86716680,556.875,33.481,30.708319,-91.604621
Gage,Gage County,The Midlands,Nebraska,NE,31067,835855,2205273758,22012188,851.461,8.499,40.255234,-96.683453
St. Clair,St. Clair County,Deep South,Alabama,AL,01115,164997,1635759732,56431785,631.57,21.788,33.719491,-86.311327
Scott,Scott County,Deep South,Mississippi,MS,28123,695782,1577902083,3001523,609.231,1.159,32.411959,-89.533486
Dougherty,Dougherty County,Deep South,Georgia,GA,13095,351259,851183381,15352851,328.644,5.928,31.532588,-84.20904
Harrison,Harrison County,Greater Appalachia,Indiana,IN,18061,451677,1253823026,5278989,484.104,2.038,38.186454,-86.103766
Bonner,Bonner County,The Far West,Idaho,ID,16017,395158,4489020248,478920605,1733.22,184.912,48.316796,-116.612362
Catoosa,Catoosa County,Greater Appalachia,Georgia,GA,13047,353230,419998923,771159,162.162,0.298,34.900212,-85.139385
LaSalle,LaSalle Parish,Deep South,Louisiana,LA,22059,558049,1618363236,97655624,624.854,37.705,31.680083,-92.161596
Waldo,Waldo County,Yankeedom,Maine,ME,23027,581299,1890616317,318014823,729.971,122.786,44.505822,-69.138961
Howard,Howard County,The Midlands,Maryland,MD,24027,1709077,649956422,6336170,250.95,2.446,39.252264,-76.924406
Salt Lake,Salt Lake County,The Far West,Utah,UT,49035,1448031,1921953041,164895908,742.07,63.667,40.667883,-111.92424
Hartford,Hartford County,Yankeedom,Connecticut,CT,09003,212338,1903467948,40619801,734.933,15.683,41.806053,-72.732916
Windham,Windham County,Yankeedom,Connecticut,CT,09015,212801,1328477629,21478813,512.928,8.293,41.824999,-71.990702
Monroe,Monroe County,Part of the Spanish Caribbean,Florida,FL,12087,295759,2546067521,11153842007,983.042,4306.523,25.58612,-81.022603
Tuscarawas,Tuscarawas County,The Midlands,Ohio,OH,39157,1074090,1469530293,10408848,567.389,4.019,40.44749,-81.471105
Richmond,Richmond County,Yankeedom,New York,NY,36085,974141,148982680,117441533,57.523,45.344,40.561263,-74.1399
Highland,Highland County,Greater Appalachia,Ohio,OH,39071,1074048,1432479980,12194983,553.084,4.709,39.184422,-83.601359
Lake of the Woods,Lake of the Woods County,Yankeedom,Minnesota,MN,27077,659483,3361396303,1248338649,1297.842,481.986,48.7681,-94.904633
Bingham,Bingham County,The Far West,Idaho,ID,16011,400593,5422741967,68632371,2093.732,26.499,43.216357,-112.399206
Greenville,Greenville County,Greater Appalachia,South Carolina,SC,45045,1245489,2035557951,24973599,785.933,9.642,34.892645,-82.372077
Lyman,Lyman County,The Far West,South Dakota,SD,46085,1265789,4253498542,167300393,1642.285,64.595,43.894812,-99.841925
Trempealeau,Trempealeau County,Yankeedom,Wisconsin,WI,55121,1581120,1898383310,23321910,732.97,9.005,44.30305,-91.358867
Yolo,Yolo County,The Left Coast,California,CA,06113,277321,2628145869,22877242,1014.733,8.833,38.679609,-121.90275
Sterling,Sterling County,Greater Appalachia,Texas,TX,48431,1384001,2391722770,167451,923.449,0.065,31.835773,-101.054911
Winkler,Winkler County,Greater Appalachia,Texas,TX,48495,1384033,2178876165,19838,841.269,0.008,31.832862,-103.054925
Jackson,Jackson County,The Far West,South Dakota,SD,46071,1265794,4827433521,19106096,1863.883,7.377,43.677506,-101.626323
Sevier,Sevier County,The Far West,Utah,UT,49041,1448034,4948000056,20260728,1910.434,7.823,38.746824,-111.81193
Charles City,Charles City County,Tidewater,Virginia,VA,51036,1480109,473711548,55274680,182.901,21.342,37.361054,-77.05417
Choctaw,Choctaw County,Deep South,Alabama,AL,01023,161537,2365900081,19114321,913.479,7.38,31.990954,-88.248889
Knox,Knox County,Greater Appalachia,Indiana,IN,18083,450366,1335984786,20892977,515.827,8.067,38.688391,-87.420354
Dawson,Dawson County,The Far West,Nebraska,NE,31047,835845,2623809793,16509199,1013.059,6.374,40.86784,-99.815583
Ford,Ford County,The Midlands,Kansas,KS,20057,484997,2844508242,2097356,1098.271,0.81,37.688416,-99.884748
Williams,Williams County,The Far West,North Dakota,ND,38105,1035306,5380959456,181836562,2077.6,70.207,48.355765,-103.501333
Cass,Cass County,Yankeedom,North Dakota,ND,38017,1034226,4571159457,7449198,1764.935,2.876,46.927003,-97.252375
Hardin,Hardin County,Greater Appalachia,Illinois,IL,17069,424236,459435094,10485761,177.389,4.049,37.517852,-88.266148
Arthur,Arthur County,The Far West,Nebraska,NE,31005,835825,1852234549,7644718,715.152,2.952,41.57193,-101.695917
Frio,Frio County,El Norte,Texas,TX,48163,1383867,2935753502,2193621,1133.501,0.847,28.869383,-99.109005
Johnson,Johnson County,The Midlands,Iowa,IA,19103,465240,1587662015,26064625,613,10.064,41.670668,-91.590529
Neosho,Neosho County,Greater Appalachia,Kansas,KS,20133,485030,1480129682,16350961,571.481,6.313,37.564283,-95.315682
Greenup,Greenup County,Greater Appalachia,Kentucky,KY,21089,516891,892153290,25863982,344.462,9.986,38.563562,-82.93382
Linn,Linn County,Greater Appalachia,Kansas,KS,20107,485018,1538662702,31893232,594.081,12.314,38.216549,-94.844932
Garfield,Garfield County,The Far West,Utah,UT,49017,1448023,13403572593,85610782,5175.149,33.055,37.831664,-111.450908
Eureka,Eureka County,The Far West,Nevada,NV,32011,858640,10814982421,11058701,4175.688,4.27,39.977788,-116.272208
Hayes,Hayes County,The Far West,Nebraska,NE,31085,835864,1846821531,570786,713.062,0.22,40.537234,-101.047963
Phillips,Phillips County,The Far West,Colorado,CO,08095,198163,1781724976,301808,687.928,0.117,40.594712,-102.345105
Calhoun,Calhoun County,Deep South,Arkansas,AR,05013,63758,1628067881,9885352,628.601,3.817,33.56046,-92.513879
Henderson,Henderson County,Greater Appalachia,Kentucky,KY,21101,516897,1130079863,75695856,436.326,29.226,37.792542,-87.572577
Holmes,Holmes County,Deep South,Mississippi,MS,28051,695749,1959776830,20568825,756.674,7.942,33.125942,-90.091197
Oktibbeha,Oktibbeha County,Deep South,Mississippi,MS,28105,695775,1186834318,9566078,458.239,3.693,33.422313,-88.876151
Fergus,Fergus County,The Far West,Montana,MT,30027,1719614,11238811035,27700317,4339.329,10.695,47.221816,-109.232956
Garrett,Garrett County,Greater Appalachia,Maryland,MD,24023,1711058,1681102437,22498420,649.077,8.687,39.547299,-79.274619
Webster,Webster Parish,Deep South,Louisiana,LA,22119,559567,1536612362,56022945,593.289,21.631,32.732152,-93.339825
Hillsdale,Hillsdale County,Yankeedom,Michigan,MI,26059,1622972,1549207166,22939100,598.152,8.857,41.927461,-84.637479
Logan,Logan County,Greater Appalachia,Kentucky,KY,21141,516917,1430224002,12479211,552.213,4.818,36.859607,-86.881288
Custer,Custer County,The Far West,South Dakota,SD,46033,1265788,4032463966,5490769,1556.943,2.12,43.684943,-103.46225
Merrimack,Merrimack County,Yankeedom,New Hampshire,NH,33013,873180,2416197730,57178203,932.899,22.077,43.299579,-71.680041
York,York County,The Midlands,Pennsylvania,PA,42133,1209193,2342295972,16503210,904.366,6.372,39.921751,-76.728889
Rutherford,Rutherford County,Greater Appalachia,North Carolina,NC,37161,1008584,1464476090,4692959,565.437,1.812,35.402747,-81.919582
Beadle,Beadle County,The Midlands,South Dakota,SD,46005,1266986,3260011987,15834230,1258.698,6.114,44.418265,-98.279422
Cullman,Cullman County,Greater Appalachia,Alabama,AL,01043,161547,1902962812,52533095,734.738,20.283,34.131923,-86.869267
Douglas,Douglas County,Deep South,Georgia,GA,13097,1686467,518355012,2423527,200.138,0.936,33.701242,-84.767314
Johnson,Johnson County,The Midlands,Nebraska,NE,31097,835870,974029895,1704834,376.075,0.658,40.394955,-96.265264
Washington,Washington County,Tidewater,North Carolina,NC,37187,1026331,897456201,195282199,346.51,75.399,35.844713,-76.572291
Jones,Jones County,The Far West,South Dakota,SD,46075,1266981,2511438719,3147179,969.672,1.215,43.951991,-100.686138
Anson,Anson County,Greater Appalachia,North Carolina,NC,37007,1008534,1376478143,14603213,531.461,5.638,34.974972,-80.109763
Billings,Billings County,The Far West,North Dakota,ND,38007,1035616,2974571272,11986463,1148.488,4.628,47.007044,-103.364016
Antelope,Antelope County,The Midlands,Nebraska,NE,31003,835824,2220025613,3716675,857.157,1.435,42.183225,-98.058037
Gasconade,Gasconade County,Greater Appalachia,Missouri,MO,29073,758491,1344216322,18008168,519.005,6.953,38.441183,-91.50578
Butler,Butler County,Greater Appalachia,Kentucky,KY,21031,516862,1103571982,13943050,426.092,5.383,37.207013,-86.682471
Campbell,Campbell County,The Far West,Wyoming,WY,56005,1605068,12437291886,11010427,4802.065,4.251,44.191999,-105.517014
Morgan,Morgan County,Deep South,Georgia,GA,13211,346008,899791096,18672319,347.411,7.209,33.598696,-83.499435
Cross,Cross County,Deep South,Arkansas,AR,05037,66848,1596255194,15389371,616.318,5.942,35.285692,-90.763984
Phillips,Phillips County,Deep South,Arkansas,AR,05107,69172,1788024160,95966884,690.36,37.053,34.423687,-90.855593
St. James,St. James Parish,New France,Louisiana,LA,22093,1629464,616057915,38773983,237.861,14.971,30.024777,-90.793956
Yuba,Yuba County,The Far West,California,CA,06115,277322,1636887865,31084093,632.006,12.002,39.27013,-121.344259
Shelby,Shelby County,Deep South,Alabama,AL,01117,161584,2034279155,62288767,785.44,24.05,33.263043,-86.678089
Ouray,Ouray County,The Far West,Colorado,CO,08091,198161,1400332623,3986292,540.671,1.539,38.154731,-107.78848
Curry,Curry County,Greater Appalachia,New Mexico,NM,35009,933053,3640295680,7992977,1405.526,3.086,34.572984,-103.346055
Washita,Washita County,Greater Appalachia,Oklahoma,OK,40149,1101862,2597989577,14579003,1003.089,5.629,35.289497,-98.991436
Orange,Orange County,Tidewater,North Carolina,NC,37135,1008576,1029673918,8806896,397.559,3.4,36.062526,-79.120034
Pulaski,Pulaski County,The Midlands,Indiana,IN,18131,446852,1123212810,2224813,433.675,0.859,41.045272,-86.692538
Benzie,Benzie County,Yankeedom,Michigan,MI,26019,1622952,828014457,1398245676,319.698,539.866,44.636844,-86.231999
Erie,Erie County,Yankeedom,New York,NY,36029,974113,2700660508,476879106,1042.731,184.124,42.752759,-78.778192
Montgomery,Montgomery County,The Midlands,Maryland,MD,24031,1712500,1277148686,35731155,493.11,13.796,39.137381,-77.203063
Manassas Park,Manassas Park city,Tidewater,Virginia,VA,51685,1498431,7857548,1609,3.034,0.001,38.769398,-77.442323
Arlington,Arlington County,Tidewater,Virginia,VA,51013,1480097,67332990,273562,25.997,0.106,38.878337,-77.100703
Carroll,Carroll County,Greater Appalachia,Virginia,VA,51035,1480108,1229582400,7586185,474.744,2.929,36.731963,-80.727831
St. Charles,St. Charles County,The Midlands,Missouri,MO,29183,758546,1451692101,82663655,560.501,31.917,38.781102,-90.674915
San Benito,San Benito County,The Left Coast,California,CA,06069,277299,3596591085,4719300,1388.652,1.822,36.611651,-121.085811
Queen Anne's,Queen Anne's County,Tidewater,Maryland,MD,24035,596089,962673214,360020725,371.69,139.005,39.040693,-76.082405
Brown,Brown County,The Midlands,Kansas,KS,20013,484976,1478550072,3196147,570.871,1.234,39.825931,-95.569905
Bulloch,Bulloch County,Deep South,Georgia,GA,13031,350302,1750735216,32827779,675.963,12.675,32.394481,-81.741618
Floyd,Floyd County,Greater Appalachia,Kentucky,KY,21071,516882,1018604451,6267339,393.285,2.42,37.552456,-82.739724
Broadwater,Broadwater County,The Far West,Montana,MT,30007,1719625,3088195855,118487318,1192.359,45.748,46.329849,-111.497873
Wheeler,Wheeler County,Deep South,Georgia,GA,13309,351278,765314383,12377032,295.49,4.779,32.105258,-82.733849
Craven,Craven County,Deep South,North Carolina,NC,37049,1026123,1830014545,172777667,706.573,66.71,35.116829,-77.08132
Holt,Holt County,The Midlands,Missouri,MO,29087,758498,1198369593,19839053,462.693,7.66,40.095724,-95.219072
Lipscomb,Lipscomb County,The Midlands,Texas,TX,48295,1383933,2414422644,298741,932.214,0.115,36.2802,-100.272683
Columbia,Columbia County,The Left Coast,Oregon,OR,41009,1135847,1705984341,78454245,658.684,30.291,45.941932,-123.081079
Florence,Florence County,Deep South,South Carolina,SC,45041,1248001,2073299557,9766894,800.505,3.771,34.028535,-79.710233
Mountrail,Mountrail County,The Far West,North Dakota,ND,38061,1035307,4727150568,301102218,1825.163,116.256,48.210073,-102.364895
Washington,Washington County,The Far West,Utah,UT,49053,1448040,6287037039,7781671,2427.439,3.005,37.262531,-113.4878
Big Horn,Big Horn County,The Far West,Montana,MT,30003,1716521,12944280256,47395459,4997.815,18.299,45.407868,-107.518162
Elk,Elk County,The Midlands,Pennsylvania,PA,42047,1213668,2141664734,12791578,826.901,4.939,41.427332,-78.653937
Sioux,Sioux County,The Far West,Nebraska,NE,31165,835904,5352785007,1665309,2066.722,0.643,42.470668,-103.73217
Covington,Covington County,Deep South,Mississippi,MS,28031,695740,1071784952,2880713,413.819,1.112,31.633331,-89.548897
Brown,Brown County,Greater Appalachia,Indiana,IN,18013,451684,808043849,12025990,311.987,4.643,39.195113,-86.230121
Clark,Clark County,Greater Appalachia,Indiana,IN,18019,450340,965625489,9732754,372.83,3.758,38.476217,-85.711122
Boyle,Boyle County,Greater Appalachia,Kentucky,KY,21021,516857,467104135,6450463,180.35,2.491,37.618104,-84.868352
Estill,Estill County,Greater Appalachia,Kentucky,KY,21065,516879,655509950,6516334,253.094,2.516,37.692449,-83.963983
Collingsworth,Collingsworth County,Greater Appalachia,Texas,TX,48087,1383829,2378749928,2279194,918.441,0.88,34.963358,-100.272135
Colorado,Colorado County,Deep South,Texas,TX,48089,1383830,2487142713,34691168,960.291,13.394,29.596296,-96.508935
Grundy,Grundy County,The Midlands,Illinois,IL,17063,424233,1082940544,32131734,418.126,12.406,41.29241,-88.401054
Lincoln,Lincoln County,Yankeedom,Minnesota,MN,27081,659486,1390265112,30167787,536.784,11.648,44.408238,-96.272032
Evans,Evans County,Deep South,Georgia,GA,13109,345923,473694905,10295112,182.895,3.975,32.153083,-81.890153
Wise,Wise County,Greater Appalachia,Texas,TX,48497,1384034,2342369110,47038990,904.394,18.162,33.219095,-97.653997
Webster,Webster County,Deep South,Georgia,GA,13307,352287,543010089,2338844,209.657,0.903,32.046691,-84.553828
Jones,Jones County,Deep South,Georgia,GA,13169,345367,1020304152,3820256,393.942,1.475,33.021664,-83.562196
Gwinnett,Gwinnett County,Greater Appalachia,Georgia,GA,13135,1688166,1115653877,15611813,430.756,6.028,33.958756,-84.025735
Polk,Polk County,Yankeedom,Wisconsin,WI,55095,1581108,2368077722,109025818,914.32,42.095,45.462041,-92.447066
Green,Green County,Yankeedom,Wisconsin,WI,55045,1581082,1512667175,1313241,584.044,0.507,42.675522,-89.605074
Putnam,Putnam County,Yankeedom,New York,NY,36079,974138,596224258,41226168,230.203,15.918,41.427907,-73.743861
Newport News,Newport News city,Tidewater,Virginia,VA,51700,1498555,178679454,131135058,68.989,50.632,37.076136,-76.52198
Bent,Bent County,The Far West,Colorado,CO,08011,198121,3918255148,73141518,1512.847,28.24,37.931891,-103.077584
Jackson,Jackson County,Greater Appalachia,Oklahoma,OK,40065,1101820,2078860507,4114418,802.653,1.589,34.594006,-99.412235
Sanders,Sanders County,The Far West,Montana,MT,30089,1719578,7149405332,76393912,2760.401,29.496,47.756497,-115.180306
Glasscock,Glasscock County,Greater Appalachia,Texas,TX,48173,1383872,2331552974,2245302,900.218,0.867,31.868006,-101.521494
Franklin,Franklin County,Greater Appalachia,Arkansas,AR,05047,66853,1577206794,28920052,608.963,11.166,35.508558,-93.887665
Major,Major County,The Midlands,Oklahoma,OK,40093,1101831,2473438554,7651007,955,2.954,36.313119,-98.542015
Montgomery,Montgomery County,Greater Appalachia,Tennessee,TN,47125,1639777,1396441787,12068782,539.169,4.66,36.500354,-87.380887
Pend Oreille,Pend Oreille County,The Far West,Washington,WA,53051,1529157,3626617235,65406812,1400.245,25.254,48.543825,-117.232191
McLean,McLean County,The Far West,North Dakota,ND,38055,1034232,5465546324,563843611,2110.259,217.701,47.653206,-101.421914
Hood River,Hood River County,The Left Coast,Oregon,OR,41027,1155131,1352200146,29043701,522.087,11.214,45.511775,-121.655976
Wright,Wright County,The Midlands,Iowa,IA,19197,465287,1503268877,4703964,580.415,1.816,42.733007,-93.734735
Shelby,Shelby County,Deep South,Texas,TX,48419,1383995,2060566466,101081677,795.589,39.028,31.790139,-94.142579
Crawford,Crawford County,Greater Appalachia,Missouri,MO,29055,758482,1923005890,3306286,742.477,1.277,37.966559,-91.313936
Bath,Bath County,Greater Appalachia,Virginia,VA,51017,1673638,1370626043,14039993,529.202,5.421,38.068368,-79.731203
Otter Tail,Otter Tail County,Yankeedom,Minnesota,MN,27111,659501,5106508612,654472630,1971.634,252.693,46.405727,-95.714581
Plaquemines,Plaquemines Parish,New France,Louisiana,LA,22075,558125,2020635364,4628476563,780.172,1787.065,29.282447,-89.576068
Pontotoc,Pontotoc County,Greater Appalachia,Mississippi,MS,28115,695803,1289330916,8308394,497.813,3.208,34.227081,-89.037239
Morehouse,Morehouse Parish,Deep South,Louisiana,LA,22067,558097,2058910717,28888046,794.95,11.154,32.820008,-91.800399
Bullitt,Bullitt County,Greater Appalachia,Kentucky,KY,21029,516861,769360733,8320823,297.052,3.213,37.969945,-85.702635
Dallas,Dallas County,Deep South,Alabama,AL,01047,161549,2534919608,39124778,978.738,15.106,32.333526,-87.11436
Comanche,Comanche County,Greater Appalachia,Texas,TX,48093,1383832,2428768926,25719485,937.753,9.93,31.951645,-98.549617
Lincoln,Lincoln County,The Far West,Montana,MT,30053,1720038,9356484224,161555792,3612.559,62.377,48.552385,-115.463185
Cass,Cass County,Yankeedom,Minnesota,MN,27021,659456,5235592066,1016598358,2021.473,392.511,46.951745,-94.333705
Archuleta,Archuleta County,The Far West,Colorado,CO,08007,198119,3496712164,13740247,1350.088,5.305,37.202395,-107.050863
Yazoo,Yazoo County,Deep South,Mississippi,MS,28163,695802,2388847327,30612555,922.339,11.82,32.765675,-90.387928
Outagamie,Outagamie County,Yankeedom,Wisconsin,WI,55087,1581104,1651265932,18261063,637.557,7.051,44.418226,-88.464988
Lafayette,Lafayette County,The Midlands,Missouri,MO,29107,758508,1627237794,27073170,628.28,10.453,39.068705,-93.802639
Wilson,Wilson County,Tidewater,North Carolina,NC,37195,1008596,952013027,14332439,367.574,5.534,35.700357,-77.921598
Morrow,Morrow County,The Midlands,Ohio,OH,39117,1074071,1051881045,2819351,406.134,1.089,40.525266,-82.797729
Granite,Granite County,The Far West,Montana,MT,30039,1719605,4473328972,14546367,1727.162,5.616,46.395955,-113.427356
Foster,Foster County,The Midlands,North Dakota,ND,38031,1034223,1642258774,33103934,634.08,12.782,47.471431,-98.872876
Crawford,Crawford County,Greater Appalachia,Arkansas,AR,05033,69161,1541738667,27519858,595.269,10.625,35.583011,-94.236219
Burnet,Burnet County,Greater Appalachia,Texas,TX,48053,1383812,2576525865,69856136,994.802,26.972,30.78963,-98.201187
Ste. Genevieve,Ste. Genevieve County,Greater Appalachia,Missouri,MO,29186,765806,1292800352,19739769,499.153,7.622,37.885845,-90.161531
Gray,Gray County,Greater Appalachia,Texas,TX,48179,1383875,2398261679,8700790,925.974,3.359,35.402542,-100.812374
McDonough,McDonough County,Greater Appalachia,Illinois,IL,17109,1784729,1526339603,2012552,589.323,0.777,40.455808,-90.678954
Montgomery,Montgomery County,The Midlands,Iowa,IA,19137,465257,1098405771,2410446,424.097,0.931,41.021735,-95.15779
Jackson,Jackson County,Greater Appalachia,Arkansas,AR,05067,66861,1641044497,20284490,633.611,7.832,35.596467,-91.223205
Hudspeth,Hudspeth County,El Norte,Texas,TX,48229,1383900,11837605339,2189943,4570.525,0.846,31.450868,-105.377549
Rapides,Rapides Parish,Deep South,Louisiana,LA,22079,559460,3419856810,106464882,1320.414,41.106,31.193204,-92.535953
Lincoln,Lincoln County,The Far West,Nebraska,NE,31111,835877,6641092845,28436694,2564.14,10.979,41.050322,-100.744481
Cass,Cass County,Deep South,Texas,TX,48067,1383819,2426683493,60494148,936.948,23.357,33.083698,-94.357579
Henry,Henry County,Greater Appalachia,Tennessee,TN,47079,1639755,1455320362,81582236,561.902,31.499,36.325295,-88.300288
Winchester,Winchester city,Greater Appalachia,Virginia,VA,51840,1789077,23809500,54462,9.193,0.021,39.173869,-78.176356
Duplin,Duplin County,Deep South,North Carolina,NC,37061,1026132,2110115795,14237879,814.72,5.497,34.934403,-77.933543
Haywood,Haywood County,Greater Appalachia,North Carolina,NC,37087,1008561,1433713844,2438478,553.56,0.942,35.558882,-82.981307
Dakota,Dakota County,Yankeedom,Minnesota,MN,27037,659464,1456967786,62978183,562.538,24.316,44.670893,-93.062481
Harney,Harney County,The Far West,Oregon,OR,41025,1135852,26248072905,241568254,10134.438,93.27,43.064449,-118.987169
Adams,Adams County,Yankeedom,Wisconsin,WI,55001,1581060,1672216054,108348982,645.646,41.834,43.973757,-89.767228
Clark,Clark County,The Midlands,Missouri,MO,29045,758477,1306924727,18695976,504.606,7.219,40.407275,-91.729472
Boone,Boone County,Greater Appalachia,Kentucky,KY,21015,516854,637882924,26460891,246.288,10.217,38.9589,-84.736371
Washington,Washington County,Greater Appalachia,Kentucky,KY,21229,516961,769154197,10947539,296.972,4.227,37.754209,-85.175416
Avoyelles,Avoyelles Parish,New France,Louisiana,LA,22009,558424,2154720636,87260610,831.942,33.692,31.088503,-91.983275
Tate,Tate County,Deep South,Mississippi,MS,28137,695789,1048332526,16090912,404.763,6.213,34.649553,-89.943105
Worth,Worth County,The Midlands,Missouri,MO,29227,758566,690564983,493903,266.629,0.191,40.480499,-94.419198
Sherman,Sherman County,The Midlands,Nebraska,NE,31163,835903,1465552766,14998613,565.853,5.791,41.218743,-98.972849
Campbell,Campbell County,The Far West,South Dakota,SD,46021,1266974,1900214169,96243697,733.677,37.16,45.785575,-100.002107
Harding,Harding County,The Far West,South Dakota,SD,46063,1265792,6919333290,16954253,2671.57,6.546,45.596611,-103.473871
Gratiot,Gratiot County,Yankeedom,Michigan,MI,26057,1622971,1472098896,8369164,568.381,3.231,43.292326,-84.60469
Union,Union County,The Midlands,Iowa,IA,19175,465276,1097235808,5575854,423.645,2.153,41.02855,-94.245091
Massac,Massac County,Greater Appalachia,Illinois,IL,17127,1784730,614217978,12784966,237.151,4.936,37.216119,-88.705658
Logan,Logan County,The Far West,Nebraska,NE,31113,835878,1478101945,1203586,570.698,0.465,41.542155,-100.443665
Merrick,Merrick County,The Midlands,Nebraska,NE,31121,835882,1261996225,24655494,487.259,9.52,41.16979,-98.031057
Sheridan,Sheridan County,The Far West,Nebraska,NE,31161,835902,6321862270,74723228,2440.885,28.851,42.512289,-102.36828
Carlisle,Carlisle County,Greater Appalachia,Kentucky,KY,21039,516866,490647294,24707972,189.44,9.54,36.85718,-88.976614
Natrona,Natrona County,The Far West,Wyoming,WY,56025,1605077,13831928341,90969261,5340.538,35.123,42.977645,-106.768219
Worth,Worth County,Deep South,Georgia,GA,13321,343365,1478137692,10471700,570.712,4.043,31.551773,-83.84996
Morgan,Morgan County,Greater Appalachia,Indiana,IN,18109,450375,1045924429,14490388,403.834,5.595,39.482646,-86.447457
Ellis,Ellis County,Greater Appalachia,Texas,TX,48139,1383856,2423575726,41976132,935.748,16.207,32.346878,-96.79694
Pierce,Pierce County,Deep South,Georgia,GA,13229,349086,881777233,7183926,340.456,2.774,31.353998,-82.21037
Grant,Grant County,Greater Appalachia,Indiana,IN,18053,450355,1072484471,2101804,414.089,0.812,40.515758,-85.654946
Flagler,Flagler County,Deep South,Florida,FL,12035,308547,1259255278,219183435,486.201,84.627,29.474891,-81.286253
Lawrence,Lawrence County,Deep South,Mississippi,MS,28077,695762,1115254005,13188412,430.602,5.092,31.550009,-90.10753
Winn,Winn Parish,Deep South,Louisiana,LA,22127,559594,2460497667,17449604,950.004,6.737,31.941187,-92.641269
Henry,Henry County,The Midlands,Illinois,IL,17073,424238,2131719192,6804876,823.061,2.627,41.350021,-90.130838
Lincoln,Lincoln County,The Left Coast,Oregon,OR,41041,1135856,2540730649,553147948,980.982,213.572,44.641061,-123.911212
York,York County,Yankeedom,Maine,ME,23031,581301,2567159622,721379327,991.186,278.526,43.426019,-70.668425
Codington,Codington County,Yankeedom,South Dakota,SD,46029,1265791,1780837048,76608858,687.585,29.579,44.966285,-97.198837
Pike,Pike County,Deep South,Georgia,GA,13231,346482,559660500,8595984,216.086,3.319,33.081149,-84.389462
Stewart,Stewart County,Deep South,Georgia,GA,13259,347360,1188153054,12598484,458.748,4.864,32.073225,-84.834912
Monmouth,Monmouth County,Yankeedom,New Jersey,NJ,34025,882910,1212585330,500431205,468.182,193.218,40.287048,-74.152446
Clay,Clay County,Greater Appalachia,Arkansas,AR,05021,63759,1655581940,5497697,639.224,2.123,36.367302,-90.418704
Faulkner,Faulkner County,Greater Appalachia,Arkansas,AR,05045,66852,1676360343,43618226,647.246,16.841,35.146548,-92.336928
Delaware,Delaware County,Greater Appalachia,Oklahoma,OK,40041,1101808,1910896810,140365481,737.801,54.195,36.393437,-94.808189
Keokuk,Keokuk County,The Midlands,Iowa,IA,19107,465242,1500056812,1944064,579.175,0.751,41.331182,-92.167721
Greene,Greene County,Greater Appalachia,Illinois,IL,17061,424232,1406464909,8423898,543.039,3.252,39.355439,-90.387682
Lake,Lake County,Yankeedom,Minnesota,MN,27075,659484,5462555544,2283914208,2109.105,881.824,47.517111,-91.411704
Troup,Troup County,Deep South,Georgia,GA,13285,1673298,1072278217,82757751,414.009,31.953,33.034482,-85.02836
Humboldt,Humboldt County,The Left Coast,California,CA,06023,1681908,9241565229,1253726036,3568.188,484.066,40.706655,-123.926176
Dickson,Dickson County,Greater Appalachia,Tennessee,TN,47043,1639740,1268830618,3682665,489.898,1.422,36.145533,-87.364155
Anoka,Anoka County,Yankeedom,Minnesota,MN,27003,659447,1092881453,62440904,421.964,24.109,45.27411,-93.242723
Bon Homme,Bon Homme County,The Midlands,South Dakota,SD,46009,1266997,1459586268,46799495,563.549,18.069,42.985799,-97.884199
Greene,Greene County,Greater Appalachia,Tennessee,TN,47059,1639747,1611409727,5099752,622.169,1.969,36.179487,-82.847523
Sussex,Sussex County,Tidewater,Virginia,VA,51183,1690257,1269679003,6740704,490.226,2.603,36.926645,-77.259732
St. Joseph,St. Joseph County,The Midlands,Indiana,IN,18141,452855,1185636242,9346832,457.777,3.609,41.617723,-86.288048
Pembina,Pembina County,Yankeedom,North Dakota,ND,38067,1034212,2896993132,7008436,1118.535,2.706,48.766896,-97.545405
Bennett,Bennett County,The Far West,South Dakota,SD,46007,1265812,3068208306,15044356,1184.642,5.809,43.186912,-101.677181
Vernon,Vernon Parish,Deep South,Louisiana,LA,22115,559548,3436185697,35140846,1326.719,13.568,31.102841,-93.18833
Penobscot,Penobscot County,Yankeedom,Maine,ME,23019,581295,8798699726,413983093,3397.197,159.84,45.409284,-68.666616
Talbot,Talbot County,Tidewater,Maryland,MD,24041,592947,695561637,539363457,268.558,208.249,38.748349,-76.178476
Stephens,Stephens County,Greater Appalachia,Georgia,GA,13257,350028,463254409,13035162,178.864,5.033,34.553582,-83.290588
Riverside,Riverside County,El Norte,California,CA,06065,277297,18671921166,243201314,7209.269,93.901,33.729828,-116.002239
Baxter,Baxter County,Greater Appalachia,Arkansas,AR,05005,69895,1434660641,84907080,553.926,32.783,36.280268,-92.329949
Attala,Attala County,Deep South,Mississippi,MS,28007,695728,1903529295,4425860,734.957,1.709,33.090468,-89.588622
Story,Story County,The Midlands,Iowa,IA,19169,465273,1482882553,2862354,572.544,1.105,42.037538,-93.466093
Bourbon,Bourbon County,Greater Appalachia,Kansas,KS,20011,484975,1645836643,9402853,635.461,3.63,37.8561,-94.850928
Cumberland,Cumberland County,Tidewater,Virginia,VA,51049,1494109,770454314,5917833,297.474,2.285,37.520189,-78.252836
Sumter,Sumter County,Deep South,South Carolina,SC,45085,1244717,1722544862,44046815,665.078,17.007,33.91614,-80.382376
Wyoming,Wyoming County,Greater Appalachia,West Virginia,WV,54109,1550061,1293620955,6083278,499.47,2.349,37.60366,-81.549032
Kern,Kern County,The Far West,California,CA,06029,2054176,21068634240,78407748,8134.646,30.273,35.346629,-118.729506
Cooke,Cooke County,Greater Appalachia,Texas,TX,48097,1383834,2265789885,61319327,874.826,23.676,33.639196,-97.210343
Orangeburg,Orangeburg County,Deep South,South Carolina,SC,45075,1248014,2865498667,55708305,1106.375,21.509,33.436135,-80.802913
Taylor,Taylor County,Yankeedom,Wisconsin,WI,55119,1581119,2525374187,24630990,975.052,9.51,45.211656,-90.504853
Mower,Mower County,Yankeedom,Minnesota,MN,27099,659495,1842187917,617235,711.273,0.238,43.666249,-92.759514
Murray,Murray County,Yankeedom,Minnesota,MN,27101,659496,1825079943,38432252,704.667,14.839,44.015594,-95.761581
Providence,Providence County,Yankeedom,Rhode Island,RI,44007,1219781,1060552463,67870199,409.482,26.205,41.869768,-71.578625
Phelps,Phelps County,Greater Appalachia,Missouri,MO,29161,758535,1739919007,6567069,671.787,2.536,37.866326,-91.790349
Prentiss,Prentiss County,Greater Appalachia,Mississippi,MS,28117,695779,1074806610,8324262,414.985,3.214,34.620566,-88.522184
Whitley,Whitley County,Greater Appalachia,Kentucky,KY,21235,516964,1133977401,18874532,437.831,7.287,36.758024,-84.144648
Starke,Starke County,The Midlands,Indiana,IN,18149,450389,800679813,7929143,309.144,3.061,41.284478,-86.644636
Williamson,Williamson County,Greater Appalachia,Texas,TX,48491,1384031,2889993451,41571180,1115.833,16.051,30.649082,-97.605065
Mitchell,Mitchell County,Yankeedom,Iowa,IA,19131,465254,1215368212,1118491,469.256,0.432,43.348564,-92.784466
Emanuel,Emanuel County,Deep South,Georgia,GA,13107,347508,1762679431,24889123,680.574,9.61,32.5911,-82.299763
Catahoula,Catahoula Parish,Deep South,Louisiana,LA,22025,558495,1833776037,81356082,708.025,31.412,31.666517,-91.846703
Carbon,Carbon County,The Midlands,Pennsylvania,PA,42025,1213664,987623689,15827992,381.324,6.111,40.918367,-75.705039
Pawnee,Pawnee County,The Midlands,Nebraska,NE,31133,835888,1116478173,4852359,431.075,1.874,40.137797,-96.245214
Unicoi,Unicoi County,Greater Appalachia,Tennessee,TN,47171,1648582,481902934,825726,186.064,0.319,36.100129,-82.418218
Spartanburg,Spartanburg County,Greater Appalachia,South Carolina,SC,45083,1248592,2093676309,29525370,808.373,11.4,34.932014,-81.991624
Marathon,Marathon County,Yankeedom,Wisconsin,WI,55073,1581096,4002035761,80651079,1545.195,31.14,44.898036,-89.757823
Elko,Elko County,The Far West,Nevada,NV,32007,857664,44479019310,74784559,17173.446,28.874,41.141133,-115.351424
Braxton,Braxton County,Greater Appalachia,West Virginia,WV,54007,1550010,1322796522,14344826,510.735,5.539,38.69933,-80.73166
Wexford,Wexford County,Yankeedom,Michigan,MI,26165,1623023,1463148677,27182043,564.925,10.495,44.331375,-85.570046
Cochran,Cochran County,Greater Appalachia,Texas,TX,48079,1383825,2007453830,229068,775.082,0.088,33.60844,-102.830449
Blair,Blair County,Greater Appalachia,Pennsylvania,PA,42013,1213659,1360458062,3294803,525.276,1.272,40.498683,-78.309597
Hickory,Hickory County,Greater Appalachia,Missouri,MO,29085,758497,1032908447,33454640,398.808,12.917,37.93691,-93.322988
Barry,Barry County,Greater Appalachia,Missouri,MO,29009,758459,2015326677,32912693,778.122,12.708,36.699376,-93.834334
Ramsey,Ramsey County,Yankeedom,Minnesota,MN,27123,659507,394320493,46012134,152.248,17.765,45.015204,-93.099965
Little River,Little River County,Deep South,Arkansas,AR,05081,66874,1375943077,83115227,531.255,32.091,33.701941,-94.236287
Lyon,Lyon County,The Far West,Nevada,NV,32019,858645,5187939862,59489121,2003.075,22.969,39.022213,-119.197425
Lee,Lee County,Part of the Spanish Caribbean,Florida,FL,12071,295758,2022803068,1900583561,781.009,733.819,26.563273,-81.984182
Josephine,Josephine County,The Left Coast,Oregon,OR,41033,1155133,4244080762,5631773,1638.649,2.174,42.386983,-123.57162
Pike,Pike County,Deep South,Mississippi,MS,28113,711758,1059783761,3907959,409.185,1.509,31.177516,-90.397725
Coffee,Coffee County,Greater Appalachia,Tennessee,TN,47031,1639735,1111010401,14479480,428.964,5.591,35.488765,-86.078202
Lemhi,Lemhi County,The Far West,Idaho,ID,16059,399754,11819914566,14105634,4563.695,5.446,44.928506,-113.887042
Ohio,Ohio County,Greater Appalachia,Kentucky,KY,21183,516938,1521062996,23159041,587.286,8.942,37.477859,-86.844871
Sarpy,Sarpy County,The Midlands,Nebraska,NE,31153,835898,616679952,24397525,238.101,9.42,41.115064,-96.109125
Colquitt,Colquitt County,Deep South,Georgia,GA,13071,343936,1416818773,24869747,547.037,9.602,31.189707,-83.769773
Wilkin,Wilkin County,Yankeedom,Minnesota,MN,27167,659528,1945179856,480470,751.038,0.186,46.362335,-96.476657
Randolph,Randolph County,Greater Appalachia,Illinois,IL,17157,1784967,1490194098,56150220,575.367,21.68,38.056515,-89.82121
Kennebec,Kennebec County,Yankeedom,Maine,ME,23011,581291,2246739614,216791008,867.471,83.703,44.417012,-69.765764
Smyth,Smyth County,Greater Appalachia,Virginia,VA,51173,1500545,1169223435,3287728,451.44,1.269,36.842318,-81.539786
Roosevelt,Roosevelt County,Greater Appalachia,New Mexico,NM,35041,1702369,6335242832,18679734,2446.051,7.212,34.021207,-103.483004
Somerset,Somerset County,Greater Appalachia,Pennsylvania,PA,42111,1209188,2784357763,17118618,1075.047,6.61,39.981297,-79.028486
Washington,Washington County,Greater Appalachia,Virginia,VA,51191,1498359,1453483684,12984238,561.193,5.013,36.747814,-81.950322
Guilford,Guilford County,Tidewater,North Carolina,NC,37081,1008558,1672930669,30338415,645.922,11.714,36.079065,-79.788665
Ada,Ada County,The Far West,Idaho,ID,16001,395066,2724704673,22159753,1052.014,8.556,43.451477,-116.244376
Custer,Custer County,The Midlands,Oklahoma,OK,40039,1101807,2560924936,34326632,988.779,13.254,35.645601,-98.997386
Marion,Marion County,The Midlands,Ohio,OH,39101,1074063,1045853061,908577,403.806,0.351,40.588034,-83.168803
Pike,Pike County,Greater Appalachia,Illinois,IL,17149,1784941,2153190724,45251530,831.352,17.472,39.625106,-90.889034
Woodford,Woodford County,The Midlands,Illinois,IL,17203,1785231,1366337053,38962131,527.546,15.043,40.789787,-89.210587
Richmond,Richmond County,Deep South,Georgia,GA,13245,358024,840036613,10995252,324.34,4.245,33.361486,-82.074998
Pickens,Pickens County,Deep South,Alabama,AL,01107,161580,2282835039,22621093,881.408,8.734,33.2968,-88.096864
Ellis,Ellis County,The Midlands,Oklahoma,OK,40045,1101810,3189509979,952235,1231.477,0.368,36.224258,-99.750139
Perry,Perry County,Greater Appalachia,Illinois,IL,17145,1784940,1144587283,13199036,441.928,5.096,38.084381,-89.368525
Grundy,Grundy County,The Midlands,Iowa,IA,19075,465226,1299799697,92512,501.855,0.036,42.403339,-92.790244
Routt,Routt County,The Far West,Colorado,CO,08107,198169,6117602800,15831744,2362.02,6.113,40.483664,-106.987702
Somerset,Somerset County,Yankeedom,New Jersey,NJ,34035,882234,781829190,7996119,301.866,3.087,40.565527,-74.619938
Colusa,Colusa County,The Far West,California,CA,06011,1675902,2980332727,14608884,1150.713,5.641,39.177739,-122.237563
Johnson,Johnson County,Greater Appalachia,Illinois,IL,17087,424245,890269489,12818552,343.735,4.949,37.460709,-88.882131
Hinsdale,Hinsdale County,The Far West,Colorado,CO,08053,198142,2893614472,15324685,1117.231,5.917,37.811519,-107.383974
Cassia,Cassia County,The Far West,Idaho,ID,16031,395698,6644897877,39158534,2565.61,15.119,42.282313,-113.626328
Isanti,Isanti County,Yankeedom,Minnesota,MN,27059,659475,1128608895,41203099,435.758,15.909,45.562431,-93.296339
Erie,Erie County,Yankeedom,Pennsylvania,PA,42049,1209178,2069174742,1966242081,798.913,759.17,42.117952,-80.096386
Copiah,Copiah County,Deep South,Mississippi,MS,28029,695739,2013158772,5644780,777.285,2.179,31.866915,-90.448758
Van Zandt,Van Zandt County,Deep South,Texas,TX,48467,1384019,2182250335,44149754,842.572,17.046,32.558787,-95.836906
Roanoke,Roanoke County,Greater Appalachia,Virginia,VA,51161,1480165,648915079,1762677,250.548,0.681,37.330792,-80.191237
Augusta,Augusta County,Greater Appalachia,Virginia,VA,51015,1480098,2504708861,9537137,967.074,3.682,38.17259,-79.140975
Piute,Piute County,The Far West,Utah,UT,49031,1448029,1964345826,20285697,758.438,7.832,38.335881,-112.129375
Mason,Mason County,Greater Appalachia,Kentucky,KY,21161,516924,621924469,16276484,240.126,6.284,38.594137,-83.828125
Benton,Benton County,Yankeedom,Minnesota,MN,27009,659450,1057483361,12286984,408.297,4.744,45.701225,-94.00144
Donley,Donley County,Greater Appalachia,Texas,TX,48129,1383850,2400676098,15901856,926.906,6.14,34.955036,-100.815846
Bay,Bay County,Deep South,Florida,FL,12005,295738,1964874034,1833915193,758.642,708.079,30.15914,-85.534395
Lauderdale,Lauderdale County,Greater Appalachia,Alabama,AL,01077,161564,1730148679,133606345,668.014,51.586,34.904122,-87.650997
Fountain,Fountain County,Greater Appalachia,Indiana,IN,18045,450351,1024774340,5728993,395.668,2.212,40.121237,-87.234872
Shelby,Shelby County,Greater Appalachia,Illinois,IL,17173,1785051,1964532710,24746071,758.51,9.555,39.384926,-88.798862
Fayette,Fayette County,Greater Appalachia,Illinois,IL,17051,424227,1855583353,22915103,716.445,8.848,39.001125,-89.017923
Perry,Perry County,Greater Appalachia,Ohio,OH,39127,1074076,1056544080,11790392,407.934,4.552,39.743187,-82.237952
Danville,Danville city,Greater Appalachia,Virginia,VA,51590,1498421,110844523,2341364,42.797,0.904,36.583334,-79.408071
Banks,Banks County,Greater Appalachia,Georgia,GA,13011,349230,602473940,4635947,232.616,1.79,34.351922,-83.498441
Wayne,Wayne County,Deep South,Georgia,GA,13305,350608,1662287070,17768149,641.813,6.86,31.547845,-81.912376
Oklahoma,Oklahoma County,Greater Appalachia,Oklahoma,OK,40109,1101842,1836035445,24720769,708.897,9.545,35.554611,-97.409401
Johnston,Johnston County,Greater Appalachia,Oklahoma,OK,40069,1101822,1665488606,39648977,643.049,15.309,34.313455,-96.654254
Jackson,Jackson County,Greater Appalachia,North Carolina,NC,37099,1008566,1271961081,9754332,491.107,3.766,35.285454,-83.123966
Summit,Summit County,The Far West,Utah,UT,49043,1448035,4844776271,26617165,1870.579,10.277,40.87206,-110.968486
Polk,Polk County,Greater Appalachia,Missouri,MO,29167,758538,1646006168,17837927,635.527,6.887,37.616761,-93.400817
Lander,Lander County,The Far West,Nevada,NV,32015,863368,14294783161,662270,5519.247,0.256,39.90021,-117.04724
Winneshiek,Winneshiek County,Yankeedom,Iowa,IA,19191,465284,1786666617,745729,689.836,0.288,43.292989,-91.850788
Bracken,Bracken County,Greater Appalachia,Kentucky,KY,21023,516858,525033511,16146675,202.717,6.234,38.680365,-84.115235
Florence,Florence County,Yankeedom,Wisconsin,WI,55037,1581078,1264232456,24111637,488.123,9.31,45.871828,-88.406988
Roane,Roane County,Greater Appalachia,West Virginia,WV,54087,1550050,1252422354,404682,483.563,0.156,38.74295,-81.354494
Wadena,Wadena County,Yankeedom,Minnesota,MN,27159,659524,1389132776,18009882,536.347,6.954,46.586986,-94.988608
Hopewell,Hopewell city,Tidewater,Virginia,VA,51670,1498428,26817673,1228128,10.354,0.474,37.29101,-77.298944
Winnebago,Winnebago County,Yankeedom,Illinois,IL,17201,1785216,1328792556,15873993,513.05,6.129,42.337396,-89.161205
Gila,Gila County,The Far West,Arizona,AZ,04007,40471,12321426494,97108979,4757.33,37.494,33.789618,-110.81187
Wicomico,Wicomico County,Tidewater,Maryland,MD,24045,1668606,969767208,66764613,374.429,25.778,38.36737,-75.632083
Carter,Carter County,Greater Appalachia,Kentucky,KY,21043,516868,1060592683,6783009,409.497,2.619,38.314094,-83.038988
Iredell,Iredell County,Greater Appalachia,North Carolina,NC,37097,1008565,1487711608,59528166,574.409,22.984,35.806251,-80.874524
Halifax,Halifax County,Tidewater,Virginia,VA,51083,1496705,2117913134,30524581,817.731,11.786,36.766461,-78.939614
Hertford,Hertford County,Tidewater,North Carolina,NC,37091,1026127,914689325,18737418,353.164,7.235,36.363517,-76.981616
Montgomery,Montgomery County,Yankeedom,New York,NY,36057,974127,1044051408,18614750,403.111,7.187,42.900891,-74.435357
Pennington,Pennington County,Yankeedom,Minnesota,MN,27113,659502,1596931945,4328863,616.579,1.671,48.069247,-96.037725
Whatcom,Whatcom County,The Left Coast,Washington,WA,53073,1529224,5459483486,1028111662,2107.918,396.956,48.842653,-121.836432
Gilliam,Gilliam County,The Far West,Oregon,OR,41021,1135850,3120213943,46914702,1204.721,18.114,45.382955,-120.276246
Ocean,Ocean County,The Midlands,New Jersey,NJ,34029,882279,1627252596,742162038,628.286,286.55,39.865669,-74.258864
Boone,Boone County,Greater Appalachia,Arkansas,AR,05009,69897,1527375340,31797989,589.723,12.277,36.304299,-93.079236
Comanche,Comanche County,Greater Appalachia,Oklahoma,OK,40031,1101803,2769531008,37661894,1069.322,14.541,34.662625,-98.476586
Jones,Jones County,Greater Appalachia,Texas,TX,48253,1383912,2405076785,22097342,928.605,8.532,32.743709,-99.87443
Grimes,Grimes County,Deep South,Texas,TX,48185,1383878,2039528342,36609847,787.466,14.135,30.543231,-95.988082
Genesee,Genesee County,Yankeedom,Michigan,MI,26049,1622967,1649671695,32751002,636.942,12.645,43.021077,-83.706372
Assumption,Assumption Parish,New France,Louisiana,LA,22007,558414,891009958,67104891,344.021,25.909,29.9033,-91.065219
Calhoun,Calhoun County,Deep South,Mississippi,MS,28013,695731,1519218292,3590388,586.573,1.386,33.936634,-89.337114
Greene,Greene County,Deep South,Mississippi,MS,28041,695745,1845983898,15430619,712.738,5.958,31.212845,-88.634811
Custer,Custer County,The Far West,Montana,MT,30017,1720109,9798723734,25612454,3783.309,9.889,46.261414,-105.550352
Roberts,Roberts County,Yankeedom,South Dakota,SD,46109,1265786,2851720399,89929974,1101.055,34.722,45.623397,-96.947551
Ogle,Ogle County,Yankeedom,Illinois,IL,17141,1784894,1964903701,12378959,758.654,4.78,42.041884,-89.320176
Richland,Richland County,Yankeedom,North Dakota,ND,38077,1035302,3718378999,25035244,1435.674,9.666,46.265219,-96.93796
Barron,Barron County,Yankeedom,Wisconsin,WI,55005,1581062,2235281410,69194516,863.047,26.716,45.437192,-91.852892
Iron,Iron County,Yankeedom,Wisconsin,WI,55051,1581085,1963751254,416872439,758.209,160.955,46.32655,-90.261298
Wabasha,Wabasha County,Yankeedom,Minnesota,MN,27157,659523,1354362715,68875473,522.922,26.593,44.289634,-92.233454
Del Norte,Del Norte County,The Left Coast,California,CA,06015,1682074,2606118035,578742633,1006.228,223.454,41.749903,-123.980998
Pushmataha,Pushmataha County,Greater Appalachia,Oklahoma,OK,40127,1101851,3614424074,69997262,1395.537,27.026,34.377899,-95.408082
Chelan,Chelan County,The Far West,Washington,WA,53007,1531932,7565814942,189653434,2921.178,73.226,47.860974,-120.619041
Presque Isle,Presque Isle County,Yankeedom,Michigan,MI,26141,1623013,1706069655,4957327108,658.717,1914.035,45.252397,-83.432283
Cleveland,Cleveland County,Greater Appalachia,Oklahoma,OK,40027,1101801,1395746346,49228091,538.901,19.007,35.206376,-97.323088
Sullivan,Sullivan County,Yankeedom,New York,NY,36105,974150,2507484145,73737483,968.145,28.47,41.719993,-74.771577
Polk,Polk County,Greater Appalachia,North Carolina,NC,37149,1008579,615606322,1964035,237.687,0.758,35.277901,-82.167621
Scotland,Scotland County,Deep South,North Carolina,NC,37165,1008585,826569986,3842049,319.14,1.483,34.840023,-79.477337
Harnett,Harnett County,Tidewater,North Carolina,NC,37085,1008560,1540870386,16294103,594.933,6.291,35.368635,-78.87161
Lee,Lee County,Tidewater,North Carolina,NC,37105,1008567,660607451,10725289,255.062,4.141,35.476336,-79.172117
Tipton,Tipton County,Greater Appalachia,Indiana,IN,18159,450394,674797598,68028,260.541,0.026,40.310229,-86.056207
Clay,Clay County,The Midlands,Kansas,KS,20027,484983,1671315276,26701337,645.298,10.309,39.344964,-97.168853
Wagoner,Wagoner County,Greater Appalachia,Oklahoma,OK,40145,1101860,1455356144,74815302,561.916,28.886,35.963388,-95.514201
Richland,Richland County,The Far West,Montana,MT,30083,1715338,5398974515,49002593,2084.556,18.92,47.785633,-104.563408
Ashley,Ashley County,Deep South,Arkansas,AR,05003,63756,2397012349,38656004,925.492,14.925,33.190835,-91.772267
Desha,Desha County,Deep South,Arkansas,AR,05041,66850,1919735549,185180909,741.214,71.499,33.828752,-91.244103
Perry,Perry County,Greater Appalachia,Tennessee,TN,47135,1639781,1074228439,20992254,414.762,8.105,35.663752,-87.869326
Washington,Washington County,Yankeedom,Minnesota,MN,27163,659526,996403606,99965773,384.714,38.597,45.037929,-92.890117
Portsmouth,Portsmouth city,Tidewater,Virginia,VA,51740,1498556,86248205,34658275,33.301,13.382,36.859339,-76.356973
Fayette,Fayette County,Greater Appalachia,Pennsylvania,PA,42051,1209179,2048054606,20636363,790.758,7.968,39.918907,-79.640119
Grant,Grant County,Greater Appalachia,West Virginia,WV,54023,1697238,1236387822,7546060,477.372,2.914,39.105988,-79.195064
Shenandoah,Shenandoah County,Greater Appalachia,Virginia,VA,51171,1673918,1315919346,9716893,508.079,3.752,38.856204,-78.573987
Irion,Irion County,Greater Appalachia,Texas,TX,48235,1383903,2723485995,176317,1051.544,0.068,31.303424,-100.981304
Caldwell,Caldwell County,The Midlands,Missouri,MO,29025,758467,1104350514,8402217,426.392,3.244,39.658998,-93.979179
Putnam,Putnam County,Deep South,Florida,FL,12107,306910,1886452945,255262400,728.364,98.557,29.593896,-81.732039
Crawford,Crawford County,Greater Appalachia,Indiana,IN,18025,451674,791534788,8201106,305.613,3.166,38.289433,-86.440871
Lewis,Lewis County,Greater Appalachia,Missouri,MO,29111,758510,1307988620,14965606,505.017,5.778,40.084559,-91.728803
Grant,Grant County,The Far West,Nebraska,NE,31075,835859,2012381803,16500663,776.985,6.371,41.913957,-101.755965
Oneida,Oneida County,The Far West,Idaho,ID,16071,399759,3105269247,3995240,1198.951,1.543,42.183895,-112.520449
Moultrie,Moultrie County,Greater Appalachia,Illinois,IL,17139,1784885,870127369,22111272,335.958,8.537,39.636896,-88.625726
Hopkins,Hopkins County,Greater Appalachia,Kentucky,KY,21107,516900,1403991388,31937449,542.084,12.331,37.31107,-87.542196
Clearwater,Clearwater County,The Far West,Idaho,ID,16035,395697,6364412864,79592497,2457.314,30.731,46.67257,-115.6535
Bell,Bell County,Greater Appalachia,Kentucky,KY,21013,516853,929965658,5321860,359.062,2.055,36.728928,-83.680718
Crow Wing,Crow Wing County,Yankeedom,Minnesota,MN,27035,659463,2585732032,409718952,998.357,158.193,46.491653,-94.070718
Graham,Graham County,El Norte,Arizona,AZ,04009,25444,11970605956,47476264,4621.877,18.331,32.931828,-109.87831
St. Francis,St. Francis County,Deep South,Arkansas,AR,05123,83331,1644082981,20017606,634.784,7.729,35.022838,-90.751506
Echols,Echols County,Deep South,Georgia,GA,13101,348092,1088849471,809587,420.407,0.313,30.714008,-82.897376
Lincoln,Lincoln County,The Midlands,Kansas,KS,20105,485017,1863226707,2748359,719.396,1.061,39.04728,-98.214284
Smith,Smith County,The Midlands,Kansas,KS,20183,484969,2319241778,3884267,895.464,1.5,39.78466,-98.785429
Jefferson,Jefferson County,Deep South,Florida,FL,12065,295733,1549018611,193063921,598.079,74.542,30.396898,-83.921761
Amite,Amite County,Deep South,Mississippi,MS,28005,695727,1890950868,3877823,730.1,1.497,31.203933,-90.795542
Montgomery,Montgomery County,Greater Appalachia,Arkansas,AR,05097,69168,2021363825,52979164,780.453,20.455,34.545656,-93.664153
Calhoun,Calhoun County,Yankeedom,Michigan,MI,26025,1622955,1829210172,31256789,706.262,12.068,42.24299,-85.012385
Cleburne,Cleburne County,Deep South,Alabama,AL,01029,161540,1450666453,2352217,560.105,0.908,33.671964,-85.516126
Weld,Weld County,The Far West,Colorado,CO,08123,198177,10320950482,82372144,3984.941,31.804,40.555961,-104.383666
Beckham,Beckham County,Greater Appalachia,Oklahoma,OK,40009,1101792,2335328724,5521744,901.675,2.132,35.270601,-99.690057
Modoc,Modoc County,The Far West,California,CA,06049,277289,10225877726,660503268,3948.234,255.022,41.592918,-120.71837
Polk,Polk County,The Midlands,Iowa,IA,19153,465265,1481988336,50078837,572.199,19.336,41.684816,-93.568971
Liberty,Liberty County,Deep South,Georgia,GA,13179,357095,1337654102,222884791,516.471,86.056,31.807458,-81.457871
Navarro,Navarro County,Greater Appalachia,Texas,TX,48349,1383960,2615116305,197615409,1009.702,76.3,32.048448,-96.476909
Brooks,Brooks County,El Norte,Texas,TX,48047,1383809,2443277014,741627,943.355,0.286,27.034994,-98.215276
Williamson,Williamson County,Greater Appalachia,Tennessee,TN,47187,1639801,1509607199,3017704,582.863,1.165,35.894807,-86.898068
Laramie,Laramie County,The Far West,Wyoming,WY,56021,1605075,6956355039,4348083,2685.864,1.679,41.29283,-104.660395
Asotin,Asotin County,The Far West,Washington,WA,53003,1533502,1647427902,11291733,636.075,4.36,46.181861,-117.227781
Traverse,Traverse County,Yankeedom,Minnesota,MN,27155,659522,1486320974,31025234,573.872,11.979,45.769935,-96.474832
Cass,Cass County,Greater Appalachia,Illinois,IL,17017,424210,973198204,20569928,375.754,7.942,39.969202,-90.245704
Rockdale,Rockdale County,Deep South,Georgia,GA,13247,357592,336226920,5900974,129.818,2.278,33.652081,-84.02637
Juniata,Juniata County,The Midlands,Pennsylvania,PA,42067,1209180,1013697487,5502986,391.391,2.125,40.530673,-77.400438
McKean,McKean County,Yankeedom,Pennsylvania,PA,42083,1210235,2537395850,13034578,979.694,5.033,41.81459,-78.572463
Garvin,Garvin County,Greater Appalachia,Oklahoma,OK,40049,1101812,2077537531,30028869,802.142,11.594,34.70935,-97.312723
Burt,Burt County,The Midlands,Nebraska,NE,31021,835832,1273201338,14186270,491.586,5.477,41.854179,-96.337746
San Juan,San Juan County,The Far West,New Mexico,NM,35045,936844,14289563220,54895407,5517.231,21.195,36.511624,-108.324578
Orleans,Orleans County,Yankeedom,New York,NY,36073,974135,1013366838,1103741900,391.263,426.157,43.339906,-78.207028
De Soto,De Soto Parish,Deep South,Louisiana,LA,22031,558521,2269991655,46990189,876.449,18.143,32.059248,-93.740797
Fresno,Fresno County,The Far West,California,CA,06019,277274,15432139292,136609893,5958.383,52.745,36.761006,-119.655019
Elbert,Elbert County,Greater Appalachia,Georgia,GA,13105,347828,909352136,59863331,351.103,23.113,34.116413,-82.841909
Barbour,Barbour County,Deep South,Alabama,AL,01005,161528,2292160149,50523213,885.008,19.507,31.870253,-85.405104
Bladen,Bladen County,Deep South,North Carolina,NC,37017,1026336,2266321541,33022256,875.032,12.75,34.591938,-78.539489
Dallam,Dallam County,The Midlands,Texas,TX,48111,1383841,3893095084,5180577,1503.132,2,36.28637,-102.59402
Sangamon,Sangamon County,Greater Appalachia,Illinois,IL,17167,1785010,2248773852,22676873,868.256,8.756,39.756886,-89.662435
Craig,Craig County,Greater Appalachia,Oklahoma,OK,40035,1101805,1971642557,3649781,761.255,1.409,36.76389,-95.201553
Cumberland,Cumberland County,Greater Appalachia,Tennessee,TN,47035,1639736,1764574105,9099481,681.306,3.513,35.952398,-84.994761
Otsego,Otsego County,Yankeedom,Michigan,MI,26137,1623011,1333860412,29050564,515.006,11.216,45.021787,-84.576603
Sac,Sac County,The Midlands,Iowa,IA,19161,465269,1489300203,8569436,575.022,3.309,42.387526,-95.105224
Emery,Emery County,The Far West,Utah,UT,49015,1448022,11557242835,24843849,4462.277,9.592,39.009025,-110.7211
Ferry,Ferry County,The Far West,Washington,WA,53019,1531821,5706368585,140294391,2203.241,54.168,48.473256,-118.533589
Wibaux,Wibaux County,The Far West,Montana,MT,30109,1696629,2303979500,1756846,889.571,0.678,46.962966,-104.274518
Lincoln,Lincoln County,El Norte,New Mexico,NM,35027,929116,12512530053,554839,4831.115,0.214,33.740841,-105.449805
Cherokee,Cherokee County,Greater Appalachia,Oklahoma,OK,40021,1101798,1940228933,69661251,749.127,26.896,35.904367,-94.996796
Yellow Medicine,Yellow Medicine County,Yankeedom,Minnesota,MN,27173,659531,1966062964,10687958,759.101,4.127,44.715736,-95.862756
Hunt,Hunt County,Greater Appalachia,Texas,TX,48231,1383901,2176666775,107761746,840.416,41.607,33.123308,-96.08423
Mitchell,Mitchell County,Greater Appalachia,Texas,TX,48335,1383953,2359710926,12489775,911.09,4.822,32.304117,-100.924392
Wood,Wood County,Greater Appalachia,Texas,TX,48499,1384035,1671172155,130731200,645.243,50.476,32.783588,-95.382166
Osage,Osage County,Greater Appalachia,Oklahoma,OK,40113,1101844,5818687717,148721112,2246.608,57.422,36.624299,-96.408112
Cherokee,Cherokee County,Greater Appalachia,North Carolina,NC,37039,1008545,1179845613,28813485,455.541,11.125,35.13715,-84.061449
Mecosta,Mecosta County,Yankeedom,Michigan,MI,26107,1622996,1437843578,41665709,555.155,16.087,43.635295,-85.332751
Pike,Pike County,Greater Appalachia,Kentucky,KY,21195,516944,2037621882,4756759,786.73,1.837,37.486031,-82.410912
Lafayette,Lafayette County,Deep South,Florida,FL,12067,295732,1407256302,11817999,543.345,4.563,29.990066,-83.17851
Catawba,Catawba County,Greater Appalachia,North Carolina,NC,37035,1008543,1039553245,37942736,401.374,14.65,35.661883,-81.214906
Breathitt,Breathitt County,Greater Appalachia,Kentucky,KY,21025,516859,1275352779,7384543,492.416,2.851,37.517807,-83.317158
Childress,Childress County,Greater Appalachia,Texas,TX,48075,1383823,1803954626,44560655,696.511,17.205,34.524624,-100.208166
Ripley,Ripley County,Greater Appalachia,Missouri,MO,29181,758545,1630438188,5455724,629.516,2.106,36.65017,-90.874834
Tazewell,Tazewell County,Greater Appalachia,Illinois,IL,17179,1785094,1674347384,29807343,646.469,11.509,40.508074,-89.51626
Jeff Davis,Jeff Davis County,El Norte,Texas,TX,48243,1383907,5865172239,206206,2264.556,0.08,30.625357,-104.191873
Lexington,Lexington city,Greater Appalachia,Virginia,VA,51678,1789071,6473000,67783,2.499,0.026,37.782332,-79.44432
Sharp,Sharp County,Greater Appalachia,Arkansas,AR,05135,69183,1565969860,5209695,604.624,2.011,36.173399,-91.471069
Larimer,Larimer County,The Far West,Colorado,CO,08069,198150,6723014102,98984559,2595.77,38.218,40.658093,-105.486764
Tyrrell,Tyrrell County,Tidewater,North Carolina,NC,37177,1026332,1012106669,534571696,390.777,206.399,35.87042,-76.165345
Rice,Rice County,Yankeedom,Minnesota,MN,27131,659511,1284218947,52062452,495.84,20.101,44.350775,-93.298513
Warren,Warren County,Greater Appalachia,Missouri,MO,29219,758562,1110098263,23720336,428.611,9.158,38.761902,-91.159306
Warren,Warren County,Greater Appalachia,Kentucky,KY,21227,516960,1403039303,15145759,541.717,5.848,36.995634,-86.423579
Caddo,Caddo Parish,Deep South,Louisiana,LA,22017,558458,2277812437,149099670,879.468,57.568,32.580106,-93.88497
Todd,Todd County,The Far West,South Dakota,SD,46121,1266989,3596445673,5854544,1388.595,2.26,43.208794,-100.707664
Marshall,Marshall County,The Midlands,Iowa,IA,19127,465252,1482776070,1803080,572.503,0.696,42.0417,-92.981403
Tillman,Tillman County,Greater Appalachia,Oklahoma,OK,40141,1101858,2256226948,20895054,871.134,8.068,34.371085,-98.931701
Macon,Macon County,Greater Appalachia,North Carolina,NC,37113,1025833,1335344502,10604264,515.579,4.094,35.152959,-83.421901
Monroe,Monroe County,Greater Appalachia,West Virginia,WV,54063,1557702,1224426771,2297599,472.754,0.887,37.554062,-80.550329
Switzerland,Switzerland County,Greater Appalachia,Indiana,IN,18155,450392,571526245,7531845,220.668,2.908,38.825854,-85.029681
Hickman,Hickman County,Greater Appalachia,Kentucky,KY,21105,516899,627487969,27882023,242.274,10.765,36.675896,-88.972084
Geneva,Geneva County,Deep South,Alabama,AL,01061,161556,1487908432,11567409,574.485,4.466,31.092382,-85.821022
LaSalle,LaSalle County,The Midlands,Illinois,IL,17099,422247,2940059894,33708940,1135.164,13.015,41.343341,-88.885931
Delaware,Delaware County,The Midlands,Iowa,IA,19055,465216,1496193400,3185375,577.684,1.23,42.472937,-91.366767
Morris,Morris County,The Midlands,Kansas,KS,20127,485028,1800929255,19545268,695.343,7.546,38.688204,-96.651448
Davis,Davis County,The Midlands,Iowa,IA,19051,465214,1300661926,6904087,502.188,2.666,40.748089,-92.410345
Boise,Boise County,The Far West,Idaho,ID,16015,395157,4919826443,19104286,1899.556,7.376,43.987275,-115.71511
Monroe,Monroe County,Yankeedom,Wisconsin,WI,55081,1581101,2333329707,18586826,900.904,7.176,43.945175,-90.619969
Perquimans,Perquimans County,Tidewater,North Carolina,NC,37143,1025841,640173980,211755191,247.173,81.759,36.180897,-76.403244
Hamilton,Hamilton County,Deep South,Florida,FL,12047,295736,1332018549,12330813,514.295,4.761,30.491187,-82.951071
Delaware,Delaware County,Greater Appalachia,Indiana,IN,18035,450347,1015536280,9863733,392.101,3.808,40.227543,-85.399262
Levy,Levy County,Deep South,Florida,FL,12075,295724,2896183121,1224372357,1118.223,472.733,29.271854,-82.831233
Hancock,Hancock County,Deep South,Mississippi,MS,28045,711756,1227561217,204095552,473.964,78.802,30.391641,-89.482791
Wilcox,Wilcox County,Deep South,Georgia,GA,13315,345499,978525378,11147628,377.811,4.304,31.96272,-83.438259
Red River,Red River Parish,Deep South,Louisiana,LA,22081,559472,1007453088,34259705,388.98,13.228,32.101213,-93.34905
Knox,Knox County,Greater Appalachia,Tennessee,TN,47093,1639761,1316574580,45556080,508.332,17.589,35.992726,-83.937721
Oxford,Oxford County,Yankeedom,Maine,ME,23017,581294,5379294384,255884970,2076.957,98.798,44.4945,-70.734421
Jackson,Jackson County,The Midlands,Missouri,MO,29095,758502,1565698756,30621016,604.52,11.823,39.005364,-94.343211
Towns,Towns County,Greater Appalachia,Georgia,GA,13281,351252,431173840,13758448,166.477,5.312,34.902529,-83.732264
Smith,Smith County,Deep South,Mississippi,MS,28129,695785,1647926077,2599432,636.268,1.004,32.019029,-89.494876
Payette,Payette County,The Far West,Idaho,ID,16075,394896,1053849237,8872160,406.893,3.426,44.00243,-116.750238
Shoshone,Shoshone County,The Far West,Idaho,ID,16079,1702379,6830898576,13962457,2637.425,5.391,47.347694,-115.885092
Hyde,Hyde County,Tidewater,North Carolina,NC,37095,1008564,1585966933,2192929400,612.345,846.695,35.408157,-76.153687
Floyd,Floyd County,The Midlands,Iowa,IA,19067,465222,1296471923,2023930,500.571,0.781,43.052741,-92.787367
McCracken,McCracken County,Greater Appalachia,Kentucky,KY,21145,516925,644192189,49762212,248.724,19.213,37.054111,-88.712454
Union,Union County,Greater Appalachia,Kentucky,KY,21225,516959,887813999,52903376,342.787,20.426,37.658029,-87.95165
Turner,Turner County,The Midlands,South Dakota,SD,46125,1265770,1598188442,1636386,617.064,0.632,43.30867,-97.150185
Cocke,Cocke County,Greater Appalachia,Tennessee,TN,47029,1639734,1129584563,17932684,436.135,6.924,35.916198,-83.119224
Hancock,Hancock County,Greater Appalachia,Tennessee,TN,47067,1648577,575816010,2988718,222.324,1.154,36.521353,-83.227493
Hardin,Hardin County,Greater Appalachia,Tennessee,TN,47071,1639751,1495676918,48713523,577.484,18.808,35.201893,-88.185696
Marion,Marion County,Deep South,South Carolina,SC,45067,1248010,1267466476,12418901,489.372,4.795,34.08362,-79.354001
Washington,Washington Parish,Deep South,Louisiana,LA,22117,559557,1734352072,16140411,669.637,6.232,30.852144,-90.046253
Stoddard,Stoddard County,Greater Appalachia,Missouri,MO,29207,758556,2131929144,15025824,823.142,5.802,36.851557,-89.947481
Dooly,Dooly County,Deep South,Georgia,GA,13093,351608,1016908646,12141885,392.631,4.688,32.151995,-83.807167
Stearns,Stearns County,Yankeedom,Minnesota,MN,27145,659517,3477910040,122236877,1342.829,47.196,45.555235,-94.610482
Saunders,Saunders County,The Midlands,Nebraska,NE,31155,835899,1939715798,28209418,748.928,10.892,41.223388,-96.642097
Sherburne,Sherburne County,Yankeedom,Minnesota,MN,27141,659515,1121230367,46966086,432.909,18.134,45.453176,-93.76913
Davison,Davison County,The Midlands,South Dakota,SD,46035,1266980,1128284975,3404556,435.633,1.315,43.680439,-98.155868
Claiborne,Claiborne County,Greater Appalachia,Tennessee,TN,47025,1639733,1125619421,18052387,434.604,6.97,36.501572,-83.660698
Montague,Montague County,Greater Appalachia,Texas,TX,48337,1383954,2411034611,19087359,930.906,7.37,33.678356,-97.725014
Brown,Brown County,Greater Appalachia,Texas,TX,48049,1383810,2446120246,32375524,944.452,12.5,31.764137,-98.998456
Racine,Racine County,Yankeedom,Wisconsin,WI,55101,1581111,861537618,1190103013,332.642,459.501,42.780392,-87.771599
Shawano,Shawano County,Yankeedom,Wisconsin,WI,55115,1581117,2313441749,41883059,893.225,16.171,44.789641,-88.755813
Audubon,Audubon County,The Midlands,Iowa,IA,19009,465194,1147264573,1152260,442.961,0.445,41.679178,-94.904312
Haskell,Haskell County,Greater Appalachia,Texas,TX,48207,1383889,2339103809,18465208,903.133,7.129,33.175964,-99.730774
Logan,Logan County,Greater Appalachia,Oklahoma,OK,40083,1101829,1926268079,13203700,743.736,5.098,35.914277,-97.450952
Oneida,Oneida County,Yankeedom,New York,NY,36065,974131,3139921908,117357161,1212.331,45.312,43.242727,-75.434282
Lake,Lake County,The Far West,Colorado,CO,08065,198149,976215864,18111565,376.919,6.993,39.205341,-106.350079
Pittsburg,Pittsburg County,Greater Appalachia,Oklahoma,OK,40121,1101848,3381286065,187418802,1305.522,72.363,34.92554,-95.74813
Doddridge,Doddridge County,Greater Appalachia,West Virginia,WV,54017,1689476,828078406,1950541,319.723,0.753,39.264307,-80.711498
Wirt,Wirt County,Greater Appalachia,West Virginia,WV,54105,1678877,602201078,5839709,232.511,2.255,39.020034,-81.382975
Carroll,Carroll County,Yankeedom,New Hampshire,NH,33003,873175,2413515434,159620276,931.864,61.63,43.867774,-71.20156
Tyler,Tyler County,Greater Appalachia,West Virginia,WV,54095,1678706,663818560,11382160,256.302,4.395,39.465634,-80.877219
Le Sueur,Le Sueur County,Yankeedom,Minnesota,MN,27079,659485,1162060231,65125082,448.674,25.145,44.373424,-93.730143
Douglas,Douglas County,The Far West,Washington,WA,53017,1531818,4711819965,76557106,1819.244,29.559,47.741763,-119.694622
Cattaraugus,Cattaraugus County,Yankeedom,New York,NY,36009,974103,3388125876,36783591,1308.163,14.202,42.239099,-78.662332
Dodge,Dodge County,Yankeedom,Wisconsin,WI,55027,1581073,2268049732,81331401,875.699,31.402,43.429628,-88.701939
Jones,Jones County,The Midlands,Iowa,IA,19105,465241,1490844762,3782492,575.618,1.46,42.125118,-91.116914
Barber,Barber County,The Midlands,Kansas,KS,20007,484973,2937240779,5411508,1134.075,2.089,37.222906,-98.685052
Pulaski,Pulaski County,Greater Appalachia,Missouri,MO,29169,758539,1417014581,11312724,547.112,4.368,37.824835,-92.207022
Dale,Dale County,Deep South,Alabama,AL,01045,161548,1453276166,4051341,561.113,1.564,31.430654,-85.609476
Logan,Logan County,The Far West,Kansas,KS,20109,485019,2779039723,274632,1072.993,0.106,38.91327,-101.157402
Madera,Madera County,The Far West,California,CA,06039,277284,5534591552,42271836,2136.918,16.321,37.209821,-119.749802
Gentry,Gentry County,The Midlands,Missouri,MO,29075,758492,1272776755,762384,491.422,0.294,40.208127,-94.405321
Blaine,Blaine County,The Far West,Nebraska,NE,31009,835827,1840681023,9443894,710.691,3.646,41.931945,-99.996407
Daggett,Daggett County,The Far West,Utah,UT,49009,1448019,1805185844,61230034,696.986,23.641,40.890099,-109.505785
Platte,Platte County,The Far West,Wyoming,WY,56031,1605080,5390953617,76102033,2081.459,29.383,42.131593,-104.953963
Gaston,Gaston County,Greater Appalachia,North Carolina,NC,37071,1008554,921392674,20546046,355.752,7.933,35.293344,-81.177256
Guadalupe,Guadalupe County,El Norte,New Mexico,NM,35019,929111,7847072132,2887948,3029.772,1.115,34.869782,-104.784968
Golden Valley,Golden Valley County,The Far West,Montana,MT,30037,1723078,3041740576,2621792,1174.423,1.012,46.380624,-109.174586
Johnston,Johnston County,Tidewater,North Carolina,NC,37101,1026327,2051313884,9394347,792.017,3.627,35.513419,-78.367348
Santa Clara,Santa Clara County,The Left Coast,California,CA,06085,277307,3343892719,33595850,1291.084,12.971,37.221614,-121.68954
Charleston,Charleston County,Deep South,South Carolina,SC,45019,1252740,2377554566,1139619647,917.979,440.01,32.800458,-79.94248
Benton,Benton County,The Far West,Washington,WA,53005,1513302,4403309851,154293639,1700.128,59.573,46.228125,-119.516659
Adair,Adair County,The Midlands,Missouri,MO,29001,765805,1469362059,5468507,567.324,2.111,40.190666,-92.603592
Erie,Erie County,Yankeedom,Ohio,OH,39043,1074034,650833148,969939819,251.288,374.496,41.394143,-82.586835
Vermilion,Vermilion County,Greater Appalachia,Illinois,IL,17183,1785114,2326634937,7531157,898.319,2.908,40.186754,-87.726778
St. Louis,St. Louis County,The Midlands,Missouri,MO,29189,758549,1315391134,39612404,507.875,15.294,38.640688,-90.446073
Boone,Boone County,Yankeedom,Illinois,IL,17007,424205,727114618,3360626,280.741,1.298,42.318983,-88.824295
Tehama,Tehama County,The Far West,California,CA,06103,1692767,7638229340,33767224,2949.137,13.038,40.126157,-122.232274
Dane,Dane County,Yankeedom,Wisconsin,WI,55025,1581072,3098899108,106217126,1196.492,41.011,43.067468,-89.417852
Fisher,Fisher County,Greater Appalachia,Texas,TX,48151,1383861,2328272103,7258480,898.951,2.803,32.740473,-100.40312
Sabine,Sabine Parish,Deep South,Louisiana,LA,22085,559489,2244547678,375313525,866.625,144.909,31.560402,-93.559579
Morgan,Morgan County,Greater Appalachia,Illinois,IL,17137,424270,1473567808,9081549,568.948,3.506,39.717668,-90.205005
Pulaski,Pulaski County,Deep South,Georgia,GA,13235,347593,645583957,5046606,249.261,1.949,32.238803,-83.481845
Bertie,Bertie County,Tidewater,North Carolina,NC,37015,1026334,1810858588,109120751,699.176,42.132,36.059043,-76.962364
Stanly,Stanly County,Greater Appalachia,North Carolina,NC,37167,1025844,1023250040,25187035,395.079,9.725,35.310449,-80.254374
Rhea,Rhea County,Greater Appalachia,Tennessee,TN,47143,1639784,817071273,54409427,315.473,21.008,35.60059,-84.949548
Greene,Greene County,Tidewater,North Carolina,NC,37079,1008557,690838977,1229492,266.734,0.475,35.481959,-77.681688
Leslie,Leslie County,Greater Appalachia,Kentucky,KY,21131,516912,1038206010,9189721,400.854,3.548,37.087846,-83.388617
Somerset,Somerset County,Tidewater,Maryland,MD,24039,596907,828145301,752652868,319.749,290.601,38.07445,-75.853323
Marshall,Marshall County,The Midlands,Illinois,IL,17123,424260,1001843226,30364348,386.814,11.724,41.031119,-89.342371
Lyon,Lyon County,Greater Appalachia,Kentucky,KY,21143,516918,553848612,110565602,213.842,42.69,37.023976,-88.083391
Concho,Concho County,Greater Appalachia,Texas,TX,48095,1383833,2547914005,25740025,983.755,9.938,31.318883,-99.863649
Coke,Coke County,Greater Appalachia,Texas,TX,48081,1383826,2361153198,42331832,911.646,16.344,31.87711,-100.635231
Overton,Overton County,Greater Appalachia,Tennessee,TN,47133,1639780,1122721524,3492728,433.485,1.349,36.34485,-85.283076
Huron,Huron County,Yankeedom,Michigan,MI,26063,1622974,2165272594,3369021596,836.016,1300.787,43.907616,-82.857045
Iosco,Iosco County,Yankeedom,Michigan,MI,26069,1622977,1422173769,3473068812,549.104,1340.959,44.386912,-83.380141
Coffee,Coffee County,Deep South,Georgia,GA,13069,347456,1533972030,26884091,592.27,10.38,31.549245,-82.84494
Ware,Ware County,Deep South,Georgia,GA,13299,357722,2329026445,22649478,899.242,8.745,31.050881,-82.421507
Grant,Grant County,The Far West,North Dakota,ND,38037,1035300,4297393836,17563450,1659.233,6.781,46.357827,-101.639049
Jefferson,Jefferson Parish,New France,Louisiana,LA,22051,558027,779455288,883412483,300.949,341.087,29.5033,-90.036231
St. Tammany,St. Tammany Parish,New France,Louisiana,LA,22103,1629503,2189206640,648444271,845.257,250.366,30.410022,-89.951962
Hardin,Hardin County,The Midlands,Iowa,IA,19083,465230,1474498036,1783759,569.307,0.689,42.390208,-93.241669
Cameron,Cameron Parish,New France,Louisiana,LA,22023,558488,3327199807,1688890197,1284.639,652.084,29.871812,-93.164948
Clinton,Clinton County,Greater Appalachia,Ohio,OH,39027,1074026,1058609496,9329331,408.731,3.602,39.416681,-83.804583
St. Louis,St. Louis County,Yankeedom,Minnesota,MN,27137,662850,16181141791,1586529239,6247.574,612.562,47.578635,-92.514593
Lorain,Lorain County,Yankeedom,Ohio,OH,39093,1074059,1270483156,1119495057,490.536,432.239,41.438805,-82.179722
Boone,Boone County,The Midlands,Iowa,IA,19015,465197,1477555796,8129933,570.488,3.139,42.038642,-93.938603
Polk,Polk County,Deep South,Texas,TX,48373,1383972,2737733240,136271620,1057.045,52.615,30.784553,-94.837338
Dixon,Dixon County,The Midlands,Nebraska,NE,31051,835847,1233120004,17111900,476.11,6.607,42.485086,-96.855784
Harford,Harford County,The Midlands,Maryland,MD,24025,1698178,1132152045,231885675,437.126,89.532,39.537429,-76.299789
Edgefield,Edgefield County,Deep South,South Carolina,SC,45037,1247999,1296833562,16298644,500.71,6.293,33.776498,-81.968245
Accomack,Accomack County,Tidewater,Virginia,VA,51001,1480091,1163725929,2229259960,449.317,860.722,37.765944,-75.757807
Calumet,Calumet County,Yankeedom,Wisconsin,WI,55015,1581067,824263566,204161565,318.25,78.827,44.07841,-88.212132
Knox,Knox County,Greater Appalachia,Kentucky,KY,21121,516907,1000524690,3742206,386.305,1.445,36.8885,-83.855551
Ionia,Ionia County,Yankeedom,Michigan,MI,26067,1622976,1479710873,22590323,571.32,8.722,42.94465,-85.073766
New Hanover,New Hanover County,Deep South,North Carolina,NC,37129,1026329,497937486,353803887,192.255,136.604,34.183445,-77.864204
Obion,Obion County,Greater Appalachia,Tennessee,TN,47131,1639779,1411148373,27448903,544.847,10.598,36.361892,-89.148078
Calloway,Calloway County,Greater Appalachia,Kentucky,KY,21035,516864,997224714,66474183,385.031,25.666,36.620978,-88.274086
Albemarle,Albemarle County,Tidewater,Virginia,VA,51003,1675170,1866014147,14223772,720.472,5.492,38.024184,-78.553506
Robertson,Robertson County,Greater Appalachia,Tennessee,TN,47147,1639786,1233703847,457701,476.336,0.177,36.527509,-86.869354
Clarke,Clarke County,Greater Appalachia,Virginia,VA,51043,1690562,455664146,5690611,175.933,2.197,39.115307,-77.990748
Garfield,Garfield County,The Far West,Washington,WA,53023,1533500,1841054897,19294817,710.835,7.45,46.429318,-117.536705
Jackson,Jackson County,Greater Appalachia,Kentucky,KY,21109,516901,894051381,3407440,345.195,1.316,37.403458,-84.020576
Cook,Cook County,Yankeedom,Minnesota,MN,27031,659461,3762130687,4887924296,1452.567,1887.238,47.758556,-90.344319
Oconee,Oconee County,Greater Appalachia,South Carolina,SC,45073,1244832,1622773470,121745539,626.556,47.006,34.748766,-83.06154
East Baton Rouge,East Baton Rouge Parish,New France,Louisiana,LA,22033,558530,1179744893,38443656,455.502,14.843,30.54393,-91.093131
Claiborne,Claiborne County,Deep South,Mississippi,MS,28021,695735,1262400025,35711134,487.415,13.788,31.97281,-90.915424
St. Mary's,St. Mary's County,Tidewater,Maryland,MD,24037,1697853,928809939,1050592561,358.616,405.636,38.223077,-76.534487
Kent,Kent County,Yankeedom,Michigan,MI,26081,1622983,2198720084,59599778,848.931,23.012,43.032497,-85.547446
Pitt,Pitt County,Tidewater,North Carolina,NC,37147,1008578,1689621009,8246941,652.366,3.184,35.59249,-77.372739
Carbon,Carbon County,The Far West,Montana,MT,30009,1720111,5303728455,35213028,2047.781,13.596,45.224468,-109.028554
Stanton,Stanton County,The Midlands,Nebraska,NE,31167,835905,1107500711,8789496,427.608,3.394,41.905045,-97.177109
Appling,Appling County,Deep South,Georgia,GA,13001,349113,1316424660,10326621,508.274,3.987,31.739712,-82.290103
Jasper,Jasper County,The Midlands,Iowa,IA,19099,465238,1891795109,6544165,730.426,2.527,41.685551,-93.054147
Wayne,Wayne County,Deep South,Mississippi,MS,28153,695797,2099745602,7255476,810.716,2.801,31.642503,-88.678214
Cottle,Cottle County,Greater Appalachia,Texas,TX,48101,1383836,2332448732,2723997,900.564,1.052,34.091906,-100.276442
Greensville,Greensville County,Tidewater,Virginia,VA,51081,1501122,764634552,4086108,295.227,1.578,36.680336,-77.560277
Polk,Polk County,Deep South,Florida,FL,12105,295747,4656186394,550757251,1797.764,212.649,27.953649,-81.693534
Young,Young County,Greater Appalachia,Texas,TX,48503,1384037,2368539757,42371869,914.498,16.36,33.158778,-98.67839
Tallapoosa,Tallapoosa County,Deep South,Alabama,AL,01123,161587,1855798005,128790974,716.528,49.726,32.863308,-85.799618
Rockingham,Rockingham County,Yankeedom,New Hampshire,NH,33015,873181,1801055120,258626550,695.391,99.856,42.988664,-71.09908
Rio Grande,Rio Grande County,The Far West,Colorado,CO,08105,198168,2361956083,984295,911.956,0.38,37.485853,-106.453128
Plymouth,Plymouth County,The Midlands,Iowa,IA,19149,465263,2234715257,2176851,862.828,0.84,42.737585,-96.215864
Yates,Yates County,Yankeedom,New York,NY,36123,974159,875777224,97488350,338.139,37.64,42.638237,-77.104324
King,King County,The Left Coast,Washington,WA,53033,1531933,5478417256,497859101,2115.229,192.224,47.490552,-121.833977
Deschutes,Deschutes County,The Far West,Oregon,OR,41017,1155130,7815593157,94707741,3017.618,36.567,43.915118,-121.225575
Pottawattamie,Pottawattamie County,The Midlands,Iowa,IA,19155,465266,2463771925,20389998,951.268,7.873,41.340184,-95.544905
Wright,Wright County,Greater Appalachia,Missouri,MO,29229,758567,1765788195,3525240,681.775,1.361,37.267633,-92.479989
Toole,Toole County,The Far West,Montana,MT,30101,1719566,4959475392,78025726,1914.864,30.126,48.645125,-111.733472
Tioga,Tioga County,Yankeedom,New York,NY,36107,974151,1343600014,11044570,518.767,4.264,42.178057,-76.297456
Lee,Lee County,Greater Appalachia,Texas,TX,48287,1383929,1629204766,13122562,629.04,5.067,30.321498,-96.976823
Fulton,Fulton County,Deep South,Georgia,GA,13121,1694833,1364133162,19666288,526.695,7.593,33.790034,-84.468182
Cherokee,Cherokee County,Deep South,Texas,TX,48073,1383822,2727141726,23873001,1052.955,9.217,31.843881,-95.156343
Audrain,Audrain County,Greater Appalachia,Missouri,MO,29007,758458,1792918159,11843439,692.25,4.573,39.214481,-91.843418
Colleton,Colleton County,Deep South,South Carolina,SC,45029,1247991,2736331638,198865069,1056.504,76.782,32.835018,-80.655244
Jefferson,Jefferson County,Yankeedom,Wisconsin,WI,55055,1581087,1441308410,67985729,556.492,26.249,43.013804,-88.773985
Greene,Greene County,Greater Appalachia,Arkansas,AR,05055,66857,1495304293,5273183,577.34,2.036,36.120607,-90.566346
Hall,Hall County,Greater Appalachia,Texas,TX,48191,1383881,2288233615,53366403,883.492,20.605,34.453189,-100.576343
Burnett,Burnett County,Yankeedom,Wisconsin,WI,55013,1581066,2127832847,151938079,821.561,58.664,45.866897,-92.37573
Torrance,Torrance County,El Norte,New Mexico,NM,35057,929112,8664061384,2316559,3345.213,0.894,34.554978,-105.890557
Pacific,Pacific County,The Left Coast,Washington,WA,53049,1513274,2418037245,758680651,933.609,292.928,46.556587,-123.782419
Pender,Pender County,Deep South,North Carolina,NC,37141,1026129,2256645359,162833419,871.296,62.87,34.512556,-77.888106
Hood,Hood County,Greater Appalachia,Texas,TX,48221,1383896,1089582268,41775455,420.69,16.13,32.430149,-97.831677
Stanley,Stanley County,The Far West,South Dakota,SD,46117,1266998,3741060758,188383651,1444.432,72.735,44.413984,-100.747822
Washoe,Washoe County,The Far West,Nevada,NV,32031,858608,16358045234,582737534,6315.877,224.996,40.73132,-119.663269
Ballard,Ballard County,Greater Appalachia,Kentucky,KY,21007,516850,639538865,70070117,246.927,27.054,37.051323,-89.010367
Archer,Archer County,Greater Appalachia,Texas,TX,48009,1383790,2339508165,57767715,903.289,22.304,33.616305,-98.687267
Baylor,Baylor County,Greater Appalachia,Texas,TX,48023,1383797,2246764583,86991035,867.481,33.587,33.618802,-99.208189
San Augustine,San Augustine County,Deep South,Texas,TX,48405,1383988,1374400363,159644688,530.659,61.639,31.382449,-94.16318
Storey,Storey County,The Far West,Nevada,NV,32029,858642,683182692,1881025,263.778,0.726,39.438385,-119.524646
Schley,Schley County,Deep South,Georgia,GA,13249,344129,432291202,2369649,166.909,0.915,32.263444,-84.322708
Fairfield,Fairfield County,Yankeedom,Connecticut,CT,09001,212794,1618664029,549280913,624.97,212.079,41.227413,-73.367061
Madison,Madison County,Deep South,Texas,TX,48313,1383939,1207103457,16493254,466.065,6.368,30.966878,-95.930372
San Joaquin,San Joaquin County,The Far West,California,CA,06077,277303,3606222502,89027654,1392.37,34.374,37.934982,-121.272244
Winston,Winston County,Deep South,Mississippi,MS,28159,695800,1572773194,7341897,607.251,2.835,33.078724,-89.037391
Henry,Henry County,Greater Appalachia,Kentucky,KY,21103,516898,741500309,12501986,286.295,4.827,38.451383,-85.119647
Mercer,Mercer County,Greater Appalachia,Kentucky,KY,21167,516930,645073065,10991213,249.064,4.244,37.812085,-84.879695
Wheeler,Wheeler County,The Midlands,Nebraska,NE,31183,835913,1489717908,1059454,575.183,0.409,41.922575,-98.520853
Lewis,Lewis County,Greater Appalachia,Kentucky,KY,21135,516914,1250548676,31895661,482.84,12.315,38.535047,-83.370143
Grant,Grant County,Yankeedom,Minnesota,MN,27051,659471,1418795389,71705191,547.8,27.686,45.930743,-96.010699
Humphreys,Humphreys County,Deep South,Mississippi,MS,28053,695750,1083947284,32942664,418.514,12.719,33.130996,-90.523421
Clarke,Clarke County,Deep South,Alabama,AL,01025,161538,3207494086,36657889,1238.42,14.154,31.685521,-87.818624
Chase,Chase County,Greater Appalachia,Kansas,KS,20017,484978,2002198770,12091093,773.053,4.668,38.299475,-96.594029
Trigg,Trigg County,Greater Appalachia,Kentucky,KY,21221,516957,1143489745,103147003,441.504,39.825,36.807681,-87.858652
Houston,Houston County,Deep South,Alabama,AL,01069,161560,1501742239,4795415,579.826,1.852,31.158183,-85.296411
Aurora,Aurora County,The Midlands,South Dakota,SD,46003,1266983,1834902863,11201379,708.46,4.325,43.724719,-98.577587
Franklin,Franklin County,The Midlands,Nebraska,NE,31061,835852,1491355860,487899,575.816,0.188,40.183203,-98.96208
Kent,Kent County,Tidewater,Maryland,MD,24029,593907,717497117,353321619,277.027,136.418,39.241279,-76.125987
Crawford,Crawford County,Greater Appalachia,Kansas,KS,20037,484988,1527499258,13573629,589.771,5.241,37.505821,-94.853897
Chippewa,Chippewa County,Yankeedom,Minnesota,MN,27023,659457,1505378148,17239137,581.23,6.656,45.028625,-95.564108
Pennington,Pennington County,The Far West,South Dakota,SD,46103,1266995,7191788472,19926710,2776.765,7.694,44.002349,-102.823801
Hampton,Hampton County,Deep South,South Carolina,SC,45049,1248004,1450327687,7072565,559.975,2.731,32.778334,-81.143822
Fremont,Fremont County,The Far West,Idaho,ID,16043,395408,4827633116,83440652,1863.96,32.217,44.218091,-111.484429
Bryan,Bryan County,Deep South,Georgia,GA,13029,350496,1133280746,43754751,437.562,16.894,32.017969,-81.438543
Dinwiddie,Dinwiddie County,Tidewater,Virginia,VA,51053,1690739,1305057845,8988308,503.886,3.47,37.073498,-77.635492
St. Lucie,St. Lucie County,Deep South,Florida,FL,12111,308372,1480593673,300906587,571.66,116.181,27.379814,-80.443536
Monroe,Monroe County,Yankeedom,New York,NY,36055,974126,1701475181,1838271361,656.943,709.761,43.250347,-77.700518
Lincoln,Lincoln County,The Midlands,South Dakota,SD,46083,1265769,1495182125,1179561,577.293,0.455,43.27942,-96.722286
Chippewa,Chippewa County,Yankeedom,Wisconsin,WI,55017,1581068,2611628507,85233303,1008.355,32.909,45.069092,-91.283505
Woodson,Woodson County,Greater Appalachia,Kansas,KS,20207,485064,1289344338,19254559,497.819,7.434,37.888193,-95.758469
Marshall,Marshall County,Greater Appalachia,Kentucky,KY,21157,516922,782712536,98325124,302.207,37.964,36.882017,-88.332752
Clinch,Clinch County,Deep South,Georgia,GA,13065,351285,2110829175,23303279,814.996,8.997,30.917653,-82.702614
Lowndes,Lowndes County,Deep South,Georgia,GA,13185,326720,1287842038,34542105,497.239,13.337,30.833145,-83.268995
Macomb,Macomb County,Yankeedom,Michigan,MI,26099,1622992,1241494597,237183770,479.344,91.577,42.671553,-82.911456
Turner,Turner County,Deep South,Georgia,GA,13287,343238,739227758,11818093,285.417,4.563,31.7248,-83.620319
Jasper,Jasper County,Greater Appalachia,Illinois,IL,17079,424241,1281043651,9334509,494.614,3.604,39.004886,-88.150725
Milam,Milam County,Deep South,Texas,TX,48331,1383951,2632349427,11831398,1016.356,4.568,30.791242,-96.984395
Spencer,Spencer County,Greater Appalachia,Indiana,IN,18147,450388,1027918647,11984810,396.882,4.627,38.009697,-87.010375
Hart,Hart County,Greater Appalachia,Kentucky,KY,21099,516896,1068536124,13686670,412.564,5.284,37.305827,-85.878443
Lincoln,Lincoln County,Greater Appalachia,Kentucky,KY,21137,516915,862060460,9192346,332.843,3.549,37.457174,-84.658335
Blaine,Blaine County,The Far West,Montana,MT,30005,1722470,10949218328,29079295,4227.517,11.228,48.428282,-108.967648
Norfolk,Norfolk city,Tidewater,Virginia,VA,51710,1498557,137981431,111701531,53.275,43.128,36.923015,-76.244641
Reeves,Reeves County,El Norte,Texas,TX,48389,1383980,6825534318,17396672,2635.354,6.717,31.308366,-103.712706
Pulaski,Pulaski County,Greater Appalachia,Virginia,VA,51155,1501465,828378951,24875979,319.839,9.605,37.063385,-80.713444
Union,Union County,Greater Appalachia,North Carolina,NC,37179,1008590,1638778990,17891392,632.736,6.908,34.99182,-80.530426
McKenzie,McKenzie County,The Far West,North Dakota,ND,38053,1035299,7148712746,260119355,2760.134,100.433,47.742475,-103.403215
Okaloosa,Okaloosa County,Deep South,Florida,FL,12091,306915,2409192557,819717338,930.194,316.495,30.614325,-86.59108
Alameda,Alameda County,The Left Coast,California,CA,06001,1675839,1910017353,216902808,737.462,83.747,37.647139,-121.912488
Calhoun,Calhoun County,Greater Appalachia,Illinois,IL,17013,424208,657415184,77051402,253.829,29.75,39.164262,-90.666295
Kosciusko,Kosciusko County,The Midlands,Indiana,IN,18085,450367,1376434729,59436572,531.444,22.949,41.244293,-85.861575
Noxubee,Noxubee County,Deep South,Mississippi,MS,28103,695774,1800451921,12487951,695.158,4.822,33.106606,-88.566152
Woodruff,Woodruff County,Deep South,Arkansas,AR,05147,69907,1517642896,21058193,585.965,8.131,35.192777,-91.244535
Gloucester,Gloucester County,The Midlands,New Jersey,NJ,34015,882277,833976887,38259771,322,14.772,39.722875,-75.145679
Hillsborough,Hillsborough County,Yankeedom,New Hampshire,NH,33011,873179,2270191096,41320770,876.526,15.954,42.911532,-71.723055
Judith Basin,Judith Basin County,The Far West,Montana,MT,30045,1719602,4842466559,2066739,1869.687,0.798,47.032558,-110.30532
Mitchell,Mitchell County,Greater Appalachia,North Carolina,NC,37121,1008571,573036225,1632150,221.251,0.63,36.013102,-82.163554
Powell,Powell County,The Far West,Montana,MT,30077,1720021,6024421103,16247901,2326.042,6.273,46.844225,-112.9311
Polk,Polk County,The Left Coast,Oregon,OR,41053,1135862,1918983379,8146766,740.924,3.145,44.900372,-123.39864
Wasco,Wasco County,The Far West,Oregon,OR,41065,1155136,6167113903,35722738,2381.136,13.793,45.164536,-121.165069
Perkins,Perkins County,The Far West,South Dakota,SD,46105,1266990,7434457143,50539948,2870.46,19.514,45.483387,-102.467995
Taylor,Taylor County,The Midlands,Iowa,IA,19173,465275,1377618877,7133363,531.902,2.754,40.737949,-94.697108
Washington,Washington County,Deep South,Alabama,AL,01129,161590,2797712949,21660030,1080.203,8.363,31.408503,-88.212404
Defiance,Defiance County,The Midlands,Ohio,OH,39039,1074032,1065649888,7073996,411.45,2.731,41.321679,-84.486433
Greenbrier,Greenbrier County,Greater Appalachia,West Virginia,WV,54025,1557518,2641303514,12164256,1019.813,4.697,37.924418,-80.45059
Marion,Marion County,Greater Appalachia,Illinois,IL,17121,424259,1482865616,9234118,572.538,3.565,38.648236,-88.920362
Dickenson,Dickenson County,Greater Appalachia,Virginia,VA,51051,1497376,855863023,8079112,330.451,3.119,37.136701,-82.34922
Amelia,Amelia County,Tidewater,Virginia,VA,51007,1497770,920379345,8188217,355.36,3.161,37.331927,-77.977462
Randolph,Randolph County,Deep South,Georgia,GA,13243,352242,1109126227,6830041,428.236,2.637,31.762651,-84.752311
Luna,Luna County,El Norte,New Mexico,NM,35029,933057,7679776933,433660,2965.179,0.167,32.184523,-107.747191
Nueces,Nueces County,El Norte,Texas,TX,48355,1383963,2173169293,845316413,839.065,326.379,27.740032,-97.516214
Weston,Weston County,The Far West,Wyoming,WY,56045,1605086,6210804119,5225499,2398.005,2.018,43.846213,-104.57002
Warren,Warren County,The Midlands,Illinois,IL,17187,1785134,1404768301,1672625,542.384,0.646,40.850441,-90.620223
Madison,Madison County,Greater Appalachia,Alabama,AL,01089,161570,2076136600,28786030,801.601,11.114,34.764238,-86.55108
Wilson,Wilson County,Greater Appalachia,Tennessee,TN,47189,1639802,1478548412,32071810,570.871,12.383,36.149527,-86.291242
Camp,Camp County,Deep South,Texas,TX,48063,1383817,507242364,19129375,195.847,7.386,32.974581,-94.979085
Jefferson,Jefferson County,Greater Appalachia,Oklahoma,OK,40067,1101821,1965685986,39417590,758.956,15.219,34.105082,-97.83889
Ritchie,Ritchie County,Greater Appalachia,West Virginia,WV,54085,1689049,1170648850,4424612,451.99,1.708,39.177112,-81.066317
Page,Page County,The Midlands,Iowa,IA,19145,465261,1385497642,1359014,534.944,0.525,40.739097,-95.144301
Jefferson,Jefferson County,The Midlands,Kansas,KS,20087,485008,1379494403,62293259,532.626,24.052,39.239644,-95.375314
Iberia,Iberia Parish,New France,Louisiana,LA,22045,558576,1485913496,1182061975,573.714,456.397,29.606013,-91.842706
Onslow,Onslow County,Deep South,North Carolina,NC,37133,1026341,1973765096,370675285,762.075,143.119,34.763109,-77.499469
Faribault,Faribault County,Yankeedom,Minnesota,MN,27043,659467,1845313211,24410722,712.479,9.425,43.676522,-93.947234
Grainger,Grainger County,Greater Appalachia,Tennessee,TN,47057,1648575,726715759,56600343,280.587,21.854,36.277509,-83.509546
Freestone,Freestone County,Greater Appalachia,Texas,TX,48161,1383866,2273311866,36936963,877.731,14.261,31.701749,-96.144957
Mifflin,Mifflin County,The Midlands,Pennsylvania,PA,42087,1213679,1064602254,9507394,411.045,3.671,40.601615,-77.651832
Crenshaw,Crenshaw County,Deep South,Alabama,AL,01041,161546,1576952763,5388562,608.865,2.081,31.730311,-86.320038
Bristol,Bristol city,Greater Appalachia,Virginia,VA,51520,1498416,33336230,322409,12.871,0.124,36.616954,-82.157564
Runnels,Runnels County,Greater Appalachia,Texas,TX,48399,1383985,2722259323,15604788,1051.07,6.025,31.845119,-99.982715
Terrell,Terrell County,El Norte,Texas,TX,48443,1384007,6107081791,259482,2357.958,0.1,30.232343,-102.072513
Rawlins,Rawlins County,The Far West,Kansas,KS,20153,485040,2769775708,415527,1069.416,0.16,39.786198,-101.076738
Thomas,Thomas County,The Far West,Kansas,KS,20193,485057,2783425129,288241,1074.686,0.111,39.357713,-101.083386
Jeff Davis,Jeff Davis County,Deep South,Georgia,GA,13161,1687999,857075892,11600966,330.919,4.479,31.811615,-82.636825
Cherokee,Cherokee County,The Midlands,Iowa,IA,19035,465207,1494181143,423160,576.907,0.163,42.742737,-95.633262
White,White County,Greater Appalachia,Arkansas,AR,05145,69906,2678251423,20554640,1034.079,7.936,35.255118,-91.753034
Leflore,Leflore County,Deep South,Mississippi,MS,28083,695765,1538645698,31868197,594.074,12.304,33.54979,-90.294934
Cooper,Cooper County,The Midlands,Missouri,MO,29053,758481,1462695259,11475878,564.75,4.431,38.847093,-92.810069
Dickinson,Dickinson County,Yankeedom,Michigan,MI,26043,1622964,1970845133,40505952,760.948,15.639,46.012833,-87.866139
Will,Will County,The Midlands,Illinois,IL,17197,1785190,2164908486,34569451,835.876,13.347,41.448474,-87.978456
Deaf Smith,Deaf Smith County,Greater Appalachia,Texas,TX,48117,1383845,3876750568,3926557,1496.822,1.516,34.940766,-102.607564
Brookings,Brookings County,Yankeedom,South Dakota,SD,46011,1265779,2051833299,32942236,792.217,12.719,44.376675,-96.797797
Clay,Clay County,The Midlands,Missouri,MO,29047,758478,1029941235,28508804,397.663,11.007,39.315551,-94.421502
Coahoma,Coahoma County,Deep South,Mississippi,MS,28027,695738,1432509882,77542049,553.095,29.939,34.230316,-90.60401
Boone,Boone County,Greater Appalachia,Indiana,IN,18011,450405,1095260006,876741,422.882,0.339,40.050892,-86.469014
Des Moines,Des Moines County,The Midlands,Iowa,IA,19057,465217,1077768376,35342794,416.129,13.646,40.915339,-91.186925
Scott,Scott County,The Midlands,Iowa,IA,19163,465270,1186463557,26196368,458.096,10.114,41.642079,-90.622289
Ottawa,Ottawa County,The Midlands,Kansas,KS,20143,485035,1866683177,1567629,720.73,0.605,39.137963,-97.654802
Columbia,Columbia County,Deep South,Florida,FL,12023,306909,2065648312,9755972,797.551,3.767,30.221651,-82.623371
Holmes,Holmes County,Deep South,Florida,FL,12059,295735,1240232910,26393540,478.857,10.191,30.862007,-85.815939
Harrison,Harrison County,Deep South,Mississippi,MS,28047,695747,1485724358,1064607689,573.641,411.047,30.416536,-89.083376
Bradley,Bradley County,Greater Appalachia,Tennessee,TN,47011,1639727,851489196,6959141,328.762,2.687,35.153914,-84.859414
Carlton,Carlton County,Yankeedom,Minnesota,MN,27017,659454,2230477103,36173451,861.192,13.967,46.603818,-92.671044
Marion,Marion County,Deep South,Texas,TX,48315,1383940,986530318,102099491,380.902,39.421,32.798182,-94.356853
Schoharie,Schoharie County,Yankeedom,New York,NY,36095,974145,1610503552,11676951,621.819,4.508,42.591294,-74.438172
Pawnee,Pawnee County,Greater Appalachia,Oklahoma,OK,40117,1101846,1472027960,68849518,568.353,26.583,36.313704,-96.696669
Broome,Broome County,Yankeedom,New York,NY,36007,974102,1827594819,25109986,705.638,9.695,42.161977,-75.830283
Liberty,Liberty County,Deep South,Texas,TX,48291,1383931,3000121460,46620495,1158.353,18,30.158508,-94.844061
Athens,Athens County,Greater Appalachia,Ohio,OH,39009,1074018,1304431980,12361693,503.644,4.773,39.332755,-82.045885
Jefferson,Jefferson County,The Midlands,Ohio,OH,39081,1074053,1057037100,7335056,408.124,2.832,40.399384,-80.763527
Randolph,Randolph County,Greater Appalachia,West Virginia,WV,54083,1550048,2692810850,667359,1039.7,0.258,38.781095,-79.867788
Marion,Marion County,Greater Appalachia,West Virginia,WV,54049,1718173,799667746,7160908,308.753,2.765,39.505839,-80.243402
Cumberland,Cumberland County,The Midlands,New Jersey,NJ,34011,882275,1251898249,503713126,483.361,194.485,39.328434,-75.121628
Nevada,Nevada County,The Far West,California,CA,06057,1682927,2480587302,41531993,957.76,16.036,39.297508,-120.771343
Douglas,Douglas County,Yankeedom,Wisconsin,WI,55031,1581075,3378047451,454294232,1304.271,175.404,46.463218,-91.892477
Pulaski,Pulaski County,Greater Appalachia,Kentucky,KY,21199,516946,1705275604,48545539,658.411,18.744,37.107452,-84.576969
Edgecombe,Edgecombe County,Tidewater,North Carolina,NC,37065,1008551,1309074148,3705924,505.436,1.431,35.917077,-77.602742
Jasper,Jasper County,Deep South,Texas,TX,48241,1383906,2431105358,80399907,938.655,31.043,30.752932,-94.022294
Beaver,Beaver County,The Far West,Utah,UT,49001,1448015,6689681850,5298466,2582.901,2.046,38.357535,-113.238948
Murray,Murray County,Greater Appalachia,Georgia,GA,13213,1688005,892235145,5719644,344.494,2.208,34.797097,-84.73799
Jay,Jay County,Greater Appalachia,Indiana,IN,18075,450362,994310119,458556,383.905,0.177,40.434956,-85.002331
Montcalm,Montcalm County,Yankeedom,Michigan,MI,26117,1623001,1826793476,39944685,705.329,15.423,43.312782,-85.149468
Rensselaer,Rensselaer County,Yankeedom,New York,NY,36083,974140,1689859763,33525770,652.459,12.944,42.710421,-73.513845
Collier,Collier County,Part of the Spanish Caribbean,Florida,FL,12021,295754,5172076456,1575209325,1996.95,608.192,26.118786,-81.400955
McKinley,McKinley County,The Far West,New Mexico,NM,35031,929107,14118189396,12689169,5451.064,4.899,35.584062,-108.253294
Ben Hill,Ben Hill County,Deep South,Georgia,GA,13017,351606,647802123,9814374,250.118,3.789,31.740772,-83.147197
Lee,Lee County,Deep South,Arkansas,AR,05077,66866,1553493435,57858191,599.807,22.339,34.779505,-90.779717
Baker,Baker County,Deep South,Florida,FL,12003,306920,1515738972,9686120,585.23,3.74,30.324442,-82.302284
Lanier,Lanier County,Deep South,Georgia,GA,13173,348102,509030778,8418857,196.538,3.251,31.038197,-83.063164
Rice,Rice County,The Midlands,Kansas,KS,20159,485043,1880936102,4482698,726.234,1.731,38.347178,-98.201415
Calhoun,Calhoun County,Deep South,Alabama,AL,01015,161533,1569246127,16536293,605.889,6.385,33.770516,-85.827909
Jackson,Jackson County,Deep South,Mississippi,MS,28059,695753,1872109197,830292614,722.825,320.578,30.456005,-88.625101
Campbell,Campbell County,Greater Appalachia,Kentucky,KY,21037,516865,391968586,20892234,151.34,8.067,38.946981,-84.379583
Cumberland,Cumberland County,Greater Appalachia,Kentucky,KY,21057,516875,790453071,14793815,305.196,5.712,36.782372,-85.388484
Panola,Panola County,Deep South,Mississippi,MS,28107,695776,1774595233,51686997,685.175,19.956,34.365205,-89.963065
Hansford,Hansford County,The Midlands,Texas,TX,48195,1383883,2382296646,1548341,919.81,0.598,36.272847,-101.35693
Chambers,Chambers County,Deep South,Texas,TX,48071,1383821,1546425540,709836144,597.078,274.069,29.696374,-94.669445
Quitman,Quitman County,Deep South,Georgia,GA,13239,350547,391703076,24158295,151.237,9.328,31.862938,-85.004798
Hardin,Hardin County,Deep South,Texas,TX,48199,1383885,2306612364,18037857,890.588,6.964,30.329648,-94.393178
Litchfield,Litchfield County,Yankeedom,Connecticut,CT,09005,212796,2384123146,62350378,920.515,24.074,41.791883,-73.235404
Sandusky,Sandusky County,The Midlands,Ohio,OH,39143,1074084,1057351022,24514231,408.246,9.465,41.355319,-83.142776
Piscataquis,Piscataquis County,Yankeedom,Maine,ME,23021,581296,10258805117,1080258051,3960.947,417.09,45.915639,-69.102231
Pulaski,Pulaski County,Greater Appalachia,Illinois,IL,17153,1784966,516100615,9768333,199.268,3.772,37.215615,-89.127755
Okfuskee,Okfuskee County,Greater Appalachia,Oklahoma,OK,40107,1101841,1601799648,26649719,618.458,10.29,35.466804,-96.327762
Saginaw,Saginaw County,Yankeedom,Michigan,MI,26145,1623015,2074053636,39287690,800.797,15.169,43.328267,-84.05541
Rio Arriba,Rio Arriba County,El Norte,New Mexico,NM,35039,1702368,15179593238,91463246,5860.874,35.314,36.509669,-106.693983
Caledonia,Caledonia County,Yankeedom,Vermont,VT,50005,1461759,1680273211,22375999,648.757,8.639,44.468791,-72.112168
Botetourt,Botetourt County,Greater Appalachia,Virginia,VA,51023,1674418,1401898974,12126225,541.276,4.682,37.565482,-79.797546
Madison,Madison County,Greater Appalachia,Illinois,IL,17119,424258,1853137786,63560244,715.501,24.541,38.82712,-89.900227
Collin,Collin County,Greater Appalachia,Texas,TX,48085,1383828,2178839147,115550728,841.255,44.614,33.194494,-96.579428
Abbeville,Abbeville County,Greater Appalachia,South Carolina,SC,45001,1245666,1272184102,53221051,491.193,20.549,34.229041,-82.454058
Dodge,Dodge County,The Midlands,Nebraska,NE,31053,835848,1370277209,36091675,529.067,13.935,41.577008,-96.645852
Sarasota,Sarasota County,Deep South,Florida,FL,12115,295741,1440039085,1086628535,556.002,419.55,27.225327,-82.423714
Marquette,Marquette County,Yankeedom,Wisconsin,WI,55077,1581098,1180288171,22670053,455.712,8.753,43.826053,-89.409095
Mohave,Mohave County,The Far West,Arizona,AZ,04015,25445,34530024782,333401646,13332.118,128.727,35.717705,-113.749689
Yavapai,Yavapai County,The Far West,Arizona,AZ,04025,42809,21038142263,11513573,8122.872,4.445,34.631071,-112.577225
Horry,Horry County,Deep South,South Carolina,SC,45051,1248005,2935248129,314476303,1133.306,121.42,33.909269,-78.976675
Montgomery,Montgomery County,The Midlands,Pennsylvania,PA,42091,1213680,1250887844,10984167,482.971,4.241,40.209999,-75.370201
Lewis,Lewis County,The Far West,Idaho,ID,16061,395622,1240141960,2340247,478.822,0.904,46.236328,-116.42376
Norton,Norton city,Greater Appalachia,Virginia,VA,51720,1498434,19366113,89335,7.477,0.034,36.931549,-82.625996
Morris,Morris County,Yankeedom,New Jersey,NJ,34027,882231,1193911893,53230151,460.972,20.552,40.858896,-74.547292
Sullivan,Sullivan County,The Midlands,Missouri,MO,29211,758558,1678265913,9121738,647.982,3.522,40.209587,-93.109783
Ness,Ness County,The Far West,Kansas,KS,20135,485031,2783562234,667491,1074.739,0.258,38.480437,-99.908745
Brazoria,Brazoria County,Deep South,Texas,TX,48039,1383805,3530999266,635436647,1363.326,245.343,29.167817,-95.434647
Staunton,Staunton city,Greater Appalachia,Virginia,VA,51790,1789075,51593819,147694,19.92,0.057,38.157978,-79.061876
Chase,Chase County,The Far West,Nebraska,NE,31029,835836,2316533441,7978172,894.419,3.08,40.53039,-101.694192
Montgomery,Montgomery County,Greater Appalachia,Ohio,OH,39113,1074069,1194894576,7494897,461.351,2.894,39.753736,-84.290591
Throckmorton,Throckmorton County,Greater Appalachia,Texas,TX,48447,1384009,2363499444,7586186,912.552,2.929,33.170695,-99.205796
Oglethorpe,Oglethorpe County,Deep South,Georgia,GA,13221,351262,1137165335,7708032,439.062,2.976,33.866806,-83.074081
Conway,Conway County,Greater Appalachia,Arkansas,AR,05029,66846,1429458480,37757545,551.917,14.578,35.265702,-92.689248
Nodaway,Nodaway County,The Midlands,Missouri,MO,29147,758528,2271326613,2361588,876.964,0.912,40.361136,-94.883146
Ransom,Ransom County,Yankeedom,North Dakota,ND,38073,1035301,2233792873,3582338,862.472,1.383,46.449276,-97.647554
Bay,Bay County,Yankeedom,Michigan,MI,26017,1622951,1145830342,487717966,442.408,188.309,43.699711,-83.978701
Shelby,Shelby County,Deep South,Tennessee,TN,47157,1639790,1969826793,51308328,760.554,19.81,35.184553,-89.894612
Butte,Butte County,The Far West,California,CA,06007,1675842,4238488698,105260548,1636.49,40.641,39.665336,-121.603209
Pine,Pine County,Yankeedom,Minnesota,MN,27115,659503,3655344652,60270933,1411.337,23.271,46.10094,-92.763094
Bastrop,Bastrop County,Greater Appalachia,Texas,TX,48021,1383796,2300500049,19009784,888.228,7.34,30.100772,-97.310639
Klickitat,Klickitat County,The Far West,Washington,WA,53039,1529219,4847515940,84930636,1871.636,32.792,45.870446,-120.779305
San Juan,San Juan County,The Left Coast,Washington,WA,53055,1531931,450432205,1157478544,173.913,446.905,48.50719,-123.103769
Brown,Brown County,Yankeedom,Wisconsin,WI,55009,1581064,1372931376,221810753,530.092,85.642,44.474024,-87.99613
Wilson,Wilson County,Greater Appalachia,Kansas,KS,20205,485063,1477385742,12048762,570.422,4.652,37.558515,-95.745175
Natchitoches,Natchitoches Parish,Deep South,Louisiana,LA,22069,558108,3246092085,119733774,1253.323,46.229,31.732509,-93.082546
Terrebonne,Terrebonne Parish,New France,Louisiana,LA,22109,559517,3185305317,2207679634,1229.853,852.39,29.33413,-90.843674
Irwin,Irwin County,Deep South,Georgia,GA,13155,352302,917795237,21756147,354.363,8.4,31.604306,-83.277037
Arenac,Arenac County,Yankeedom,Michigan,MI,26011,1622948,940627660,822313309,363.178,317.497,44.036833,-83.740675
Lee,Lee County,The Midlands,Iowa,IA,19111,465244,1340448561,55266767,517.55,21.339,40.647588,-91.477157
Osborne,Osborne County,The Midlands,Kansas,KS,20141,485034,2311604929,4806274,892.516,1.856,39.348261,-98.767942
Emmet,Emmet County,Yankeedom,Michigan,MI,26047,1622966,1210909558,1073450424,467.535,414.462,45.590094,-84.986822
Fremont,Fremont County,The Midlands,Iowa,IA,19071,465224,1323918215,14168938,511.168,5.471,40.74259,-95.599182
Lincoln,Lincoln County,Yankeedom,Maine,ME,23015,581293,1180688993,631299424,455.867,243.746,43.994781,-69.513624
Seneca,Seneca County,Yankeedom,New York,NY,36099,974147,838372770,172818530,323.698,66.726,42.782294,-76.827088
Laurel,Laurel County,Greater Appalachia,Kentucky,KY,21125,516909,1124025614,25134447,433.989,9.704,37.113268,-84.119395
Meigs,Meigs County,Greater Appalachia,Tennessee,TN,47121,1639775,505397668,55738399,195.135,21.521,35.512203,-84.816102
Taney,Taney County,Greater Appalachia,Missouri,MO,29213,758559,1637731194,49953773,632.332,19.287,36.649827,-93.042819
Taylor,Taylor County,Deep South,Georgia,GA,13269,344156,975613090,7801539,376.686,3.012,32.554667,-84.251426
Williamsburg,Williamsburg city,Tidewater,Virginia,VA,51830,1789076,23149770,416905,8.938,0.161,37.269481,-76.708193
Scurry,Scurry County,Greater Appalachia,Texas,TX,48415,1383993,2345090474,5436957,905.445,2.099,32.744353,-100.913346
Gilpin,Gilpin County,The Far West,Colorado,CO,08047,198139,388556750,942056,150.023,0.364,39.861156,-105.528878
McClain,McClain County,Greater Appalachia,Oklahoma,OK,40087,1101834,1478150668,24712058,570.717,9.541,35.016436,-97.449803
Pendleton,Pendleton County,Greater Appalachia,West Virginia,WV,54071,1550042,1802760298,5428393,696.05,2.096,38.67445,-79.340617
Page,Page County,Greater Appalachia,Virginia,VA,51139,1500440,802949683,8369917,310.021,3.232,38.623209,-78.491872
Le Flore,Le Flore County,Greater Appalachia,Oklahoma,OK,40079,1101827,4116554962,49752941,1589.411,19.21,34.897356,-94.695074
Summers,Summers County,Greater Appalachia,West Virginia,WV,54089,1557805,933930185,18478164,360.592,7.134,37.655999,-80.856325
Mecklenburg,Mecklenburg County,Greater Appalachia,North Carolina,NC,37119,1008570,1356130079,58209535,523.605,22.475,35.246862,-80.833832
Essex,Essex County,Yankeedom,New Jersey,NJ,34013,882276,326557433,8638155,126.085,3.335,40.7874,-74.246292
Linn,Linn County,The Midlands,Missouri,MO,29115,758512,1594366554,14989603,615.588,5.788,39.86444,-93.108019
Montgomery,Montgomery County,Deep South,Georgia,GA,13209,352276,624563058,9191488,241.145,3.549,32.172108,-82.533349
Sherman,Sherman County,The Far West,Oregon,OR,41055,1135863,2133151635,19617472,823.614,7.574,45.399216,-120.678512
Greene,Greene County,Deep South,Georgia,GA,13133,348672,1003664492,48417220,387.517,18.694,33.576704,-83.166625
Buffalo,Buffalo County,The Midlands,South Dakota,SD,46017,1265767,1220933806,42362357,471.405,16.356,44.044306,-99.203998
Mellette,Mellette County,The Far West,South Dakota,SD,46095,1267177,3385957220,9219640,1307.325,3.56,43.58469,-100.760955
Ector,Ector County,Greater Appalachia,Texas,TX,48135,1383853,2325440847,10256582,897.858,3.96,31.865301,-102.542507
Limestone,Limestone County,Deep South,Texas,TX,48293,1383932,2345053180,71830221,905.43,27.734,31.547543,-96.593623
Grays Harbor,Grays Harbor County,The Left Coast,Washington,WA,53027,1531823,4924794342,834310602,1901.474,322.129,47.113732,-123.826735
Berkeley,Berkeley County,Greater Appalachia,West Virginia,WV,54003,1550008,831767529,1060958,321.147,0.41,39.447938,-78.037754
Park,Park County,The Far West,Montana,MT,30067,1720027,7258388273,27861799,2802.479,10.758,45.463081,-110.53493
Denton,Denton County,Greater Appalachia,Texas,TX,48121,1383847,2275318245,189471919,878.505,73.156,33.205132,-97.12114
Cherokee,Cherokee County,Greater Appalachia,South Carolina,SC,45021,1247987,1017770812,11691708,392.964,4.514,35.049796,-81.607647
Yancey,Yancey County,Greater Appalachia,North Carolina,NC,37199,1008598,809610024,1524558,312.592,0.589,35.889326,-82.303954
Red River,Red River County,Deep South,Texas,TX,48387,1383979,2703677245,33255080,1043.896,12.84,33.619625,-95.048429
Matagorda,Matagorda County,Deep South,Texas,TX,48321,1383943,2830645444,1345742564,1092.918,519.594,28.77476,-96.001532
Stevens,Stevens County,Yankeedom,Minnesota,MN,27149,659519,1459664592,30322218,563.58,11.707,45.593461,-95.992315
Warren,Warren County,Deep South,Georgia,GA,13301,347777,736483608,6034478,284.358,2.33,33.419169,-82.688012
Hardeman,Hardeman County,Greater Appalachia,Texas,TX,48197,1383884,1800337387,4548860,695.114,1.756,34.289904,-99.745697
Monroe,Monroe County,Greater Appalachia,Illinois,IL,17133,1784865,997990371,33755713,385.326,13.033,38.277983,-90.179078
Jenkins,Jenkins County,Deep South,Georgia,GA,13165,342985,899569112,13332769,347.326,5.148,32.794563,-81.971524
Grayson,Grayson County,Greater Appalachia,Kentucky,KY,21085,516889,1294808799,28746004,499.928,11.099,37.458577,-86.344011
Palo Pinto,Palo Pinto County,Greater Appalachia,Texas,TX,48363,1383967,2467090694,85364147,952.549,32.959,32.752204,-98.317967
Heard,Heard County,Deep South,Georgia,GA,13149,347067,766567357,13263789,295.973,5.121,33.291347,-85.137886
Lawrence,Lawrence County,Greater Appalachia,Alabama,AL,01079,161565,1788864348,68682286,690.684,26.518,34.529776,-87.321865
Marshall,Marshall County,Deep South,Mississippi,MS,28093,695770,1829011199,9173803,706.185,3.542,34.76619,-89.504231
Clark,Clark County,The Midlands,Kansas,KS,20025,484982,2524300310,6603384,974.638,2.55,37.233831,-99.813869
Haskell,Haskell County,The Far West,Kansas,KS,20081,485328,1495772609,910409,577.521,0.352,37.554979,-100.879952
Bienville,Bienville Parish,Deep South,Louisiana,LA,22013,558445,2101370397,27972980,811.344,10.8,32.340952,-93.041151
Walker,Walker County,Greater Appalachia,Georgia,GA,13295,354216,1156145202,1672676,446.39,0.646,34.735802,-85.305456
Iowa,Iowa County,The Midlands,Iowa,IA,19095,465236,1518911689,2686847,586.455,1.037,41.683918,-92.059123
Buffalo,Buffalo County,The Midlands,Nebraska,NE,31019,835831,2507679097,18593336,968.22,7.179,40.855265,-99.074984
Beaver,Beaver County,The Midlands,Oklahoma,OK,40007,1101791,4700407073,7347161,1814.837,2.837,36.748334,-100.483056
Butler,Butler County,The Midlands,Iowa,IA,19023,465201,1502550829,4194983,580.138,1.62,42.734757,-92.780153
Roosevelt,Roosevelt County,The Far West,Montana,MT,30085,1669428,6098391680,38582249,2354.602,14.897,48.282747,-104.99517
Cowlitz,Cowlitz County,The Left Coast,Washington,WA,53015,1529156,2955587569,65453464,1141.159,25.272,46.196785,-122.67846
Live Oak,Live Oak County,El Norte,Texas,TX,48297,1383934,2692796909,101483818,1039.695,39.183,28.351535,-98.126961
Moniteau,Moniteau County,The Midlands,Missouri,MO,29135,758522,1074923593,9948028,415.03,3.841,38.633037,-92.583642
Westmoreland,Westmoreland County,Tidewater,Virginia,VA,51193,1480179,593951804,61108785,229.326,23.594,38.109311,-76.803933
Yadkin,Yadkin County,Greater Appalachia,North Carolina,NC,37197,1008597,867496112,7176192,334.942,2.771,36.158765,-80.665164
Merced,Merced County,The Far West,California,CA,06047,277288,5019407132,105277636,1938.004,40.648,37.194806,-120.722802
Dewey,Dewey County,The Midlands,Oklahoma,OK,40043,1101809,2589024038,22668882,999.628,8.753,35.97796,-99.014385
Burke,Burke County,Greater Appalachia,North Carolina,NC,37023,1008539,1311146879,20719897,506.237,8,35.746182,-81.70618
Wayne,Wayne County,Tidewater,North Carolina,NC,37191,1026128,1434651139,9842326,553.922,3.8,35.35419,-78.00867
Warren,Warren County,Yankeedom,Pennsylvania,PA,42123,1213691,2290280119,37368145,884.282,14.428,41.834298,-79.298182
Howard,Howard County,Greater Appalachia,Arkansas,AR,05061,66872,1521168583,21361761,587.326,8.248,34.083064,-93.990931
Davie,Davie County,Greater Appalachia,North Carolina,NC,37059,1008549,682977540,7511429,263.699,2.9,35.929355,-80.542552
McDowell,McDowell County,Greater Appalachia,North Carolina,NC,37111,1025836,1139476689,13977729,439.954,5.397,35.682271,-82.048044
Nevada,Nevada County,Deep South,Arkansas,AR,05099,69169,1600067809,7489490,617.79,2.892,33.666699,-93.305072
Yuma,Yuma County,The Far West,Colorado,CO,08125,198178,6123763559,11134665,2364.398,4.299,40.00077,-102.421649
Sherman,Sherman County,The Midlands,Texas,TX,48421,1383996,2390195607,425429,922.86,0.164,36.278593,-101.899265
Uvalde,Uvalde County,El Norte,Texas,TX,48463,1384017,4019455745,17385901,1551.921,6.713,29.350308,-99.768427
Auglaize,Auglaize County,The Midlands,Ohio,OH,39011,1074019,1039590216,1339586,401.388,0.517,40.561309,-84.224018
Bossier,Bossier Parish,Deep South,Louisiana,LA,22015,558453,2174347392,70950348,839.52,27.394,32.698481,-93.626561
Emmet,Emmet County,Yankeedom,Iowa,IA,19063,465220,1025349325,17175565,395.89,6.632,43.377984,-94.66937
Saline,Saline County,The Midlands,Kansas,KS,20169,485047,1865429339,2760902,720.246,1.066,38.791804,-97.651478
Magoffin,Magoffin County,Greater Appalachia,Kentucky,KY,21153,516920,798866801,1847044,308.444,0.713,37.698983,-83.069721
Bailey,Bailey County,Greater Appalachia,Texas,TX,48017,1383794,2141847187,1775275,826.972,0.685,34.067521,-102.830345
Callaway,Callaway County,The Midlands,Missouri,MO,29027,758468,2161518051,33189585,834.567,12.815,38.835547,-91.923446
Albany,Albany County,The Far West,Wyoming,WY,56001,1605066,11070455491,89161376,4274.327,34.425,41.665514,-105.721883
Park,Park County,The Far West,Wyoming,WY,56029,1605079,17972027719,67638744,6939.039,26.115,44.492387,-109.593597
Montour,Montour County,The Midlands,Pennsylvania,PA,42093,1213681,337322557,5408350,130.241,2.088,41.029284,-76.665225
Queens,Queens County,Yankeedom,New York,NY,36081,974139,281594050,188444349,108.724,72.759,40.654658,-73.841209
Suwannee,Suwannee County,Deep South,Florida,FL,12121,295729,1783430092,9505389,688.586,3.67,30.189244,-82.992754
Cheboygan,Cheboygan County,Yankeedom,Michigan,MI,26031,1622958,1852564001,440607445,715.279,170.119,45.476022,-84.495431
Gladwin,Gladwin County,Yankeedom,Michigan,MI,26051,1622968,1299620414,36677053,501.786,14.161,43.98975,-84.389816
Montgomery,Montgomery County,Greater Appalachia,Kentucky,KY,21173,516933,511135381,3853437,197.35,1.488,38.038109,-83.912416
Lancaster,Lancaster County,Deep South,South Carolina,SC,45057,1248008,1422080346,15487881,549.068,5.98,34.686818,-80.703688
Larue,Larue County,Greater Appalachia,Kentucky,KY,21123,516908,677419100,5393445,261.553,2.082,37.544462,-85.696841
Woodbury,Woodbury County,The Midlands,Iowa,IA,19193,465285,2260790940,12793700,872.896,4.94,42.39322,-96.053296
Taylor,Taylor County,Deep South,Florida,FL,12123,295728,2702224058,1213576997,1043.335,468.565,29.967146,-83.639573
Alexander,Alexander County,Greater Appalachia,Illinois,IL,17003,424203,609667765,44639203,235.394,17.235,37.183658,-89.349516
Jefferson,Jefferson County,Greater Appalachia,Missouri,MO,29099,758504,1700185594,20303329,656.445,7.839,38.25763,-90.543681
Lincoln,Lincoln County,The Midlands,Missouri,MO,29113,758511,1622812388,35978958,626.571,13.892,39.062255,-90.962916
Chatham,Chatham County,Deep South,Georgia,GA,13051,1694477,1121772804,509852786,433.119,196.855,31.980404,-81.085184
Union,Union County,Deep South,Florida,FL,12125,306913,630804540,16049423,243.555,6.197,30.05428,-82.366918
Genesee,Genesee County,Yankeedom,New York,NY,36037,974117,1276705561,6137411,492.939,2.37,43.00091,-78.192778
Clay,Clay County,The Midlands,Iowa,IA,19041,465625,1469139465,13866648,567.238,5.354,43.081224,-95.149875
Fallon,Fallon County,The Far West,Montana,MT,30025,1688745,4197320396,5915331,1620.595,2.284,46.318184,-104.405718
Potter,Potter County,The Far West,South Dakota,SD,46107,1265761,2230336533,97172021,861.138,37.518,45.052713,-99.962003
Culberson,Culberson County,El Norte,Texas,TX,48109,1383840,9873439554,556134,3812.156,0.215,31.445908,-104.526945
Cumberland,Cumberland County,Yankeedom,Maine,ME,23005,581288,2165803498,987408428,836.221,381.241,43.808348,-70.330375
Atascosa,Atascosa County,El Norte,Texas,TX,48013,1383792,3158596616,4995711,1219.541,1.929,28.891478,-98.535381
Kingman,Kingman County,The Midlands,Kansas,KS,20095,485012,2236245128,8391920,863.419,3.24,37.552951,-98.144529
Rabun,Rabun County,Greater Appalachia,Georgia,GA,13241,351489,958643875,17853952,370.134,6.893,34.883934,-83.40487
Upshur,Upshur County,Greater Appalachia,West Virginia,WV,54097,1696800,918506904,302703,354.638,0.117,38.90253,-80.231606
Texas,Texas County,Greater Appalachia,Missouri,MO,29215,758560,3049106824,5071079,1177.267,1.958,37.314257,-91.964478
Pulaski,Pulaski County,Greater Appalachia,Arkansas,AR,05119,69177,1964009182,126988884,758.308,49.031,34.770311,-92.312996
Crawford,Crawford County,The Midlands,Iowa,IA,19047,465212,1849765416,2171717,714.198,0.839,42.043119,-95.38909
Bannock,Bannock County,The Far West,Idaho,ID,16005,395091,2881339392,92073120,1112.491,35.55,42.692921,-112.228982
Geauga,Geauga County,Yankeedom,Ohio,OH,39055,1074040,1036773963,20701156,400.301,7.993,41.499322,-81.173505
Tulare,Tulare County,The Far West,California,CA,06107,277318,12493840855,37260863,4823.899,14.387,36.228834,-118.781055
Wayne,Wayne County,Yankeedom,New York,NY,36117,974156,1563912969,2018185131,603.83,779.226,43.218114,-77.049402
Rockbridge,Rockbridge County,Greater Appalachia,Virginia,VA,51163,1480166,1545040113,8834926,596.543,3.411,37.814517,-79.447754
Towner,Towner County,The Midlands,North Dakota,ND,38095,1034213,2655029704,42795048,1025.113,16.523,48.682183,-99.248158
Delaware,Delaware County,The Midlands,Pennsylvania,PA,42045,1209177,476078155,17582462,183.815,6.789,39.916685,-75.398818
Niagara,Niagara County,Yankeedom,New York,NY,36063,974130,1352887560,1598842379,522.353,617.317,43.272672,-78.812943
Bennington,Bennington County,Yankeedom,Vermont,VT,50003,1461758,1747741036,6891098,674.807,2.661,43.035325,-73.11146
Clay,Clay County,Deep South,Florida,FL,12019,295726,1565935901,100834764,604.611,38.933,29.986584,-81.865036
Wake,Wake County,Tidewater,North Carolina,NC,37183,1008592,2161570492,58082284,834.587,22.426,35.789846,-78.650624
Hamilton,Hamilton County,Greater Appalachia,Ohio,OH,39061,1074043,1049999679,18733344,405.407,7.233,39.196927,-84.544187
Bergen,Bergen County,Yankeedom,New Jersey,NJ,34003,882271,602918754,35387155,232.788,13.663,40.959698,-74.074727
Lincoln,Lincoln County,The Far West,Nevada,NV,32017,863992,27540342252,9802713,10633.386,3.785,37.634605,-114.863037
McCone,McCone County,The Far West,Montana,MT,30055,1716270,6843332035,103024685,2642.225,39.778,47.629628,-105.757222
Buchanan,Buchanan County,The Midlands,Iowa,IA,19019,465199,1479086713,5223042,571.079,2.017,42.470328,-91.838666
DuPage,DuPage County,Yankeedom,Illinois,IL,17043,422191,848995066,22247645,327.799,8.59,41.852058,-88.086039
Fall River,Fall River County,The Far West,South Dakota,SD,46047,1265787,4506292103,24021148,1739.889,9.275,43.221619,-103.512609
Kittson,Kittson County,Yankeedom,Minnesota,MN,27069,659480,2846395545,12419294,1099,4.795,48.77604,-96.780349
Oconee,Oconee County,Deep South,Georgia,GA,13219,356774,477443088,5264894,184.342,2.033,33.834125,-83.437728
Wilson,Wilson County,El Norte,Texas,TX,48493,1384032,2081662650,12111507,803.734,4.676,29.173883,-98.086734
Fillmore,Fillmore County,The Midlands,Nebraska,NE,31059,835851,1490202741,2989992,575.371,1.154,40.52504,-97.596705
Madison,Madison County,Deep South,Florida,FL,12079,295731,1804001483,49634046,696.529,19.164,30.447233,-83.470416
Sullivan,Sullivan County,Greater Appalachia,Indiana,IN,18153,450391,1158170861,17983719,447.172,6.944,39.089225,-87.415843
La Paz,La Paz County,El Norte,Arizona,AZ,04012,43540,11646049270,36551630,4496.565,14.113,33.72761,-114.038806
Brooks,Brooks County,Deep South,Georgia,GA,13027,345518,1277341275,11955761,493.184,4.616,30.822934,-83.581905
Stafford,Stafford County,The Midlands,Kansas,KS,20185,485054,2051389756,7435417,792.046,2.871,38.03563,-98.719889
Telfair,Telfair County,Deep South,Georgia,GA,13271,356958,1132621093,17356399,437.307,6.701,31.913641,-82.931063
Monroe,Monroe County,Yankeedom,Michigan,MI,26115,1623000,1422818204,338203448,549.353,130.581,41.916097,-83.487106
White,White County,The Midlands,Indiana,IN,18181,450338,1308303895,9169176,505.139,3.54,40.75095,-86.864293
Noble,Noble County,The Midlands,Indiana,IN,18113,450377,1064083614,17062367,410.845,6.588,41.404679,-85.417271
Livingston,Livingston County,Greater Appalachia,Kentucky,KY,21139,516916,811362663,74813866,313.269,28.886,37.209517,-88.363426
Miller,Miller County,Deep South,Georgia,GA,13201,344088,731471756,3211332,282.423,1.24,31.162931,-84.730398
Lincoln,Lincoln County,Greater Appalachia,Tennessee,TN,47103,1639766,1477179214,971039,570.342,0.375,35.142784,-86.593403
Shelby,Shelby County,Greater Appalachia,Kentucky,KY,21211,516952,983603164,15260573,379.771,5.892,38.239011,-85.228247
York,York County,The Midlands,Nebraska,NE,31185,835914,1482794081,8595055,572.51,3.319,40.873056,-97.596742
Adams,Adams County,The Midlands,Pennsylvania,PA,42001,1213656,1343400759,7771555,518.69,3.001,39.869471,-77.21773
Allendale,Allendale County,Deep South,South Carolina,SC,45005,1247980,1056960693,11194313,408.095,4.322,32.979757,-81.363265
Davidson,Davidson County,Greater Appalachia,Tennessee,TN,47037,1639737,1304564434,56621444,503.695,21.862,36.169129,-86.78479
Uintah,Uintah County,The Far West,Utah,UT,49047,1448037,11609319393,56115801,4482.383,21.666,40.125887,-109.517748
Utah,Utah County,The Far West,Utah,UT,49049,1448038,5190543916,362967850,2004.08,140.143,40.120425,-111.668508
Clay,Clay County,Greater Appalachia,Indiana,IN,18021,450341,926180620,7047383,357.6,2.721,39.393928,-87.115858
Kings,Kings County,Yankeedom,New York,NY,36047,974122,179684485,71158757,69.377,27.475,40.635045,-73.95064
Morgan,Morgan County,Greater Appalachia,Missouri,MO,29141,758525,1547866669,42414965,597.635,16.377,38.420806,-92.874835
Holmes,Holmes County,The Midlands,Ohio,OH,39075,1074050,1094559493,3694365,422.612,1.426,40.565597,-81.930001
Osceola,Osceola County,Yankeedom,Iowa,IA,19143,465260,1032593803,1835263,398.687,0.709,43.378542,-95.633788
Jennings,Jennings County,Greater Appalachia,Indiana,IN,18079,450364,975382324,4528274,376.597,1.748,38.996229,-85.628103
Twin Falls,Twin Falls County,The Far West,Idaho,ID,16083,399334,4977206090,18070790,1921.71,6.977,42.352309,-114.665639
Saline,Saline County,Greater Appalachia,Illinois,IL,17165,424283,984170284,17979016,379.99,6.942,37.751508,-88.545024
Kalamazoo,Kalamazoo County,Yankeedom,Michigan,MI,26077,1622981,1455456980,47508422,561.955,18.343,42.246266,-85.532854
Lee,Lee County,Deep South,South Carolina,SC,45061,1245652,1062372306,2715077,410.184,1.048,34.15864,-80.251209
Johnson,Johnson County,The Far West,Wyoming,WY,56019,1609191,10759204098,52952166,4154.152,20.445,44.044048,-106.588541
Daviess,Daviess County,Greater Appalachia,Indiana,IN,18027,450343,1112396615,19102189,429.499,7.375,38.69609,-87.076943
Grand Traverse,Grand Traverse County,Yankeedom,Michigan,MI,26055,1622970,1202625102,354771224,464.336,136.978,44.718688,-85.553848
Allen,Allen Parish,New France,Louisiana,LA,22003,558397,1973788820,10457653,762.084,4.038,30.652744,-92.819605
Hughes,Hughes County,The Far West,South Dakota,SD,46065,1265774,1920546194,153323261,741.527,59.198,44.384452,-99.975684
Hyde,Hyde County,The Far West,South Dakota,SD,46069,1266984,2229019814,14541548,860.629,5.615,44.537174,-99.472736
Clarendon,Clarendon County,Deep South,South Carolina,SC,45027,1247990,1572656992,229097204,607.206,88.455,33.664682,-80.217889
Stillwater,Stillwater County,The Far West,Montana,MT,30095,1719572,4653550993,23732517,1796.746,9.163,45.658545,-109.381576
Bledsoe,Bledsoe County,Greater Appalachia,Tennessee,TN,47007,1639725,1052973468,858669,406.555,0.332,35.593561,-85.20591
Todd,Todd County,Greater Appalachia,Kentucky,KY,21219,516956,969958409,6612330,374.503,2.553,36.840338,-87.183642
Weakley,Weakley County,Deep South,Tennessee,TN,47183,1639799,1503107797,3707114,580.353,1.431,36.303596,-88.721194
Greene,Greene County,Greater Appalachia,Missouri,MO,29077,758493,1749093980,6607198,675.329,2.551,37.258196,-93.340641
Lehigh,Lehigh County,The Midlands,Pennsylvania,PA,42077,1209182,894405982,7476005,345.332,2.887,40.614241,-75.590627
Seward,Seward County,The Midlands,Nebraska,NE,31159,835901,1479995692,11542537,571.43,4.457,40.871944,-97.140383
Chemung,Chemung County,Yankeedom,New York,NY,36015,974106,1054988422,8875327,407.333,3.427,42.148697,-76.752471
Wyoming,Wyoming County,Yankeedom,New York,NY,36121,974158,1535219438,9158067,592.752,3.536,42.701363,-78.228567
Stanislaus,Stanislaus County,The Far West,California,CA,06099,277314,3874667294,46351770,1496.017,17.897,37.562316,-121.002831
Northampton,Northampton County,The Midlands,Pennsylvania,PA,42095,1209185,957745652,19058409,369.788,7.358,40.752791,-75.307447
Morgan,Morgan County,Greater Appalachia,Alabama,AL,01103,161578,1501337447,50196644,579.67,19.381,34.454484,-86.846402
Breckinridge,Breckinridge County,Greater Appalachia,Kentucky,KY,21027,516860,1475798321,40885738,569.809,15.786,37.777988,-86.432919
Grenada,Grenada County,Deep South,Mississippi,MS,28043,695746,1093291103,70659566,422.122,27.282,33.770031,-89.80274
Simpson,Simpson County,Greater Appalachia,Kentucky,KY,21213,516953,606589242,5852914,234.205,2.26,36.740937,-86.581793
Grand Isle,Grand Isle County,Yankeedom,Vermont,VT,50013,1461763,211781772,292265362,81.769,112.844,44.795742,-73.295082
Columbiana,Columbiana County,The Midlands,Ohio,OH,39029,1074027,1377658471,7277033,531.917,2.81,40.770073,-80.778455
Nelson,Nelson County,Tidewater,Virginia,VA,51125,1500936,1219224542,8983980,470.745,3.469,37.789079,-78.88344
Osceola,Osceola County,Deep South,Florida,FL,12097,295748,3438328928,462135107,1327.546,178.431,28.059027,-81.139312
Grant,Grant County,Deep South,Arkansas,AR,05053,66856,1636573600,2896901,631.885,1.118,34.285568,-92.422979
Laurens,Laurens County,Deep South,Georgia,GA,13175,346568,2090990042,28838468,807.336,11.135,32.39322,-82.926317
New York,New York County,Yankeedom,New York,NY,36061,974129,58679457,29014840,22.656,11.203,40.776642,-73.970187
Benton,Benton County,Greater Appalachia,Arkansas,AR,05007,69896,2195586678,94813527,847.721,36.608,36.337819,-94.256298
Marion,Marion County,Deep South,Florida,FL,12083,306922,4113993941,192281837,1588.422,74.24,29.202805,-82.0431
Nottoway,Nottoway County,Tidewater,Virginia,VA,51135,1493928,814265583,4297830,314.39,1.659,37.141167,-78.053866
Warren,Warren County,Yankeedom,New Jersey,NJ,34041,882237,923435921,15822933,356.541,6.109,40.853491,-75.009498
Columbia,Columbia County,Yankeedom,New York,NY,36021,974109,1643770717,35071400,634.663,13.541,42.247696,-73.626718
Martinsville,Martinsville city,Greater Appalachia,Virginia,VA,51690,1789072,28374648,135578,10.956,0.052,36.683527,-79.863647
Choctaw,Choctaw County,Greater Appalachia,Oklahoma,OK,40023,1101799,1995267309,75490278,770.377,29.147,34.027699,-95.554079
Dickinson,Dickinson County,The Midlands,Kansas,KS,20041,484990,2193895360,12632458,847.068,4.877,38.867735,-97.157943
Starr,Starr County,El Norte,Texas,TX,48427,1383999,3168019235,15346374,1223.179,5.925,26.530903,-98.740235
Effingham,Effingham County,Deep South,Georgia,GA,13103,350219,1240161595,10552453,478.829,4.074,32.361688,-81.343355
Roger Mills,Roger Mills County,The Midlands,Oklahoma,OK,40129,1101852,2955524813,13688537,1141.135,5.285,35.708554,-99.741572
Richland,Richland County,Yankeedom,Wisconsin,WI,55103,1581112,1518120276,8153423,586.15,3.148,43.376199,-90.435693
Lea,Lea County,Greater Appalachia,New Mexico,NM,35025,1702365,11374066527,8147103,4391.552,3.146,32.795687,-103.413271
Lamar,Lamar County,Greater Appalachia,Alabama,AL,01075,161563,1566544684,1600679,604.846,0.618,33.787085,-88.087431
Marshall,Marshall County,Greater Appalachia,Tennessee,TN,47117,1639771,972442319,1801922,375.462,0.696,35.468343,-86.765865
Appomattox,Appomattox County,Greater Appalachia,Virginia,VA,51011,1497238,865635017,3206454,334.224,1.238,37.370725,-78.81094
Madison,Madison County,Greater Appalachia,Arkansas,AR,05087,69165,2160639839,7455609,834.228,2.879,36.012545,-93.724053
Sheridan,Sheridan County,The Far West,Wyoming,WY,56033,1605081,6535475076,7986330,2523.361,3.084,44.781369,-106.881211
Cumberland,Cumberland County,The Midlands,Pennsylvania,PA,42041,1209176,1412785599,12511257,545.48,4.831,40.164805,-77.263442
Franklin,Franklin County,The Midlands,Pennsylvania,PA,42055,1213670,2000245527,1547615,772.299,0.598,39.926772,-77.724521
Luzerne,Luzerne County,Yankeedom,Pennsylvania,PA,42079,1209183,2304216457,42104537,889.663,16.257,41.173078,-75.976053
Crawford,Crawford County,Yankeedom,Michigan,MI,26039,1622962,1441077823,17917863,556.403,6.918,44.680175,-84.611343
Russell,Russell County,Deep South,Alabama,AL,01113,161583,1660652494,15564412,641.182,6.009,32.289811,-85.18698
Carroll,Carroll County,The Midlands,Ohio,OH,39019,1074022,1022040910,11183048,394.612,4.318,40.579884,-81.090787
Fluvanna,Fluvanna County,Tidewater,Virginia,VA,51065,1494061,743630407,10747024,287.117,4.149,37.830584,-78.283494
Lake,Lake County,Yankeedom,Illinois,IL,17097,1784796,1148954660,2395002634,443.614,924.716,42.185968,-87.805939
Madison,Madison County,Greater Appalachia,Georgia,GA,13195,1688004,731214552,8448220,282.324,3.262,34.128526,-83.203737
Dallas,Dallas County,Deep South,Arkansas,AR,05039,66849,1728358306,1731378,667.323,0.668,33.967823,-92.653999
Jackson,Jackson County,The Far West,Colorado,CO,08057,198144,4179530231,18750017,1613.726,7.239,40.663432,-106.329248
Kit Carson,Kit Carson County,The Far West,Colorado,CO,08063,198147,5596501950,2251929,2160.822,0.869,39.30534,-102.603023
Owyhee,Owyhee County,The Far West,Idaho,ID,16073,399760,19860558063,74129063,7668.205,28.621,42.572851,-116.18969
Wood,Wood County,Yankeedom,Wisconsin,WI,55141,1581130,2053959984,41993013,793.038,16.214,44.461413,-90.038825
Chautauqua,Chautauqua County,Yankeedom,New York,NY,36013,974105,2746454150,1139025723,1060.412,439.78,42.304216,-79.407595
Cobb,Cobb County,Greater Appalachia,Georgia,GA,13067,1686112,880026860,12347127,339.78,4.767,33.939929,-84.574121
Johnson,Johnson County,Greater Appalachia,Tennessee,TN,47091,1639760,772956196,11007739,298.44,4.25,36.453203,-81.861247
Belmont,Belmont County,Greater Appalachia,Ohio,OH,39013,1065575,1378201570,23693388,532.127,9.148,40.017682,-80.967727
Wise,Wise County,Greater Appalachia,Virginia,VA,51195,1496656,1044905568,5255279,403.44,2.029,36.974561,-82.62156
Carter,Carter County,Greater Appalachia,Missouri,MO,29035,758472,1314052440,4304986,507.359,1.662,36.944858,-90.945705
Bryan,Bryan County,Greater Appalachia,Oklahoma,OK,40013,1101794,2342004162,102054905,904.253,39.404,33.964004,-96.265135
Clay,Clay County,The Midlands,Nebraska,NE,31035,835839,1482222881,3234877,572.289,1.249,40.523669,-98.050858
Charles,Charles County,Tidewater,Maryland,MD,24017,1676992,1185757838,479438830,457.824,185.112,38.472853,-77.015427
Cerro Gordo,Cerro Gordo County,The Midlands,Iowa,IA,19033,465206,1471889949,17659669,568.3,6.818,43.074975,-93.250965
Greene,Greene County,The Midlands,Iowa,IA,19073,465225,1475154712,4404193,569.56,1.7,42.042513,-94.388727
Rowan,Rowan County,Greater Appalachia,Kentucky,KY,21205,516949,724780974,16641982,279.84,6.426,38.204266,-83.428079
Wayne,Wayne County,The Far West,Utah,UT,49055,1448041,6374011495,15049641,2461.02,5.811,38.25984,-110.990877
Cape Girardeau,Cape Girardeau County,Greater Appalachia,Missouri,MO,29031,758470,1498351217,20284964,578.517,7.832,37.384141,-89.685658
Walla Walla,Walla Walla County,The Far West,Washington,WA,53071,1531819,3289370358,74932288,1270.033,28.932,46.254606,-118.48037
Mississippi,Mississippi County,Greater Appalachia,Missouri,MO,29133,758521,1066029407,44515175,411.596,17.187,36.826264,-89.295929
Cleveland,Cleveland County,Deep South,Arkansas,AR,05025,63760,1548589576,2561701,597.914,0.989,33.893201,-92.188714
Dallas,Dallas County,Greater Appalachia,Texas,TX,48113,1383842,2261201323,91898226,873.055,35.482,32.766987,-96.778424
DeKalb,DeKalb County,The Midlands,Indiana,IN,18033,450346,939731962,2657419,362.833,1.026,41.39676,-85.002697
Ouachita,Ouachita Parish,Deep South,Louisiana,LA,22073,558114,1580795917,55329753,610.349,21.363,32.480932,-92.151581
St. John the Baptist,St. John the Baptist Parish,New France,Louisiana,LA,22095,1629472,555484721,506440074,214.474,195.538,30.144068,-90.49096
St. Helena,St. Helena Parish,Deep South,Louisiana,LA,22091,1629457,1058078903,2796358,408.527,1.08,30.822539,-90.708307
Schuyler,Schuyler County,The Midlands,Missouri,MO,29197,758551,795916404,2216011,307.305,0.856,40.469361,-92.519016
Franklin,Franklin County,Greater Appalachia,Alabama,AL,01059,161555,1641845708,32639621,633.92,12.602,34.441989,-87.842814
Carroll,Carroll County,Greater Appalachia,Kentucky,KY,21041,516867,333273743,22243659,128.678,8.588,38.668394,-85.124024
Clear Creek,Clear Creek County,The Far West,Colorado,CO,08019,198125,1023234052,3274908,395.073,1.264,39.689403,-105.670783
Kimble,Kimble County,Greater Appalachia,Texas,TX,48267,1383919,3240024039,505509,1250.98,0.195,30.479472,-99.746396
Mackinac,Mackinac County,Yankeedom,Michigan,MI,26097,1622991,2646654800,2793754477,1021.879,1078.675,46.167868,-85.303762
McCulloch,McCulloch County,Greater Appalachia,Texas,TX,48307,1383945,2759893532,20286193,1065.601,7.833,31.205477,-99.359856
Tishomingo,Tishomingo County,Greater Appalachia,Mississippi,MS,28141,695791,1098925142,52373918,424.297,20.222,34.738835,-88.234827
Crockett,Crockett County,Greater Appalachia,Texas,TX,48105,1383838,7270935061,53329,2807.324,0.021,30.717532,-101.404211
Hill,Hill County,Greater Appalachia,Texas,TX,48217,1383894,2483422646,69544723,958.855,26.851,31.982681,-97.130668
Logan,Logan County,The Far West,Colorado,CO,08075,198153,4761947975,16363553,1838.598,6.318,40.728091,-103.090464
Finney,Finney County,The Far West,Kansas,KS,20055,485326,3372157852,1716371,1301.997,0.663,38.049808,-100.739967
Montgomery,Montgomery County,Greater Appalachia,Kansas,KS,20125,485027,1666900085,20430012,643.594,7.888,37.189537,-95.742403
Fairfield,Fairfield County,Deep South,South Carolina,SC,45039,1248000,1777521260,61063162,686.305,23.577,34.395669,-81.127001
Cheyenne,Cheyenne County,The Far West,Nebraska,NE,31033,835838,3097646971,292549,1196.008,0.113,41.214236,-103.011929
Martin,Martin County,Yankeedom,Minnesota,MN,27091,659490,1844928076,44669373,712.331,17.247,43.677173,-94.547096
Sevier,Sevier County,Greater Appalachia,Tennessee,TN,47155,1639789,1534538403,13489383,592.489,5.208,35.787822,-83.5249
Polk,Polk County,Greater Appalachia,Tennessee,TN,47139,1639782,1125622665,19906879,434.605,7.686,35.109437,-84.541112
Kent,Kent County,Greater Appalachia,Texas,TX,48263,1383917,2337482031,1065195,902.507,0.411,33.18478,-100.76972
Teton,Teton County,The Far West,Montana,MT,30099,1720018,5883457566,52625570,2271.616,20.319,47.819035,-112.281725
Garden,Garden County,The Far West,Nebraska,NE,31069,835856,4416875795,66053093,1705.365,25.503,41.633364,-102.302985
Macoupin,Macoupin County,Greater Appalachia,Illinois,IL,17117,424257,2235091603,12250027,862.974,4.73,39.265914,-89.92633
Ross,Ross County,Greater Appalachia,Ohio,OH,39141,1074083,1784931094,9994410,689.166,3.859,39.323895,-83.059538
Whiteside,Whiteside County,Yankeedom,Illinois,IL,17195,1785167,1771808920,31883751,684.099,12.31,41.750673,-89.911005
El Paso,El Paso County,El Norte,Texas,TX,48141,1383855,2624264468,5322143,1013.234,2.055,31.76648,-106.241423
Loving,Loving County,Greater Appalachia,Texas,TX,48301,1383936,1732230053,19981167,668.818,7.715,31.844936,-103.561229
Latimer,Latimer County,Greater Appalachia,Oklahoma,OK,40077,1101826,1870243094,18243671,722.105,7.044,34.875137,-95.272262
Washington,Washington County,Greater Appalachia,Ohio,OH,39167,1074095,1636805226,20784952,631.974,8.025,39.450676,-81.490636
Howell,Howell County,Greater Appalachia,Missouri,MO,29091,758500,2401376397,2920114,927.177,1.127,36.774369,-91.887368
Edwards,Edwards County,The Midlands,Kansas,KS,20047,484993,1610699245,206413,621.894,0.08,37.883595,-99.304746
Jefferson,Jefferson County,Greater Appalachia,Kentucky,KY,21111,516902,986271740,43513298,380.802,16.801,38.189532,-85.657624
Logan,Logan County,Greater Appalachia,Illinois,IL,17107,424255,1600748259,2262329,618.052,0.873,40.129277,-89.365309
Winnebago,Winnebago County,Yankeedom,Wisconsin,WI,55139,1581129,1125859770,372631716,434.697,143.874,44.085707,-88.668149
Fulton,Fulton County,Greater Appalachia,Kentucky,KY,21075,516884,533351953,64091345,205.928,24.746,36.552511,-89.187659
Harvey,Harvey County,The Midlands,Kansas,KS,20079,485005,1397961179,2503283,539.756,0.967,38.050144,-97.436706
Dawson,Dawson County,The Far West,Montana,MT,30021,1715632,6143260044,29884283,2371.926,11.538,47.26613,-104.898271
Taylor,Taylor County,Greater Appalachia,West Virginia,WV,54091,1689856,447475053,7532835,172.771,2.908,39.332478,-80.046554
Midland,Midland County,Yankeedom,Michigan,MI,26111,1622998,1340188403,27503345,517.45,10.619,43.648203,-84.379414
Quitman,Quitman County,Deep South,Mississippi,MS,28119,695780,1048975539,3676001,405.012,1.419,34.252833,-90.290171
Hardin,Hardin County,Greater Appalachia,Kentucky,KY,21093,516893,1614586535,17428816,623.395,6.729,37.695836,-85.963183
Jefferson,Jefferson County,Greater Appalachia,Illinois,IL,17081,424242,1479490494,32550293,571.234,12.568,38.30078,-88.92421
Hamlin,Hamlin County,Yankeedom,South Dakota,SD,46057,1265766,1313172143,80426441,507.019,31.053,44.680619,-97.178598
Lincoln,Lincoln County,Yankeedom,Wisconsin,WI,55069,1581094,2275832535,72745054,878.704,28.087,45.333148,-89.73224
Franklin,Franklin County,Yankeedom,New York,NY,36033,974115,4219857155,176622254,1629.296,68.194,44.594376,-74.31067
Fredericksburg,Fredericksburg city,Tidewater,Virginia,VA,51630,1498425,27066499,178344,10.45,0.069,38.299272,-77.486658
Raleigh,Raleigh County,Greater Appalachia,West Virginia,WV,54081,1550047,1567871999,10328839,605.359,3.988,37.762469,-81.264672
Chaves,Chaves County,El Norte,New Mexico,NM,35005,1702364,15713914833,20472234,6067.177,7.904,33.361604,-104.469837
Santa Fe,Santa Fe County,El Norte,New Mexico,NM,35049,933322,4947861287,2643021,1910.38,1.02,35.514531,-105.963972
Orange,Orange County,El Norte,California,CA,06059,277294,2053449483,406294114,792.841,156.871,33.675687,-117.777207
Santa Cruz,Santa Cruz County,El Norte,Arizona,AZ,04023,40472,3201853240,3068237,1236.242,1.185,31.525733,-110.845228
Currituck,Currituck County,Tidewater,North Carolina,NC,37053,1026125,678341928,685097880,261.909,264.518,36.372174,-75.941224
Lawrence,Lawrence County,Greater Appalachia,Illinois,IL,17101,424252,963938126,5076516,372.179,1.96,38.718954,-87.730221
Howard,Howard County,Greater Appalachia,Indiana,IN,18067,450360,759058590,2194576,293.074,0.847,40.483537,-86.114118
Pike,Pike County,Greater Appalachia,Indiana,IN,18125,450381,865841645,17588580,334.303,6.791,38.397961,-87.232547
Christian,Christian County,Greater Appalachia,Kentucky,KY,21047,516870,1858342356,16919159,717.51,6.533,36.892059,-87.492986
Eaton,Eaton County,Yankeedom,Michigan,MI,26045,1622965,1489783175,10942140,575.209,4.225,42.58953,-84.84645
Wapello,Wapello County,The Midlands,Iowa,IA,19179,465278,1118466714,10822775,431.842,4.179,41.031275,-92.409466
Imperial,Imperial County,El Norte,California,CA,06025,277277,10814595262,790216761,4175.539,305.104,33.040814,-115.3554
Cass,Cass County,Yankeedom,Michigan,MI,26027,1622956,1269375088,47139869,490.108,18.201,41.917243,-86.000142
Wilkinson,Wilkinson County,Deep South,Mississippi,MS,28157,695799,1756287539,25018736,678.106,9.66,31.161091,-91.324617
Sheridan,Sheridan County,The Far West,Kansas,KS,20179,485052,2320518304,647342,895.957,0.25,39.350547,-100.441228
Leake,Leake County,Deep South,Mississippi,MS,28079,695763,1509697192,6376466,582.897,2.462,32.76063,-89.52225
Clay,Clay County,Deep South,Mississippi,MS,28025,695737,1062082196,15376919,410.072,5.937,33.65967,-88.782468
Franklin,Franklin County,Deep South,Mississippi,MS,28037,695743,1460658822,7250805,563.964,2.8,31.477773,-90.895457
Neshoba,Neshoba County,Deep South,Mississippi,MS,28099,695772,1476641121,3830971,570.134,1.479,32.752518,-89.119274
Edmunds,Edmunds County,The Midlands,South Dakota,SD,46045,1266972,2916275923,64969684,1125.98,25.085,45.41168,-99.205362
Conecuh,Conecuh County,Deep South,Alabama,AL,01035,161543,2202213384,6426488,850.279,2.481,31.430926,-86.988722
Dearborn,Dearborn County,Greater Appalachia,Indiana,IN,18029,450344,790171258,6019020,305.087,2.324,39.140897,-84.975868
Jackson,Jackson County,Greater Appalachia,Indiana,IN,18071,451678,1320836472,10174044,509.978,3.928,38.911957,-86.042516
Lee,Lee County,Greater Appalachia,Mississippi,MS,28081,695764,1165404273,8314455,449.965,3.21,34.29237,-88.682439
West Feliciana,West Feliciana Parish,Deep South,Louisiana,LA,22125,559584,1044584261,58751920,403.316,22.684,30.873364,-91.421776
Crittenden,Crittenden County,Deep South,Arkansas,AR,05035,69162,1587312625,81689126,612.865,31.54,35.197559,-90.30512
Jackson,Jackson County,Deep South,Florida,FL,12063,295734,2378091733,94217116,918.186,36.377,30.789249,-85.208814
Dickens,Dickens County,Greater Appalachia,Texas,TX,48125,1383848,2335454676,9057848,901.724,3.497,33.615363,-100.787617
Mathews,Mathews County,Tidewater,Virginia,VA,51115,1480145,222508058,430071655,85.911,166.052,37.425348,-76.268808
Renville,Renville County,The Far West,North Dakota,ND,38075,1034229,2272050275,40658499,877.244,15.698,48.712781,-101.658152
La Salle,La Salle County,El Norte,Texas,TX,48283,1383924,3850545747,19503739,1486.704,7.53,28.351098,-99.096774
Onondaga,Onondaga County,Yankeedom,New York,NY,36067,974132,2016027798,70512843,778.393,27.225,43.006516,-76.196134
Henry,Henry County,The Midlands,Iowa,IA,19087,465232,1124800194,5774829,434.288,2.23,40.984802,-91.547259
Harlan,Harlan County,The Far West,Nebraska,NE,31083,835863,1433471221,53339808,553.466,20.595,40.178766,-99.403418
Powder River,Powder River County,The Far West,Montana,MT,30075,1719584,8542288822,1565958,3298.196,0.605,45.408926,-105.555344
Pepin,Pepin County,Yankeedom,Wisconsin,WI,55091,1581106,600894491,43241432,232.007,16.696,44.627436,-91.83489
Apache,Apache County,The Far West,Arizona,AZ,04001,25441,29003486215,54150732,11198.309,20.908,35.385084,-109.490172
Macon,Macon County,The Midlands,Missouri,MO,29121,758514,2075118027,28912941,801.208,11.163,39.829795,-92.56434
Lamb,Lamb County,Greater Appalachia,Texas,TX,48279,1383926,2631897589,3973764,1016.181,1.534,34.068861,-102.348018
Kiowa,Kiowa County,The Midlands,Kansas,KS,20097,485013,1871627807,596764,722.64,0.23,37.561231,-99.286539
Austin,Austin County,Deep South,Texas,TX,48015,1383793,1674415880,25596214,646.496,9.883,29.891901,-96.27017
Daviess,Daviess County,The Midlands,Missouri,MO,29061,758485,1458893649,14926594,563.282,5.763,39.962839,-93.970053
Seminole,Seminole County,Deep South,Georgia,GA,13253,351263,615233530,49243434,237.543,19.013,30.93396,-84.867685
Manistee,Manistee County,Yankeedom,Michigan,MI,26101,1622993,1404616374,1912438851,542.325,738.397,44.245268,-86.327537
Lyon,Lyon County,Yankeedom,Iowa,IA,19119,465248,1521901261,440273,587.609,0.17,43.38358,-96.207201
Hutchinson,Hutchinson County,The Midlands,Texas,TX,48233,1383902,2298408153,19507502,887.42,7.532,35.837047,-101.362746
Texas,Texas County,The Midlands,Oklahoma,OK,40139,1101857,5286873570,19218939,2041.273,7.42,36.746317,-101.483855
Woodward,Woodward County,The Midlands,Oklahoma,OK,40153,1101864,3218801191,9693573,1242.786,3.743,36.425619,-99.273661
Adams,Adams County,The Midlands,Iowa,IA,19003,465191,1096686247,5367875,423.433,2.073,41.021656,-94.696906
Sutter,Sutter County,The Far West,California,CA,06101,277315,1560975503,14811541,602.696,5.719,39.03619,-121.70394
Potter,Potter County,Yankeedom,Pennsylvania,PA,42105,1213684,2800422768,558970,1081.249,0.216,41.748587,-77.894436
Val Verde,Val Verde County,El Norte,Texas,TX,48465,1384018,8144863966,227711025,3144.75,87.92,29.875285,-101.143324
Harper,Harper County,The Midlands,Kansas,KS,20077,485004,2075290355,3899269,801.274,1.506,37.188184,-98.06659
Monona,Monona County,The Midlands,Iowa,IA,19133,465255,1797639077,12591063,694.072,4.861,42.049432,-95.956566
Juab,Juab County,The Far West,Utah,UT,49023,1455158,8784407522,36542088,3391.679,14.109,39.71412,-112.790471
Stephens,Stephens County,Greater Appalachia,Oklahoma,OK,40137,1101856,2253830200,54833890,870.209,21.171,34.481361,-97.855607
Chenango,Chenango County,Yankeedom,New York,NY,36017,974107,2314393901,13046917,893.593,5.037,42.478024,-75.602241
Peoria,Peoria County,The Midlands,Illinois,IL,17143,1784920,1602499827,30699174,618.729,11.853,40.785972,-89.766993
Humboldt,Humboldt County,The Midlands,Iowa,IA,19091,465234,1125017998,3373409,434.372,1.302,42.782221,-94.202775
Washington,Washington County,The Midlands,Nebraska,NE,31177,835910,1009985085,8392880,389.957,3.241,41.533973,-96.224577
Iowa,Iowa County,Yankeedom,Wisconsin,WI,55049,1581084,1975379904,13870324,762.698,5.355,43.001021,-90.133691
Morrison,Morrison County,Yankeedom,Minnesota,MN,27097,659494,2913980727,73275528,1125.094,28.292,46.020484,-94.266619
Allegheny,Allegheny County,The Midlands,Pennsylvania,PA,42003,1213657,1890571829,37043982,729.954,14.303,40.469757,-79.980451
Shelby,Shelby County,Greater Appalachia,Missouri,MO,29205,758555,1297230222,3764606,500.863,1.454,39.797531,-92.088719
Madison,Madison County,Greater Appalachia,Ohio,OH,39097,1074061,1206451441,2129636,465.814,0.822,39.896607,-83.400885
Washington,Washington County,The Midlands,Kansas,KS,20201,485061,2317418814,10139123,894.76,3.915,39.776714,-97.095611
Champaign,Champaign County,Greater Appalachia,Illinois,IL,17019,424211,2579896781,6111775,996.104,2.36,40.138985,-88.196975
Washington,Washington County,The Far West,Idaho,ID,16087,399757,3762870369,53228012,1452.852,20.551,44.448223,-116.797792
Edgar,Edgar County,Greater Appalachia,Illinois,IL,17045,424224,1614400676,1565052,623.324,0.604,39.679037,-87.74711
Washington,Washington County,The Far West,Colorado,CO,08121,198176,6521806795,15207397,2518.084,5.872,39.96579,-103.209744
Hardin,Hardin County,The Midlands,Ohio,OH,39065,1074045,1218033114,630279,470.285,0.243,40.660415,-83.664077
Missaukee,Missaukee County,Yankeedom,Michigan,MI,26113,1622999,1462793670,23588781,564.788,9.108,44.325424,-85.085471
Stutsman,Stutsman County,The Midlands,North Dakota,ND,38093,1034224,5754703480,197271625,2221.904,76.167,46.972223,-98.956123
Shannon,Shannon County,Greater Appalachia,Missouri,MO,29203,758554,2599881424,464012,1003.82,0.179,37.152498,-91.391328
Smith,Smith County,Deep South,Texas,TX,48423,1383997,2386604289,73163662,921.473,28.249,32.377016,-95.270041
Tulsa,Tulsa County,Greater Appalachia,Oklahoma,OK,40143,1101859,1476854490,42988163,570.217,16.598,36.120318,-95.941813
McIntosh,McIntosh County,Greater Appalachia,Oklahoma,OK,40091,1101836,1601354473,242872388,618.286,93.774,35.369108,-95.671787
Robertson,Robertson County,Deep South,Texas,TX,48395,1383983,2214840334,27332985,855.155,10.553,31.025481,-96.514941
Gillespie,Gillespie County,Greater Appalachia,Texas,TX,48171,1383871,2740731305,9000601,1058.202,3.475,30.325093,-98.94185
Oakland,Oakland County,Yankeedom,Michigan,MI,26125,1623005,2246231043,103501949,867.275,39.962,42.660452,-83.38421
Golden Valley,Golden Valley County,The Far West,North Dakota,ND,38033,1035617,2592280440,4148883,1000.885,1.602,46.938924,-103.844612
Niobrara,Niobrara County,The Far West,Wyoming,WY,56027,1605078,6801380673,4969450,2626.028,1.919,43.062159,-104.468373
Pipestone,Pipestone County,Yankeedom,Minnesota,MN,27117,659504,1204481399,2347611,465.053,0.906,44.015361,-96.257015
King George,King George County,Tidewater,Virginia,VA,51099,1480137,465234037,21087162,179.628,8.142,38.27718,-77.162636
Grant,Grant County,The Far West,Washington,WA,53025,1531924,6940003417,289811930,2679.55,111.897,47.213633,-119.467788
Renville,Renville County,Yankeedom,Minnesota,MN,27129,659510,2545711095,10851893,982.905,4.19,44.723697,-94.955617
Alachua,Alachua County,Deep South,Florida,FL,12001,308548,2267883140,241319695,875.635,93.174,29.67574,-82.357221
Hooker,Hooker County,The Far West,Nebraska,NE,31091,835867,1867796117,882994,721.16,0.341,41.920317,-101.117324
Prince Edward,Prince Edward County,Tidewater,Virginia,VA,51147,1492359,906356801,10079281,349.946,3.892,37.224881,-78.432957
Carbon,Carbon County,The Far West,Utah,UT,49007,1448018,3831067716,15844443,1479.184,6.118,39.673284,-110.588484
Bucks,Bucks County,The Midlands,Pennsylvania,PA,42017,1209173,1565303838,45293815,604.367,17.488,40.336887,-75.10706
Hand,Hand County,The Midlands,South Dakota,SD,46059,1265783,3720862490,9284294,1436.633,3.585,44.546713,-99.004575
Lycoming,Lycoming County,The Midlands,Pennsylvania,PA,42081,1213677,3182886778,38917581,1228.92,15.026,41.343882,-77.055262
Latah,Latah County,The Far West,Idaho,ID,16057,395613,2786483032,2369979,1075.867,0.915,46.81892,-116.730974
Putnam,Putnam County,Deep South,Georgia,GA,13237,347246,892721731,41451859,344.682,16.005,33.32106,-83.37179
Galax,Galax city,Greater Appalachia,Virginia,VA,51640,1498426,21332077,105290,8.236,0.041,36.66564,-80.914308
Quay,Quay County,Greater Appalachia,New Mexico,NM,35037,929110,7443508559,18554572,2873.955,7.164,35.107018,-103.548071
King,King County,Greater Appalachia,Texas,TX,48269,1383920,2359150569,6396290,910.873,2.47,33.614268,-100.245345
Lafayette,Lafayette County,Deep South,Arkansas,AR,05073,66864,1371327392,43028603,529.472,16.613,33.240629,-93.611514
Tom Green,Tom Green County,Greater Appalachia,Texas,TX,48451,1384011,3941965406,48077315,1522.001,18.563,31.398823,-100.463788
Hardee,Hardee County,Deep South,Florida,FL,12049,295746,1651297014,1472455,637.569,0.569,27.492846,-81.82158
Clermont,Clermont County,Greater Appalachia,Ohio,OH,39025,1074025,1172125417,19874912,452.56,7.674,39.052054,-84.149485
Yoakum,Yoakum County,Greater Appalachia,Texas,TX,48501,1384036,2071252479,34329,799.715,0.013,33.162339,-102.832241
Yamhill,Yamhill County,The Left Coast,Oregon,OR,41071,1135866,1854279942,6381028,715.942,2.464,45.247827,-123.316399
Louisa,Louisa County,The Midlands,Iowa,IA,19115,465246,1040583976,40784321,401.772,15.747,41.218211,-91.256994
Elk,Elk County,Greater Appalachia,Kansas,KS,20049,484994,1668636744,16061112,644.264,6.201,37.456026,-96.244642
Noble,Noble County,The Midlands,Ohio,OH,39121,1074073,1030846430,16984489,398.012,6.558,39.767232,-81.452493
Putnam,Putnam County,The Midlands,Ohio,OH,39137,1074081,1249783612,4544874,482.544,1.755,41.024533,-84.129879
Somervell,Somervell County,Greater Appalachia,Texas,TX,48425,1383998,482714491,14210911,186.377,5.487,32.218071,-97.769217
Lebanon,Lebanon County,The Midlands,Pennsylvania,PA,42075,1214034,937148912,1722125,361.835,0.665,40.371448,-76.464819
Glacier,Glacier County,The Far West,Montana,MT,30035,1719607,7757268509,105821594,2995.098,40.858,48.705671,-112.990502
Pershing,Pershing County,The Far West,Nevada,NV,32027,858646,15634691970,79934815,6036.589,30.863,40.439639,-118.409477
Mahnomen,Mahnomen County,Yankeedom,Minnesota,MN,27087,659488,1444868084,64851532,557.867,25.039,47.328387,-95.811089
Passaic,Passaic County,Yankeedom,New Jersey,NJ,34031,882232,481772300,32052581,186.013,12.376,41.036655,-74.299408
Lake,Lake County,The Far West,Montana,MT,30047,1796943,3860292622,423545836,1490.467,163.532,47.642901,-114.083687
Kenedy,Kenedy County,El Norte,Texas,TX,48261,1383916,3777657843,1261927310,1458.562,487.233,26.890213,-97.591143
Borden,Borden County,Greater Appalachia,Texas,TX,48033,1383802,2324366072,22297606,897.443,8.609,32.73859,-101.439199
Perry,Perry County,Greater Appalachia,Missouri,MO,29157,758533,1228574128,25394864,474.355,9.805,37.71113,-89.802125
San Saba,San Saba County,Greater Appalachia,Texas,TX,48411,1383991,2940447163,8300211,1135.313,3.205,31.155138,-98.819292
Kingfisher,Kingfisher County,Greater Appalachia,Oklahoma,OK,40073,1101824,2326010568,20607580,898.078,7.957,35.949436,-97.934557
Burleson,Burleson County,Deep South,Texas,TX,48051,1383811,1707015709,46043236,659.082,17.777,30.493487,-96.622091
Fulton,Fulton County,Yankeedom,New York,NY,36035,974116,1283234687,96916403,495.46,37.42,43.115609,-74.423678
Sunflower,Sunflower County,Deep South,Mississippi,MS,28133,695787,1807187011,23747316,697.759,9.169,33.605529,-90.59509
Hennepin,Hennepin County,Yankeedom,Minnesota,MN,27053,659472,1434949241,136637568,554.037,52.756,45.006121,-93.475228
Centre,Centre County,The Midlands,Pennsylvania,PA,42027,1214720,2871539708,11177389,1108.708,4.316,40.909128,-77.847877
Bee,Bee County,El Norte,Texas,TX,48025,1383798,2279809487,246409,880.239,0.095,28.416077,-97.742586
Henderson,Henderson County,Greater Appalachia,Tennessee,TN,47077,1639754,1346816753,15219341,520.009,5.876,35.653994,-88.387674
Tama,Tama County,The Midlands,Iowa,IA,19171,465274,1867410499,2769418,721.011,1.069,42.074848,-92.529411
Seward,Seward County,The Midlands,Kansas,KS,20175,485050,1656693305,1961444,639.653,0.757,37.18096,-100.855257
Monroe,Monroe County,The Midlands,Iowa,IA,19135,465256,1123320781,1522790,433.717,0.588,41.028847,-92.869642
Richardson,Richardson County,The Midlands,Nebraska,NE,31147,835895,1429261300,7077610,551.841,2.733,40.123743,-95.718603
Christian,Christian County,Greater Appalachia,Illinois,IL,17021,424212,1837569687,16227346,709.49,6.265,39.545524,-89.279593
Nassau,Nassau County,Deep South,Florida,FL,12089,295730,1680075562,200050173,648.681,77.24,30.605963,-81.765087
Washington,Washington County,Deep South,Florida,FL,12133,295762,1514305979,81008171,584.677,31.277,30.602102,-85.655805
Baker,Baker County,Deep South,Georgia,GA,13007,342832,885665381,18598653,341.957,7.181,31.31958,-84.454881
Thomas,Thomas County,Deep South,Georgia,GA,13275,343835,1410592606,19645695,544.633,7.585,30.864619,-83.919815
Anderson,Anderson County,Greater Appalachia,Kentucky,KY,21005,516849,523612175,5473039,202.168,2.113,38.005396,-84.986417
Oldham,Oldham County,Greater Appalachia,Kentucky,KY,21185,516939,484959864,23566080,187.244,9.099,38.400127,-85.45615
Cherokee,Cherokee County,Greater Appalachia,Georgia,GA,13057,1685718,1090597331,34427734,421.082,13.293,34.244317,-84.475057
Oliver,Oliver County,The Far West,North Dakota,ND,38065,1034205,1871017444,22475760,722.404,8.678,47.118079,-101.33142
Osceola,Osceola County,Yankeedom,Michigan,MI,26133,1623009,1466674406,17425113,566.286,6.728,43.997552,-85.322283
McNairy,McNairy County,Greater Appalachia,Tennessee,TN,47109,1639774,1457753351,1994997,562.842,0.77,35.175375,-88.56374
Adams,Adams County,The Far West,Washington,WA,53001,1531601,4985698856,12464425,1924.989,4.813,47.011238,-118.512861
Dade,Dade County,Greater Appalachia,Missouri,MO,29057,758483,1269120978,42072597,490.01,16.244,37.43235,-93.854878
St. Mary,St. Mary Parish,New France,Louisiana,LA,22101,1629492,1439626085,1460444966,555.843,563.881,29.629349,-91.463804
Chittenden,Chittenden County,Yankeedom,Vermont,VT,50007,1461760,1391556759,214228923,537.283,82.714,44.463329,-73.06941
Lafourche,Lafourche Parish,New France,Louisiana,LA,22057,558065,2765571303,1037643577,1067.793,400.636,29.491992,-90.394849
Muscatine,Muscatine County,The Midlands,Iowa,IA,19139,465258,1132977286,30262321,437.445,11.684,41.483776,-91.118699
Santa Rosa,Santa Rosa County,Deep South,Florida,FL,12113,306914,2622106399,543294939,1012.401,209.767,30.675348,-87.018919
Martin,Martin County,Greater Appalachia,Indiana,IN,18101,451679,869615721,12033245,335.761,4.646,38.705322,-86.801847
Rockcastle,Rockcastle County,Greater Appalachia,Kentucky,KY,21203,516948,819854210,4010849,316.547,1.549,37.36105,-84.314368
Trimble,Trimble County,Greater Appalachia,Kentucky,KY,21223,516958,392766463,11214924,151.648,4.33,38.62004,-85.351208
Chattooga,Chattooga County,Greater Appalachia,Georgia,GA,13055,352213,811512398,570806,313.327,0.22,34.474178,-85.345289
Dillon,Dillon County,Deep South,South Carolina,SC,45033,1247993,1049117525,4541557,405.067,1.754,34.390172,-79.374964
Jones,Jones County,Deep South,North Carolina,NC,37103,1026338,1220836958,6031825,471.368,2.329,35.032268,-77.356195
Scotland,Scotland County,The Midlands,Missouri,MO,29199,758552,1130548365,7217862,436.507,2.787,40.447686,-92.142824
Nemaha,Nemaha County,The Midlands,Kansas,KS,20131,485029,1858127934,5205446,717.427,2.01,39.791043,-96.005381
Norton,Norton County,The Far West,Kansas,KS,20137,485032,2274122718,8421464,878.044,3.252,39.783867,-99.899235
Furnas,Furnas County,The Far West,Nebraska,NE,31065,835854,1862542306,3915843,719.132,1.512,40.191865,-99.909663
Decatur,Decatur County,Deep South,Georgia,GA,13087,352234,1546842840,67154651,597.239,25.929,30.880643,-84.58389
Wayne,Wayne County,Greater Appalachia,Indiana,IN,18177,450336,1040539270,6701974,401.754,2.588,39.863091,-85.006735
Barren,Barren County,Greater Appalachia,Kentucky,KY,21009,516851,1262839457,32153759,487.585,12.415,36.962805,-85.932108
Howard,Howard County,The Midlands,Nebraska,NE,31093,835868,1474578451,16199402,569.338,6.255,41.216851,-98.513342
Dunn,Dunn County,The Far West,North Dakota,ND,38025,1035623,5201969430,190528746,2008.492,73.564,47.354557,-102.612322
Amador,Amador County,The Far West,California,CA,06005,1675841,1539965777,29438413,594.584,11.366,38.443549,-120.653858
Fentress,Fentress County,Greater Appalachia,Tennessee,TN,47049,1639743,1291385622,841022,498.607,0.325,36.369892,-84.937764
Coffey,Coffey County,Greater Appalachia,Kansas,KS,20031,484985,1623623917,70470788,626.885,27.209,38.23645,-95.729137
Branch,Branch County,Yankeedom,Michigan,MI,26023,1622954,1311597696,34428004,506.411,13.293,41.918455,-85.066885
Campbell,Campbell County,Greater Appalachia,Virginia,VA,51031,1674917,1303300984,8894442,503.207,3.434,37.210152,-79.095428
Meigs,Meigs County,Greater Appalachia,Ohio,OH,39105,1074065,1113957873,7519818,430.102,2.903,39.089807,-82.028397
Nicholas,Nicholas County,Greater Appalachia,West Virginia,WV,54067,1550040,1675324341,19580622,646.846,7.56,38.291432,-80.797515
Grant,Grant County,The Midlands,Oklahoma,OK,40053,1101814,2591904426,7042653,1000.74,2.719,36.788254,-97.788151
Spink,Spink County,The Midlands,South Dakota,SD,46115,1266987,3894043705,16165380,1503.499,6.241,44.923772,-98.339615
Windsor,Windsor County,Yankeedom,Vermont,VT,50027,1461770,2511727722,19354761,969.784,7.473,43.572448,-72.598813
Trinity,Trinity County,Deep South,Texas,TX,48455,1384013,1796920726,52260791,693.795,20.178,31.096675,-95.151687
Bernalillo,Bernalillo County,The Far West,New Mexico,NM,35001,1702363,3007611393,15882874,1161.245,6.132,35.053628,-106.66908
Mitchell,Mitchell County,Deep South,Georgia,GA,13205,343645,1326483085,4314212,512.158,1.666,31.228997,-84.192038
McCreary,McCreary County,Greater Appalachia,Kentucky,KY,21147,516926,1105416696,10730402,426.804,4.143,36.731136,-84.491052
Pendleton,Pendleton County,Greater Appalachia,Kentucky,KY,21191,516942,717836498,12306254,277.158,4.751,38.696284,-84.351943
Spencer,Spencer County,Greater Appalachia,Kentucky,KY,21215,516954,483617871,12782162,186.726,4.935,38.025411,-85.317174
Hill,Hill County,The Far West,Montana,MT,30041,1720048,7509415030,44186124,2899.401,17.06,48.631959,-110.106321
Valley,Valley County,The Midlands,Nebraska,NE,31175,835909,1471402764,6076916,568.112,2.346,41.564094,-98.983484
Castro,Castro County,Greater Appalachia,Texas,TX,48069,1383820,2316600393,12557414,894.444,4.848,34.533621,-102.258786
Washington,Washington County,The Midlands,Maryland,MD,24043,1714220,1185592677,24820607,457.76,9.583,39.603621,-77.814671
Letcher,Letcher County,Greater Appalachia,Kentucky,KY,21133,516913,875235600,2856315,337.93,1.103,37.118536,-82.861251
Salem,Salem County,The Midlands,New Jersey,NJ,34033,882233,859519174,105385672,331.862,40.69,39.573828,-75.357356
Lynchburg,Lynchburg city,Greater Appalachia,Virginia,VA,51680,1498429,126848431,1422888,48.976,0.549,37.399016,-79.195458
Saline,Saline County,Deep South,Arkansas,AR,05125,67102,1873940136,17955554,723.532,6.933,34.648525,-92.674463
Mason,Mason County,Greater Appalachia,West Virginia,WV,54053,1560254,1115683500,36124377,430.768,13.948,38.770914,-82.029007
Gilmer,Gilmer County,Greater Appalachia,West Virginia,WV,54021,1689673,876717629,4082112,338.503,1.576,38.915867,-80.849413
Jefferson,Jefferson County,Deep South,Mississippi,MS,28063,695755,1346620554,18988092,519.933,7.331,31.733633,-91.043878
Rolette,Rolette County,The Midlands,North Dakota,ND,38079,1034228,2338867291,94423046,903.042,36.457,48.768271,-99.840463
Treasure,Treasure County,The Far West,Montana,MT,30103,1719563,2532492072,17149960,977.801,6.622,46.229441,-107.285772
Clark,Clark County,Greater Appalachia,Kentucky,KY,21049,516871,653939115,6912639,252.487,2.669,37.970314,-84.145115
Allegan,Allegan County,Yankeedom,Michigan,MI,26005,1622945,2137395679,2610802947,825.253,1008.037,42.421251,-86.261403
Benton,Benton County,Greater Appalachia,Tennessee,TN,47005,1639724,1021248372,108583505,394.306,41.924,36.070948,-88.071232
Brown,Brown County,Yankeedom,Minnesota,MN,27015,659453,1582765944,18533953,611.109,7.156,44.246541,-94.733647
Pickett,Pickett County,Greater Appalachia,Tennessee,TN,47137,1648580,422113138,29822845,162.979,11.515,36.559364,-85.075741
Louisa,Louisa County,Tidewater,Virginia,VA,51109,1494707,1282164640,37822855,495.047,14.603,37.972704,-77.959795
Shelby,Shelby County,Greater Appalachia,Indiana,IN,18145,450387,1064843749,4190401,411.138,1.618,39.524135,-85.792174
Franklin,Franklin County,Greater Appalachia,Ohio,OH,39049,1074037,1378954535,29030507,532.417,11.209,39.969875,-83.009086
Iron,Iron County,The Far West,Utah,UT,49021,1448025,8537474385,11390956,3296.337,4.398,37.909304,-113.30674
Esmeralda,Esmeralda County,The Far West,Nevada,NV,32009,858641,9277050177,18552010,3581.889,7.163,37.778966,-117.632382
Keweenaw,Keweenaw County,Yankeedom,Michigan,MI,26083,1622984,1398883242,14053673396,540.112,5426.154,47.367297,-88.351332
Sanpete,Sanpete County,The Far West,Utah,UT,49039,1448033,4117901457,32049371,1589.931,12.374,39.373426,-111.576933
Kearny,Kearny County,The Far West,Kansas,KS,20093,485011,2254696661,1133601,870.543,0.438,37.994461,-101.308136
Brevard,Brevard County,Deep South,Florida,FL,12009,295749,2628762626,1403940953,1014.971,542.065,28.298311,-80.700333
Monroe,Monroe County,Greater Appalachia,Indiana,IN,18105,451680,1021806945,43510634,394.522,16.8,39.160729,-86.52331
Lucas,Lucas County,The Midlands,Iowa,IA,19117,465247,1115458264,9852845,430.681,3.804,41.033344,-93.331467
Woodford,Woodford County,Greater Appalachia,Kentucky,KY,21239,516966,492386273,4933229,190.111,1.905,38.043103,-84.748855
Jasper,Jasper County,Deep South,South Carolina,SC,45053,1248006,1696857613,120228675,655.16,46.421,32.43059,-81.021627
Brewster,Brewster County,El Norte,Texas,TX,48043,1383807,16015871248,22062518,6183.763,8.518,29.808997,-103.252458
McCormick,McCormick County,Deep South,South Carolina,SC,45065,1248012,929457509,89976619,358.866,34.74,33.897599,-82.316196
Union,Union County,Deep South,South Carolina,SC,45087,1248017,1330180037,4792745,513.585,1.85,34.690397,-81.615896
Nicollet,Nicollet County,Yankeedom,Minnesota,MN,27103,659497,1161848160,47511407,448.592,18.344,44.35882,-94.245684
Marinette,Marinette County,Yankeedom,Wisconsin,WI,55075,1581097,3624599046,389876770,1399.466,150.532,45.346899,-87.991198
Clark,Clark County,The Left Coast,Washington,WA,53011,1531820,1627792396,70200672,628.494,27.105,45.77173,-122.485953
Price,Price County,Yankeedom,Wisconsin,WI,55099,1581110,3247987870,62098964,1254.055,23.977,45.679072,-90.35965
Miami,Miami County,The Midlands,Indiana,IN,18103,450373,968246953,9184624,373.842,3.546,40.772883,-86.044258
Ellsworth,Ellsworth County,The Midlands,Kansas,KS,20053,484996,1853331064,19969761,715.575,7.71,38.700845,-98.205355
West Carroll,West Carroll Parish,Deep South,Louisiana,LA,22123,559578,931582171,2386489,359.686,0.921,32.79248,-91.451998
Liberty,Liberty County,Deep South,Florida,FL,12077,308549,2164099094,19582444,835.563,7.561,30.259849,-84.86858
Hodgeman,Hodgeman County,The Midlands,Kansas,KS,20083,485006,2227369150,826344,859.992,0.319,38.087493,-99.898407
Meade,Meade County,The Midlands,Kansas,KS,20119,485024,2533222397,3258258,978.083,1.258,37.243886,-100.360094
McLean,McLean County,Greater Appalachia,Kentucky,KY,21149,516927,654041001,9606626,252.527,3.709,37.526707,-87.265597
Adams,Adams County,Deep South,Mississippi,MS,28001,695726,1197464268,65273639,462.344,25.202,31.486224,-91.351797
Itawamba,Itawamba County,Greater Appalachia,Mississippi,MS,28057,695752,1379932997,19825536,532.795,7.655,34.281075,-88.363127
Franklin,Franklin County,Greater Appalachia,Kentucky,KY,21073,516883,538312209,10786432,207.844,4.165,38.234919,-84.868786
Hancock,Hancock County,Yankeedom,Maine,ME,23009,581290,4110642800,1962698999,1587.128,757.802,44.564906,-68.370703
Knox,Knox County,Yankeedom,Maine,ME,23013,581292,945697332,2017103596,365.136,778.808,44.042045,-69.038514
Newton,Newton County,Deep South,Georgia,GA,13217,1673547,709148422,13974069,273.804,5.395,33.552751,-83.85136
Faulk,Faulk County,The Midlands,South Dakota,SD,46049,1265760,2542625555,62622903,981.713,24.179,45.065476,-99.153564
Houghton,Houghton County,Yankeedom,Michigan,MI,26061,1622973,2613558396,1275354760,1009.101,492.417,46.998427,-88.651903
Mineral,Mineral County,The Far West,Montana,MT,30061,1720030,3158799812,9897218,1219.619,3.821,47.129687,-115.085385
Franklin,Franklin County,Greater Appalachia,Tennessee,TN,47051,1639744,1436141673,55046635,554.497,21.254,35.155926,-86.099203
Concordia,Concordia Parish,Deep South,Louisiana,LA,22029,558515,1805360346,130322878,697.054,50.318,31.469805,-91.626315
Livingston,Livingston Parish,New France,Louisiana,LA,22063,558083,1678641293,112186821,648.127,43.316,30.440419,-90.727474
Essex,Essex County,Yankeedom,Massachusetts,MA,25009,606931,1275623186,870158604,492.521,335.97,42.642708,-70.864909
Butte,Butte County,The Far West,South Dakota,SD,46019,1265793,5827498555,42750488,2250.01,16.506,44.896226,-103.501436
Douglas,Douglas County,The Far West,Colorado,CO,08035,198133,2176225539,6795841,840.245,2.624,39.325414,-104.925987
Richland,Richland County,Deep South,South Carolina,SC,45079,1249299,1961343401,38007451,757.279,14.675,34.029095,-80.898037
Madison,Madison County,Greater Appalachia,Indiana,IN,18095,450370,1170470206,2546731,451.921,0.983,40.166203,-85.722454
Murray,Murray County,Greater Appalachia,Oklahoma,OK,40099,1101837,1078405801,22710695,416.375,8.769,34.485766,-97.071557
Brooke,Brooke County,The Midlands,West Virginia,WV,54009,1558262,231015795,8732461,89.196,3.372,40.272645,-80.578691
Calhoun,Calhoun County,Greater Appalachia,West Virginia,WV,54013,1696945,723253605,3703371,279.25,1.43,38.844159,-81.115478
Bland,Bland County,Greater Appalachia,Virginia,VA,51021,1494613,926311267,2547191,357.651,0.983,37.130612,-81.125853
Yellowstone,Yellowstone County,The Far West,Montana,MT,30111,1719558,6820650783,39944772,2633.468,15.423,45.936987,-108.276656
Lincoln,Lincoln County,Greater Appalachia,West Virginia,WV,54043,1550028,1132065764,4053564,437.093,1.565,38.17177,-82.077623
Lake,Lake County,The Far West,California,CA,06033,277281,3254452700,188748214,1256.551,72.876,39.094802,-122.746757
Grady,Grady County,Deep South,Georgia,GA,13131,351261,1177051414,15026665,454.462,5.802,30.875908,-84.24508
Conejos,Conejos County,El Norte,Colorado,CO,08021,198126,3334423895,9235012,1287.428,3.566,37.213406,-106.176447
San Juan,San Juan County,The Far West,Utah,UT,49037,1448032,20253174602,293818273,7819.795,113.444,37.602633,-109.791574
Putnam,Putnam County,Greater Appalachia,Indiana,IN,18133,450384,1244585887,5585892,480.537,2.157,39.665548,-86.853373
Gooding,Gooding County,The Far West,Idaho,ID,16047,395441,1888935208,12470063,729.322,4.815,42.973185,-114.82142
Tipton,Tipton County,Deep South,Tennessee,TN,47167,1639795,1180026939,32703276,455.611,12.627,35.498763,-89.747145
West Baton Rouge,West Baton Rouge Parish,Deep South,Louisiana,LA,22121,559570,498174685,29604699,192.346,11.43,30.464052,-91.309808
Putnam,Putnam County,The Midlands,Missouri,MO,29171,758540,1339844722,5942463,517.317,2.294,40.478606,-93.014531
Teton,Teton County,The Far West,Wyoming,WY,56039,1605083,10351790060,570859113,3996.849,220.41,44.048662,-110.426087
Grant,Grant County,Yankeedom,Wisconsin,WI,55043,1581081,2970402286,94521527,1146.879,36.495,42.870028,-90.694229
Morton,Morton County,The Far West,North Dakota,ND,38059,1034207,4988026151,49931487,1925.888,19.279,46.710819,-101.298265
Chowan,Chowan County,Tidewater,North Carolina,NC,37041,1025822,447179939,157966156,172.657,60.991,36.128979,-76.602752
Buncombe,Buncombe County,Greater Appalachia,North Carolina,NC,37021,1008538,1700318978,8942802,656.497,3.453,35.609371,-82.530423
Plumas,Plumas County,The Far West,California,CA,06063,277296,6612400772,156387638,2553.062,60.382,39.992295,-120.824371
Petersburg,Petersburg city,Tidewater,Virginia,VA,51730,1498435,58845730,577678,22.72,0.223,37.20473,-77.392368
Washington,Washington County,Yankeedom,Vermont,VT,50023,1461768,1778229393,21169489,686.578,8.174,44.274969,-72.609444
Meade,Meade County,The Far West,South Dakota,SD,46093,1266991,8989677128,30742173,3470.934,11.87,44.605282,-102.714169
Marion,Marion County,Greater Appalachia,Indiana,IN,18097,450371,1027221229,16566444,396.612,6.396,39.782976,-86.135794
Chicot,Chicot County,Deep South,Arkansas,AR,05017,69160,1649764677,140413175,636.978,54.214,33.267139,-91.297158
Bibb,Bibb County,Deep South,Georgia,GA,13021,1672039,645898113,14305197,249.383,5.523,32.808845,-83.694194
Pope,Pope County,Greater Appalachia,Arkansas,AR,05115,69901,2100810775,51385065,811.128,19.84,35.456557,-93.026818
Southampton,Southampton County,Tidewater,Virginia,VA,51175,1480171,1551909772,8090234,599.196,3.124,36.720068,-77.103813
Gregg,Gregg County,Deep South,Texas,TX,48183,1383877,708052150,6206460,273.38,2.396,32.486401,-94.816277
Rockland,Rockland County,Yankeedom,New York,NY,36087,974142,449217749,66844037,173.444,25.809,41.154628,-74.024662
Marion,Marion County,Greater Appalachia,Arkansas,AR,05089,69898,1545325347,112951240,596.653,43.611,36.266664,-92.678577
Suffolk,Suffolk city,Tidewater,Virginia,VA,51800,1498560,1033819022,77045664,399.16,29.747,36.697157,-76.634781
El Paso,El Paso County,The Far West,Colorado,CO,08041,198135,5507391789,7070359,2126.416,2.73,38.827383,-104.527472
St. Francois,St. Francois County,Greater Appalachia,Missouri,MO,29187,758548,1170380017,7218075,451.886,2.787,37.810707,-90.473868
Ward,Ward County,Greater Appalachia,Texas,TX,48475,1384023,2164201061,624206,835.603,0.241,31.513069,-103.105113
Kiowa,Kiowa County,The Far West,Colorado,CO,08061,198146,4578603586,47032918,1767.809,18.16,38.387663,-102.756849
Wilbarger,Wilbarger County,Greater Appalachia,Texas,TX,48487,1384029,2514738098,18202665,970.946,7.028,34.08492,-99.24244
Curry,Curry County,The Left Coast,Oregon,OR,41015,1155129,4217489863,934614482,1628.382,360.857,42.466439,-124.210929
Teller,Teller County,The Far West,Colorado,CO,08119,198175,1442817270,4960197,557.075,1.915,38.869976,-105.187365
Clinton,Clinton County,The Midlands,Missouri,MO,29049,758479,1085049760,11764909,418.94,4.542,39.608723,-94.395803
Wasatch,Wasatch County,The Far West,Utah,UT,49051,1448039,3048452823,79128329,1177.014,30.552,40.334884,-111.161568
Caribou,Caribou County,The Far West,Idaho,ID,16029,395406,4569240776,89216879,1764.194,34.447,42.786072,-111.544273
Rockingham,Rockingham County,Greater Appalachia,North Carolina,NC,37157,1008582,1465005024,18436435,565.642,7.118,36.381806,-79.782754
Prairie,Prairie County,Greater Appalachia,Arkansas,AR,05117,69176,1677069898,72638193,647.52,28.046,34.831116,-91.55362
Bradley,Bradley County,Deep South,Arkansas,AR,05011,63757,1681335016,9505606,649.167,3.67,33.466549,-92.169156
Hamilton,Hamilton County,Greater Appalachia,Texas,TX,48193,1383882,2165008742,1238628,835.915,0.478,31.707342,-98.111756
Caroline,Caroline County,Tidewater,Maryland,MD,24011,595737,827350254,16777066,319.442,6.478,38.871531,-75.831662
Douglas,Douglas County,Yankeedom,Minnesota,MN,27041,659466,1649659329,215526674,636.937,83.215,45.936835,-95.462155
Jefferson,Jefferson County,The Far West,Montana,MT,30043,1720045,4291603025,6256292,1656.997,2.416,46.124232,-112.059428
Fairfax,Fairfax County,Tidewater,Virginia,VA,51059,1480119,1012739503,40071739,391.021,15.472,38.82952,-77.273252
Deer Lodge,Deer Lodge County,The Far West,Montana,MT,30023,1719617,1907998860,12199890,736.683,4.71,46.094672,-113.141624
Anderson,Anderson County,Greater Appalachia,Tennessee,TN,47001,1639722,873352611,19665031,337.203,7.593,36.116731,-84.195418
Huron,Huron County,Yankeedom,Ohio,OH,39077,1074051,1274903645,8628942,492.243,3.332,41.14508,-82.594641
Bacon,Bacon County,Deep South,Georgia,GA,13005,344784,735770219,4506310,284.082,1.74,31.55021,-82.451433
Kent,Kent County,Tidewater,Delaware,DE,10001,217271,1517891095,549776917,586.061,212.27,39.097088,-75.502982
Wood,Wood County,The Midlands,Ohio,OH,39173,1074098,1598441996,8718771,617.162,3.366,41.360183,-83.622682
Jackson,Jackson County,Greater Appalachia,Georgia,GA,13157,349570,879711015,8858787,339.658,3.42,34.130905,-83.562557
Anderson,Anderson County,Greater Appalachia,Kansas,KS,20003,484971,1501263686,10599981,579.641,4.093,38.215114,-95.292046
Knox,Knox County,The Midlands,Illinois,IL,17095,424249,1855427713,8837382,716.385,3.412,40.930945,-90.213792
Wheatland,Wheatland County,The Far West,Montana,MT,30107,1719560,3684208396,13010928,1422.481,5.024,46.496967,-109.857684
Cannon,Cannon County,Greater Appalachia,Tennessee,TN,47015,1648572,687992379,156144,265.635,0.06,35.808394,-86.062404
Franklin,Franklin County,Yankeedom,Maine,ME,23007,581289,4395220895,121290428,1697.004,46.83,44.976724,-70.414935
Menifee,Menifee County,Greater Appalachia,Kentucky,KY,21165,516929,527283209,6084693,203.585,2.349,37.935485,-83.589355
McPherson,McPherson County,The Midlands,South Dakota,SD,46089,1265762,2943956443,38506560,1136.668,14.867,45.784249,-99.211421
Gunnison,Gunnison County,The Far West,Colorado,CO,08051,198141,8389334153,53070998,3239.14,20.491,38.670499,-107.05688
Charlevoix,Charlevoix County,Yankeedom,Michigan,MI,26029,1622957,1078288793,2522931117,416.33,974.109,45.618554,-85.543684
Swift,Swift County,Yankeedom,Minnesota,MN,27151,659520,1921733671,26235363,741.986,10.13,45.27581,-95.690124
Seneca,Seneca County,The Midlands,Ohio,OH,39147,1074086,1427151728,4576816,551.026,1.767,41.119992,-83.127547
Tattnall,Tattnall County,Deep South,Georgia,GA,13267,347445,1245369512,19447412,480.84,7.509,32.043768,-82.059208
Stephens,Stephens County,Greater Appalachia,Texas,TX,48429,1384000,2322497231,64147705,896.721,24.768,32.738052,-98.839344
Martin,Martin County,Tidewater,North Carolina,NC,37117,1026328,1182102539,746610,456.412,0.288,35.847301,-77.119602
Ravalli,Ravalli County,The Far West,Montana,MT,30081,1719582,6192656569,24207622,2390.998,9.347,46.077744,-114.105795
Wilkes,Wilkes County,Deep South,Georgia,GA,13317,351265,1216001422,11896927,469.501,4.593,33.779031,-82.747921
Lincoln,Lincoln County,The Far West,Washington,WA,53043,1514052,5984421204,75265950,2310.598,29.06,47.582743,-118.417692
San Mateo,San Mateo County,The Left Coast,California,CA,06081,277305,1161922036,757123906,448.621,292.327,37.414672,-122.371546
Williams,Williams County,The Midlands,Ohio,OH,39171,1074097,1089503875,6299797,420.66,2.432,41.564959,-84.584324
Baca,Baca County,The Midlands,Colorado,CO,08009,198120,6617400567,6142192,2554.993,2.372,37.30978,-102.543741
Boundary,Boundary County,The Far West,Idaho,ID,16021,395159,3285862966,24278846,1268.679,9.374,48.773131,-116.524668
Bear Lake,Bear Lake County,The Far West,Idaho,ID,16007,395090,2527123155,191364281,975.728,73.886,42.285892,-111.327517
Union,Union County,Greater Appalachia,Ohio,OH,39159,1074091,1118250640,13288444,431.759,5.131,40.295901,-83.367042
Cuyahoga,Cuyahoga County,Yankeedom,Ohio,OH,39035,1074030,1184169986,2041734546,457.211,788.318,41.555037,-81.604957
Lavaca,Lavaca County,Deep South,Texas,TX,48285,1383928,2511535248,1882216,969.709,0.727,29.382578,-96.923633
Nowata,Nowata County,Greater Appalachia,Oklahoma,OK,40105,1101840,1465460408,38903890,565.817,15.021,36.789615,-95.613312
Glascock,Glascock County,Deep South,Georgia,GA,13125,345642,372299245,1832723,143.746,0.708,33.227491,-82.606913
Umatilla,Umatilla County,The Far West,Oregon,OR,41059,1156673,8327972955,41622675,3215.448,16.071,45.5912,-118.73388
Oglala Lakota,Oglala Lakota County,The Far West,South Dakota,SD,46102,1266992,5422402204,7126155,2093.601,2.751,43.333393,-102.561486
Marshall,Marshall County,The Midlands,Kansas,KS,20117,485023,2331441861,12734901,900.175,4.917,39.782709,-96.521243
Madison,Madison Parish,Deep South,Louisiana,LA,22065,558088,1616604801,68460376,624.175,26.433,32.346878,-91.231932
Valley,Valley County,The Far West,Montana,MT,30105,1678923,12758577238,351384872,4926.114,135.67,48.34985,-106.670424
Whitfield,Whitfield County,Greater Appalachia,Georgia,GA,13313,353513,752248663,1579031,290.445,0.61,34.801726,-84.968541
Wichita,Wichita County,The Far West,Kansas,KS,20203,485062,1861078197,61987,718.566,0.024,38.481922,-101.347434
Charles Mix,Charles Mix County,The Midlands,South Dakota,SD,46023,1266976,2842481168,136616766,1097.488,52.748,43.206185,-98.595143
Cedar,Cedar County,The Midlands,Nebraska,NE,31027,835835,1917222689,14511196,740.244,5.603,42.60456,-97.25687
Kitsap,Kitsap County,The Left Coast,Washington,WA,53035,1529223,1023308791,442187072,395.102,170.729,47.639595,-122.649634
McHenry,McHenry County,Yankeedom,Illinois,IL,17111,1784815,1562786332,19872662,603.395,7.673,42.324298,-88.452245
Petroleum,Petroleum County,The Far West,Montana,MT,30069,1719590,4288047861,48927318,1655.625,18.891,47.141917,-108.226575
Carroll,Carroll County,The Midlands,Missouri,MO,29033,758471,1799061890,17533392,694.622,6.77,39.427375,-93.500227
Whitman,Whitman County,The Far West,Washington,WA,53075,1533501,5592463291,48246698,2159.262,18.628,46.905944,-117.53539
Steele,Steele County,Yankeedom,Minnesota,MN,27147,659518,1112775703,6976791,429.645,2.694,44.015261,-93.220453
Thayer,Thayer County,The Midlands,Nebraska,NE,31169,835906,1486153254,3025339,573.807,1.168,40.173845,-97.596263
Crockett,Crockett County,Deep South,Tennessee,TN,47033,1648574,687714870,545783,265.528,0.211,35.818795,-89.132494
Hamilton,Hamilton County,The Midlands,Iowa,IA,19079,465228,1493720721,1956182,576.729,0.755,42.390789,-93.70913
Warren,Warren County,Greater Appalachia,Ohio,OH,39165,1074094,1039691291,15679747,401.427,6.054,39.425663,-84.16994
Spalding,Spalding County,Deep South,Georgia,GA,13255,353055,507561198,9375991,195.97,3.62,33.262348,-84.284905
Hunterdon,Hunterdon County,Yankeedom,New Jersey,NJ,34019,882228,1108086284,24761598,427.835,9.561,40.565283,-74.911969
Vernon,Vernon County,Greater Appalachia,Missouri,MO,29217,758561,2140343861,27020859,826.391,10.433,37.850196,-94.341597
Parke,Parke County,Greater Appalachia,Indiana,IN,18121,450380,1151822275,13655204,444.721,5.272,39.77425,-87.19695
Franklin,Franklin County,The Midlands,Iowa,IA,19069,465223,1507291799,1438346,581.969,0.555,42.736545,-93.271415
Butts,Butts County,Deep South,Georgia,GA,13035,352295,475754793,11269640,183.69,4.351,33.290355,-83.958221
Elbert,Elbert County,The Far West,Colorado,CO,08039,198136,4793643992,442147,1850.836,0.171,39.315157,-104.114076
Bristol,Bristol County,Yankeedom,Rhode Island,RI,44001,1219777,62500772,53359134,24.132,20.602,41.70684,-71.286687
Bosque,Bosque County,Greater Appalachia,Texas,TX,48035,1383803,2545908129,50666116,982.981,19.562,31.900819,-97.637641
Newport,Newport County,Yankeedom,Rhode Island,RI,44005,1219779,265293780,547001789,102.431,211.199,41.501045,-71.283063
Fairfield,Fairfield County,Greater Appalachia,Ohio,OH,39045,1074035,1306299961,10869534,504.365,4.197,39.747694,-82.626685
Pierce,Pierce County,The Midlands,North Dakota,ND,38069,1034230,2637345167,166227817,1018.285,64.181,48.238883,-99.966497
Carroll,Carroll County,Yankeedom,Illinois,IL,17015,424209,1153597401,55881822,445.406,21.576,42.0709,-89.924189
Red Lake,Red Lake County,Yankeedom,Minnesota,MN,27125,659508,1119929346,227815,432.407,0.088,47.865487,-96.08718
Jefferson,Jefferson County,The Far West,Oregon,OR,41031,1155132,4614583047,26212115,1781.701,10.121,44.645151,-121.178632
Cheatham,Cheatham County,Greater Appalachia,Tennessee,TN,47021,1639731,783480108,11821692,302.503,4.564,36.255169,-87.100808
Union,Union County,The Midlands,South Dakota,SD,46127,1265763,1193354523,16502827,460.757,6.372,42.831106,-96.650829
Elmore,Elmore County,Deep South,Alabama,AL,01051,161551,1601945705,99781059,618.515,38.526,32.597229,-86.142735
Lumpkin,Lumpkin County,Greater Appalachia,Georgia,GA,13187,357196,732820607,3275562,282.944,1.265,34.56814,-83.998925
Knox,Knox County,The Midlands,Ohio,OH,39083,1074054,1361036418,10721050,525.499,4.139,40.40362,-82.422393
Bremer,Bremer County,The Midlands,Iowa,IA,19017,465198,1127885578,10166468,435.479,3.925,42.780895,-92.327356
Goliad,Goliad County,El Norte,Texas,TX,48175,1383873,2206698612,19050015,852.011,7.355,28.6607,-97.430415
Henderson,Henderson County,Greater Appalachia,North Carolina,NC,37089,1008562,965934305,5531390,372.949,2.136,35.336415,-82.479741
Indian River,Indian River County,Deep South,Florida,FL,12061,307624,1302272805,295509938,502.81,114.097,27.700528,-80.574789
Roberts,Roberts County,The Midlands,Texas,TX,48393,1383982,2393298442,346846,924.058,0.134,35.838596,-100.836682
Deuel,Deuel County,The Far West,Nebraska,NE,31049,835846,1139208344,2229828,439.851,0.861,41.111903,-102.332609
Livingston,Livingston County,Yankeedom,New York,NY,36051,974124,1636254771,22005356,631.762,8.496,42.729042,-77.778463
O'Brien,O'Brien County,The Midlands,Iowa,IA,19141,465259,1484153957,447448,573.035,0.173,43.083746,-95.625624
Callahan,Callahan County,Greater Appalachia,Texas,TX,48059,1383815,2329363242,4898783,899.372,1.891,32.29315,-99.372249
Rains,Rains County,Deep South,Texas,TX,48379,1383975,594281632,76078926,229.453,29.374,32.870457,-95.795613
Grant,Grant County,The Far West,Kansas,KS,20067,485099,1488745962,871232,574.808,0.336,37.547537,-101.299362
Lee,Lee County,Greater Appalachia,Virginia,VA,51105,1496538,1127622846,4896591,435.378,1.891,36.701721,-83.130112
Sierra,Sierra County,The Far West,New Mexico,NM,35051,1702370,10829279105,147645503,4181.208,57.006,33.119468,-107.188161
Drew,Drew County,Deep South,Arkansas,AR,05043,66851,2146225294,18789749,828.662,7.255,33.587242,-91.722778
Morrill,Morrill County,The Far West,Nebraska,NE,31123,835883,3688187959,15647101,1424.017,6.041,41.732204,-102.990594
Benton,Benton County,Greater Appalachia,Missouri,MO,29015,758462,1823437752,125605711,704.033,48.497,38.301036,-93.287942
Pike,Pike County,Greater Appalachia,Arkansas,AR,05109,69173,1554860546,35285663,600.335,13.624,34.158191,-93.658659
Mesa,Mesa County,The Far West,Colorado,CO,08077,198154,8621348079,31991710,3328.721,12.352,39.019524,-108.460571
Dent,Dent County,Greater Appalachia,Missouri,MO,29065,758487,1949641173,4518782,752.761,1.745,37.603072,-91.489717
Tazewell,Tazewell County,Greater Appalachia,Virginia,VA,51185,1497748,1343663017,2920222,518.791,1.128,37.125395,-81.562924
Pike,Pike County,The Midlands,Pennsylvania,PA,42103,1213683,1411272636,56780870,544.895,21.923,41.325949,-75.031514
Susquehanna,Susquehanna County,Yankeedom,Pennsylvania,PA,42115,1213688,2132849539,22384976,823.498,8.643,41.819665,-75.800969
Morris,Morris County,Deep South,Texas,TX,48343,1383957,652649023,17382447,251.989,6.711,33.116466,-94.731265
Washington,Washington County,Greater Appalachia,Pennsylvania,PA,42125,1209190,2219644652,9945723,857.01,3.84,40.200005,-80.252132
Addison,Addison County,Yankeedom,Vermont,VT,50001,1461757,1984209520,107311666,766.108,41.433,44.031248,-73.141581
Leavenworth,Leavenworth County,The Midlands,Kansas,KS,20103,485016,1200218357,14338600,463.407,5.536,39.189511,-95.038977
Muskegon,Muskegon County,Yankeedom,Michigan,MI,26121,1623003,1305130154,2476314283,503.914,956.11,43.428739,-86.420908
Hinds,Hinds County,Deep South,Mississippi,MS,28049,695748,2252888818,19259026,869.845,7.436,32.267788,-90.466017
Lampasas,Lampasas County,Greater Appalachia,Texas,TX,48281,1383927,1845440041,2749903,712.528,1.062,31.196731,-98.240889
Loudoun,Loudoun County,Greater Appalachia,Virginia,VA,51107,1480141,1335755878,14493733,515.738,5.596,39.0812,-77.638898
St. Clair,St. Clair County,Greater Appalachia,Missouri,MO,29185,758547,1748193269,70137865,674.981,27.08,38.04223,-93.77656
Delaware,Delaware County,Yankeedom,New York,NY,36025,974111,3736306657,64163829,1442.596,24.774,42.193986,-74.966728
Phillips,Phillips County,The Far West,Montana,MT,30071,1720023,13313630162,185493134,5140.422,71.619,48.250143,-107.928897
Mercer,Mercer County,The Midlands,Missouri,MO,29129,758519,1175427717,3302140,453.835,1.275,40.421413,-93.567631
Mason,Mason County,The Left Coast,Washington,WA,53045,1529221,2485218918,236969801,959.548,91.495,47.350832,-123.173103
Nash,Nash County,Tidewater,North Carolina,NC,37127,1008574,1399742831,6174819,540.444,2.384,35.965945,-77.987555
York,York County,Tidewater,Virginia,VA,51199,1480182,271190280,285635878,104.707,110.285,37.220914,-76.395533
Pettis,Pettis County,The Midlands,Missouri,MO,29159,758534,1766966004,10488658,682.229,4.05,38.727367,-93.285207
Missoula,Missoula County,The Far West,Montana,MT,30063,1719596,6715861233,64586034,2593.009,24.937,47.027263,-113.892691
Chautauqua,Chautauqua County,Greater Appalachia,Kansas,KS,20019,484979,1654694134,15243776,638.881,5.886,37.154259,-96.245396
Upshur,Upshur County,Deep South,Texas,TX,48459,1384015,1509910834,24878112,582.98,9.605,32.735349,-94.941184
Culpeper,Culpeper County,Tidewater,Virginia,VA,51047,1497831,982089165,9005141,379.187,3.477,38.48593,-77.956476
Haskell,Haskell County,Greater Appalachia,Oklahoma,OK,40061,1101818,1493711222,126247870,576.725,48.745,35.232431,-95.109642
Ohio,Ohio County,Greater Appalachia,West Virginia,WV,54069,1717163,274098976,8274294,105.83,3.195,40.100323,-80.6199
Morgan,Morgan County,Greater Appalachia,West Virginia,WV,54065,1557950,593295507,1401571,229.073,0.541,39.557345,-78.256517
Rockingham,Rockingham County,Greater Appalachia,Virginia,VA,51165,1488970,2200944584,10646757,849.789,4.111,38.507585,-78.885321
Whitley,Whitley County,The Midlands,Indiana,IN,18183,450369,869117984,6076514,335.568,2.346,41.136426,-85.501892
Siskiyou,Siskiyou County,The Far West,California,CA,06093,277311,16261933231,179149816,6278.768,69.17,41.587986,-122.533287
Day,Day County,Yankeedom,South Dakota,SD,46037,1265790,2663773676,162143251,1028.489,62.604,45.355161,-97.58143
Orleans,Orleans Parish,New France,Louisiana,LA,22071,558113,438975285,467122070,169.489,180.357,30.05342,-89.934502
Jefferson,Jefferson County,Deep South,Alabama,AL,01073,161562,2878852142,32681784,1111.531,12.619,33.553444,-86.896536
Walker,Walker County,Greater Appalachia,Alabama,AL,01127,161589,2048757700,36683003,791.03,14.163,33.791558,-87.301094
DeKalb,DeKalb County,The Midlands,Missouri,MO,29063,758486,1091312448,11560688,421.358,4.464,39.894665,-94.40719
Gadsden,Gadsden County,Deep South,Florida,FL,12039,306918,1337405283,31475262,516.375,12.153,30.578687,-84.612607
Dade,Dade County,Greater Appalachia,Georgia,GA,13083,347465,450584680,488463,173.972,0.189,34.852424,-85.506201
DeSoto,DeSoto County,Deep South,Mississippi,MS,28033,695741,1233730200,50234809,476.346,19.396,34.874922,-89.991211
Warren,Warren County,Greater Appalachia,Virginia,VA,51187,1674058,555804005,8578483,214.597,3.312,38.908221,-78.207594
Edwards,Edwards County,Greater Appalachia,Illinois,IL,17047,424225,576012470,781202,222.4,0.302,38.417095,-88.047941
Madison,Madison County,Deep South,Tennessee,TN,47113,1639769,1443073934,3757608,557.174,1.451,35.606056,-88.833424
Randolph,Randolph County,Deep South,Alabama,AL,01111,161582,1503618358,9283013,580.55,3.584,33.296461,-85.464064
Ashe,Ashe County,Greater Appalachia,North Carolina,NC,37009,1008535,1104018852,8062960,426.264,3.113,36.443469,-81.499334
Dolores,Dolores County,The Far West,Colorado,CO,08033,198132,2763958508,2716141,1067.17,1.049,37.733823,-108.506219
Licking,Licking County,The Midlands,Ohio,OH,39089,1074057,1767478856,12761090,682.427,4.927,40.091505,-82.483435
Manassas,Manassas city,Tidewater,Virginia,VA,51683,1498430,25493247,146287,9.843,0.056,38.746808,-77.482633
Union,Union County,Deep South,Arkansas,AR,05139,69903,2691171273,42102269,1039.067,16.256,33.168219,-92.598145
Henderson,Henderson County,The Midlands,Illinois,IL,17071,424237,981068795,42565932,378.793,16.435,40.814471,-90.941246
Montgomery,Montgomery County,Deep South,Alabama,AL,01101,161577,2034045843,37716728,785.35,14.563,32.202881,-86.204461
Arapahoe,Arapahoe County,The Far West,Colorado,CO,08005,198118,2066446984,19801967,797.86,7.646,39.644554,-104.331706
Marion,Marion County,Greater Appalachia,Kentucky,KY,21155,516921,888485847,9869686,343.046,3.811,37.552604,-85.268959
Skagit,Skagit County,The Left Coast,Washington,WA,53057,1531402,4481316828,483781973,1730.246,186.789,48.493292,-121.81577
Jones,Jones County,Deep South,Mississippi,MS,28067,695757,1799639020,12681687,694.845,4.896,31.616601,-89.168532
Columbia,Columbia County,Yankeedom,Wisconsin,WI,55021,1581070,1982756253,78834956,765.547,30.438,43.471882,-89.330472
Brunswick,Brunswick County,Deep South,North Carolina,NC,37019,1026340,2201703879,516599618,850.083,199.46,34.038754,-78.227765
Clearwater,Clearwater County,Yankeedom,Minnesota,MN,27029,659460,2586947405,80206137,998.826,30.968,47.575873,-95.371117
Northampton,Northampton County,Tidewater,Virginia,VA,51131,1480151,548331037,1511369146,211.712,583.543,37.302775,-75.924018
Rooks,Rooks County,The Far West,Kansas,KS,20163,485045,2306454194,11962259,890.527,4.619,39.346006,-99.324492
Fayette,Fayette County,Greater Appalachia,Indiana,IN,18041,450349,556901577,366408,215.021,0.141,39.639655,-85.185032
Hall,Hall County,The Midlands,Nebraska,NE,31079,835861,1415143418,14903733,546.39,5.754,40.866027,-98.502664
Hamilton,Hamilton County,The Midlands,Nebraska,NE,31081,835862,1404057517,6811577,542.11,2.63,40.872817,-98.022329
Loup,Loup County,The Far West,Nebraska,NE,31115,835879,1459513675,19565477,563.521,7.554,41.903183,-99.509852
Sheridan,Sheridan County,The Far West,Montana,MT,30091,1677577,4343256743,75111952,1676.941,29.001,48.705523,-104.533913
Frontier,Frontier County,The Far West,Nebraska,NE,31063,835853,2524283363,14110080,974.631,5.448,40.530947,-100.406683
Bibb,Bibb County,Deep South,Alabama,AL,01007,161529,1612188717,9572303,622.47,3.696,33.015893,-87.127148
Lauderdale,Lauderdale County,Deep South,Mississippi,MS,28075,695761,1822508248,29730521,703.674,11.479,32.403998,-88.660449
Big Stone,Big Stone County,Yankeedom,Minnesota,MN,27011,659451,1292831731,74957179,499.165,28.941,45.419925,-96.402226
Blue Earth,Blue Earth County,Yankeedom,Minnesota,MN,27013,659452,1936920254,45966342,747.849,17.748,44.03371,-94.064012
Highland,Highland County,Greater Appalachia,Virginia,VA,51091,1673774,1075266904,1791758,415.163,0.692,38.366243,-79.564472
Spotsylvania,Spotsylvania County,Tidewater,Virginia,VA,51177,1480172,1039652446,33417517,401.412,12.903,38.182431,-77.657226
Strafford,Strafford County,Yankeedom,New Hampshire,NH,33017,873182,951743430,39154073,367.47,15.117,43.293272,-71.035589
Houston,Houston County,Deep South,Georgia,GA,13153,1671693,973954137,9990192,376.046,3.857,32.458287,-83.662522
Delta,Delta County,Yankeedom,Michigan,MI,26041,1622963,3033137846,2124389420,1171.101,820.231,45.805229,-86.901938
Sebastian,Sebastian County,Greater Appalachia,Arkansas,AR,05131,69181,1375754631,33853972,531.182,13.071,35.196981,-94.274989
Santa Cruz,Santa Cruz County,The Left Coast,California,CA,06087,277308,1152823584,419714230,445.108,162.053,37.012347,-122.007789
McIntosh,McIntosh County,Deep South,Georgia,GA,13191,356886,1117201986,369164686,431.354,142.535,31.485629,-81.372141
Monroe,Monroe County,Deep South,Georgia,GA,13207,343073,1025872448,5643846,396.092,2.179,33.017404,-83.922837
Dunklin,Dunklin County,Greater Appalachia,Missouri,MO,29069,758489,1403538813,13708531,541.909,5.293,36.153025,-90.062254
Wheeler,Wheeler County,Greater Appalachia,Texas,TX,48483,1384027,2368629232,2455912,914.533,0.948,35.392593,-100.253107
Forsyth,Forsyth County,Greater Appalachia,Georgia,GA,13117,1673358,581757645,58447999,224.618,22.567,34.225143,-84.127408
San Patricio,San Patricio County,El Norte,Texas,TX,48409,1383990,1795990941,37577389,693.436,14.509,28.011794,-97.517157
Walthall,Walthall County,Deep South,Mississippi,MS,28147,695794,1046169275,1236552,403.928,0.477,31.164492,-90.103431
Monroe,Monroe County,Greater Appalachia,Missouri,MO,29137,758523,1677352687,58366943,647.63,22.536,39.49827,-92.006458
Isabella,Isabella County,Yankeedom,Michigan,MI,26073,1622979,1483282659,12948097,572.699,4.999,43.645233,-84.839424
Moore,Moore County,The Midlands,Texas,TX,48341,1383956,2330207191,25699789,899.698,9.923,35.835676,-101.890502
Calhoun,Calhoun County,Deep South,South Carolina,SC,45017,1247986,987179024,29351080,381.152,11.333,33.67478,-80.780347
Sublette,Sublette County,The Far West,Wyoming,WY,56035,1605082,12655929030,127353627,4886.482,49.172,42.767928,-109.91617
Fleming,Fleming County,Greater Appalachia,Kentucky,KY,21069,516881,902727568,7182389,348.545,2.773,38.367848,-83.699205
Clark,Clark County,Yankeedom,Wisconsin,WI,55019,1581069,3133102168,23238832,1209.698,8.973,44.739346,-90.609953
York,York County,Deep South,South Carolina,SC,45091,1248019,1763868718,39013276,681.034,15.063,34.970188,-81.183187
Adams,Adams County,The Midlands,Indiana,IN,18001,450401,877815496,2693924,338.926,1.04,40.745733,-84.93613
Ascension,Ascension Parish,Deep South,Louisiana,LA,22005,558403,751016878,32969822,289.969,12.73,30.206444,-90.912502
Union,Union County,The Midlands,Pennsylvania,PA,42119,1213689,818313044,4622034,315.952,1.785,40.962179,-77.055475
Chesterfield,Chesterfield County,Tidewater,Virginia,VA,51041,1480111,1096874571,34967238,423.506,13.501,37.378434,-77.585847
Acadia,Acadia Parish,New France,Louisiana,LA,22001,558389,1697073813,5934788,655.244,2.291,30.291497,-92.411037
Crawford,Crawford County,Yankeedom,Pennsylvania,PA,42039,1213666,2621988043,65389924,1012.355,25.247,41.687876,-80.107795
Tripp,Tripp County,The Far West,South Dakota,SD,46123,1265784,4176247413,13272783,1612.458,5.125,43.349729,-99.876219
Guthrie,Guthrie County,The Midlands,Iowa,IA,19077,465227,1529656705,6355531,590.604,2.454,41.683573,-94.501272
Washington,Washington County,The Midlands,Iowa,IA,19183,465280,1473258536,5339036,568.828,2.061,41.329401,-91.725052
Sanborn,Sanborn County,The Midlands,South Dakota,SD,46111,1266977,1474329184,3132216,569.242,1.209,44.018942,-98.091709
Grady,Grady County,Greater Appalachia,Oklahoma,OK,40051,1101813,2850386659,11374380,1100.54,4.392,35.021058,-97.88689
Kanawha,Kanawha County,Greater Appalachia,West Virginia,WV,54039,1550026,2335256702,24015465,901.648,9.272,38.328068,-81.523516
St. Croix,St. Croix County,Yankeedom,Wisconsin,WI,55109,1581833,1870380099,33740130,722.158,13.027,45.028959,-92.447284
Venango,Venango County,The Midlands,Pennsylvania,PA,42121,1213690,1746337768,22149577,674.265,8.552,41.400714,-79.765813
Summit,Summit County,Yankeedom,Ohio,OH,39153,1074088,1069129523,19007561,412.793,7.339,41.121847,-81.534928
Glynn,Glynn County,Deep South,Georgia,GA,13127,1671513,1086851231,429107116,419.636,165.679,31.21271,-81.49645
Webb,Webb County,El Norte,Texas,TX,48479,1384025,8706187279,36554555,3361.478,14.114,27.760799,-99.340752
Montgomery,Montgomery County,Greater Appalachia,North Carolina,NC,37123,1008572,1273075626,25886753,491.537,9.995,35.327548,-79.910752
Aroostook,Aroostook County,Yankeedom,Maine,ME,23003,581287,17278035042,404869424,6671.087,156.321,46.709193,-68.612409
Jefferson Davis,Jefferson Davis County,Deep South,Mississippi,MS,28065,695756,1057871277,1791496,408.446,0.692,31.564808,-89.827086
Washington,Washington County,Greater Appalachia,Indiana,IN,18175,451665,1330443086,7530005,513.687,2.907,38.600613,-86.104751
Blanco,Blanco County,Greater Appalachia,Texas,TX,48031,1383801,1836953736,10813161,709.252,4.175,30.266456,-98.399217
Brunswick,Brunswick County,Tidewater,Virginia,VA,51025,1493961,1466538251,8383474,566.234,3.237,36.764204,-77.861483
Dyer,Dyer County,Deep South,Tennessee,TN,47045,1639741,1326982067,35839863,512.351,13.838,36.054196,-89.398306
Gibson,Gibson County,Deep South,Tennessee,TN,47053,1639745,1561102696,2345193,602.745,0.905,35.991632,-88.933812
Prince George,Prince George County,Tidewater,Virginia,VA,51149,1480160,687232241,42745198,265.342,16.504,37.187325,-77.220993
Lawrence,Lawrence County,Greater Appalachia,Arkansas,AR,05075,66865,1521690357,12395693,587.528,4.786,36.041098,-91.101153
Eddy,Eddy County,The Midlands,North Dakota,ND,38027,1034222,1632310789,36012936,630.239,13.905,47.723436,-98.900474
Pierce,Pierce County,The Left Coast,Washington,WA,53053,1529159,4320003388,356117597,1667.963,137.498,47.051413,-122.15324
Lincoln,Lincoln County,The Far West,Idaho,ID,16063,395624,3111517506,11588561,1201.364,4.474,42.990782,-114.153089
Lancaster,Lancaster County,The Midlands,Pennsylvania,PA,42071,1209181,2444751632,103368819,943.924,39.911,40.041992,-76.250198
Juneau,Juneau County,Yankeedom,Wisconsin,WI,55057,1581088,1986729542,98638538,767.081,38.085,43.932836,-90.113984
Scott,Scott County,Greater Appalachia,Tennessee,TN,47151,1639788,1378652173,2418741,532.301,0.934,36.435234,-84.50352
Corson,Corson County,The Far West,South Dakota,SD,46031,1265811,6396478609,155287098,2469.694,59.957,45.685671,-101.179665
Gregory,Gregory County,The Far West,South Dakota,SD,46053,1265765,2628707453,99900775,1014.95,38.572,43.175142,-99.206591
Vance,Vance County,Tidewater,North Carolina,NC,37181,1008591,653701481,42190675,252.396,16.29,36.365481,-78.405434
Caldwell,Caldwell County,Greater Appalachia,Kentucky,KY,21033,516863,893002030,8697603,344.79,3.358,37.148642,-87.870509
Barnwell,Barnwell County,Deep South,South Carolina,SC,45011,1247983,1420294945,23008122,548.379,8.883,33.260552,-81.434228
Decatur,Decatur County,Greater Appalachia,Tennessee,TN,47039,1639739,864739796,28502982,333.878,11.005,35.603136,-88.110292
Blackford,Blackford County,Greater Appalachia,Indiana,IN,18009,450404,427559406,1298757,165.082,0.501,40.472672,-85.32373
Etowah,Etowah County,Greater Appalachia,Alabama,AL,01055,161553,1385916770,35022972,535.105,13.522,34.047641,-86.034263
Camas,Camas County,The Far West,Idaho,ID,16025,399408,2782253888,11548054,1074.234,4.459,43.502552,-114.772135
Reno,Reno County,The Midlands,Kansas,KS,20155,485041,3251231984,43517492,1255.308,16.802,37.948185,-98.078346
Maury,Maury County,Greater Appalachia,Tennessee,TN,47119,1639772,1588022045,6318294,613.139,2.44,35.615696,-87.077763
Goshen,Goshen County,The Far West,Wyoming,WY,56015,1605073,5764310950,16969725,2225.613,6.552,42.089455,-104.35354
Rusk,Rusk County,Yankeedom,Wisconsin,WI,55107,1581114,2366092262,44813690,913.553,17.303,45.472734,-91.136745
Waukesha,Waukesha County,Yankeedom,Wisconsin,WI,55133,1581126,1423769478,79817825,549.72,30.818,43.018368,-88.30424
Garrard,Garrard County,Greater Appalachia,Kentucky,KY,21079,516886,595979380,9931261,230.109,3.834,37.630162,-84.545856
Norfolk,Norfolk County,Yankeedom,Massachusetts,MA,25021,606937,1025912543,124957891,396.107,48.247,42.171738,-71.18111
Hendricks,Hendricks County,Greater Appalachia,Indiana,IN,18063,450358,1053849394,4880796,406.894,1.884,39.768963,-86.509908
Jackson,Jackson County,Greater Appalachia,Illinois,IL,17077,424240,1511439594,48312243,583.57,18.653,37.786096,-89.381212
Georgetown,Georgetown County,Deep South,South Carolina,SC,45043,1248002,2107246447,572958789,813.612,221.221,33.417531,-79.296333
Hettinger,Hettinger County,The Far West,North Dakota,ND,38041,1034209,2932485810,4008872,1132.239,1.548,46.435704,-102.454238
Grand,Grand County,The Far West,Utah,UT,49019,1448024,9512361692,31552278,3672.744,12.182,38.974326,-109.57345
Tooele,Tooele County,The Far West,Utah,UT,49045,1448036,17979556898,891073714,6941.946,344.045,40.467753,-113.123979
Hampton,Hampton city,Tidewater,Virginia,VA,51650,1498554,133282615,219667964,51.461,84.814,37.047961,-76.297293
Buffalo,Buffalo County,Yankeedom,Wisconsin,WI,55011,1581065,1750290818,87549529,675.791,33.803,44.385633,-91.761294
Frederick,Frederick County,Greater Appalachia,Virginia,VA,51069,1480124,1070013828,5860365,413.135,2.263,39.20366,-78.263829
Lewis,Lewis County,Greater Appalachia,West Virginia,WV,54041,1550027,1002143596,7036534,386.93,2.717,38.988877,-80.495477
Polk,Polk County,Yankeedom,Minnesota,MN,27119,659505,5104864821,69390824,1970.999,26.792,47.774254,-96.400027
Redwood,Redwood County,Yankeedom,Minnesota,MN,27127,659509,2275493325,8220826,878.573,3.174,44.403536,-95.254241
Fayette,Fayette County,Deep South,Tennessee,TN,47047,1639742,1825359640,3774635,704.775,1.457,35.196993,-89.413803
St. Charles,St. Charles Parish,New France,Louisiana,LA,22089,1629449,719347893,308635080,277.742,119.165,29.905722,-90.357855
Poinsett,Poinsett County,Deep South,Arkansas,AR,05111,69174,1963975460,13892745,758.295,5.364,35.56887,-90.681104
Gulf,Gulf County,Deep South,Florida,FL,12045,306917,1433437353,624436316,553.453,241.096,29.859238,-85.272013
Hamblen,Hamblen County,Greater Appalachia,Tennessee,TN,47063,1648576,417475125,37853343,161.188,14.615,36.218397,-83.266071
Chilton,Chilton County,Deep South,Alabama,AL,01021,161536,1794438835,20592116,692.837,7.951,32.854051,-86.726607
Newton,Newton County,Deep South,Texas,TX,48351,1383961,2418212546,15672146,933.677,6.051,30.786718,-93.73925
Hockley,Hockley County,Greater Appalachia,Texas,TX,48219,1383895,2352723961,446119,908.392,0.172,33.605932,-102.343398
Baldwin,Baldwin County,Deep South,Georgia,GA,13009,345255,670025212,24806035,258.698,9.578,33.05949,-83.255457
Transylvania,Transylvania County,Greater Appalachia,North Carolina,NC,37175,1008589,979943597,5091023,378.358,1.966,35.210103,-82.816666
Surry,Surry County,Greater Appalachia,North Carolina,NC,37171,1008587,1379543658,10390865,532.645,4.012,36.415416,-80.686463
Coffee,Coffee County,Deep South,Alabama,AL,01031,161541,1758565928,3907189,678.986,1.509,31.402258,-85.989602
Shelby,Shelby County,The Midlands,Ohio,OH,39149,1074087,1055922239,7802978,407.694,3.013,40.33668,-84.204142
Canyon,Canyon County,The Far West,Idaho,ID,16027,399406,1520451453,43117848,587.05,16.648,43.625796,-116.709058
Daniels,Daniels County,The Far West,Montana,MT,30019,1637566,3694021963,1021697,1426.27,0.394,48.794429,-105.541739
Leon,Leon County,Deep South,Florida,FL,12073,306916,1731224399,86410055,668.43,33.363,30.45931,-84.2778
Payne,Payne County,Greater Appalachia,Oklahoma,OK,40119,1101847,1773885850,31991880,684.901,12.352,36.079225,-96.975255
Covington,Covington County,Deep South,Alabama,AL,01039,161545,2669165738,34194671,1030.571,13.203,31.243987,-86.448721
Lawrence,Lawrence County,Greater Appalachia,Indiana,IN,18093,451703,1163282503,7207557,449.146,2.783,38.839815,-86.48782
Gray,Gray County,The Midlands,Kansas,KS,20069,485001,2250356174,1113338,868.867,0.43,37.744513,-100.451716
Casey,Casey County,Greater Appalachia,Kentucky,KY,21045,516869,1150573335,3890643,444.239,1.502,37.321962,-84.92822
Metcalfe,Metcalfe County,Greater Appalachia,Kentucky,KY,21169,516931,750166111,4012303,289.641,1.549,36.99243,-85.633456
Russell,Russell County,Greater Appalachia,Kentucky,KY,21207,516950,657060481,75583987,253.692,29.183,36.990587,-85.05495
Beauregard,Beauregard Parish,Deep South,Louisiana,LA,22011,558436,2997852789,21944259,1157.477,8.473,30.645018,-93.340253
Somerset,Somerset County,Yankeedom,Maine,ME,23025,581298,10163811990,437942552,3924.27,169.091,45.503646,-69.95611
Cimarron,Cimarron County,The Midlands,Oklahoma,OK,40025,1101800,4752131817,15923999,1834.808,6.148,36.74839,-102.517698
Meade,Meade County,Greater Appalachia,Kentucky,KY,21163,516928,791093710,49111009,305.443,18.962,37.967476,-86.200863
Nelson,Nelson County,Greater Appalachia,Kentucky,KY,21179,516936,1081379029,16973349,417.523,6.553,37.80312,-85.465931
Owen,Owen County,Greater Appalachia,Kentucky,KY,21187,516940,909365301,8129123,351.108,3.139,38.499395,-84.84159
Pemiscot,Pemiscot County,Greater Appalachia,Missouri,MO,29155,758532,1275841039,53915406,492.605,20.817,36.209916,-89.785942
Nance,Nance County,The Midlands,Nebraska,NE,31125,835884,1143733233,17178940,441.598,6.633,41.402385,-97.991408
Menominee,Menominee County,Yankeedom,Wisconsin,WI,55078,1581099,926217566,19022479,357.615,7.345,44.991304,-88.669251
Panola,Panola County,Deep South,Texas,TX,48365,1383968,2101400900,25810623,811.355,9.966,32.163978,-94.305156
Bath,Bath County,Greater Appalachia,Kentucky,KY,21011,516852,722081417,13486211,278.797,5.207,38.152249,-83.737641
Anderson,Anderson County,Deep South,Texas,TX,48001,1383786,2752164828,39845046,1062.617,15.384,31.841261,-95.661727
Caroline,Caroline County,Tidewater,Virginia,VA,51033,1480107,1365863858,24927342,527.363,9.625,38.028033,-77.353736
Sioux,Sioux County,The Midlands,Iowa,IA,19167,465272,1988888495,2795018,767.914,1.079,43.082646,-96.17801
Glenn,Glenn County,The Far West,California,CA,06021,277275,3403160301,33693344,1313.968,13.009,39.602546,-122.4017
St. Louis,St. Louis city,The Midlands,Missouri,MO,29510,767557,159895650,11563208,61.736,4.465,38.635699,-90.244582
Fannin,Fannin County,Greater Appalachia,Georgia,GA,13111,351094,1002597521,13473582,387.105,5.202,34.866543,-84.317331
Grant,Grant County,Yankeedom,South Dakota,SD,46051,1265782,1764937243,15765681,681.446,6.087,45.172637,-96.772261
Marshall,Marshall County,Yankeedom,South Dakota,SD,46091,1265759,2170620943,124689684,838.081,48.143,45.737044,-97.58087
Thurston,Thurston County,The Left Coast,Washington,WA,53067,1529226,1871256793,133627810,722.496,51.594,46.935822,-122.830152
Knox,Knox County,The Midlands,Nebraska,NE,31107,835875,2870854403,81011709,1108.443,31.279,42.634404,-97.891349
Valencia,Valencia County,El Norte,New Mexico,NM,35061,933052,2762854193,2760089,1066.744,1.066,34.71684,-106.806582
Prairie,Prairie County,The Far West,Montana,MT,30079,1715847,4497780202,15092932,1736.603,5.827,46.812384,-105.503994
Allamakee,Allamakee County,Yankeedom,Iowa,IA,19005,465192,1655115638,51094064,639.044,19.728,43.274964,-91.382751
Cameron,Cameron County,El Norte,Texas,TX,48061,1383816,2309519001,996418659,891.71,384.719,26.102923,-97.478958
Montgomery,Montgomery County,Deep South,Texas,TX,48339,1383955,2699237142,89879828,1042.181,34.703,30.298801,-95.50295
Las Animas,Las Animas County,El Norte,Colorado,CO,08071,198151,12361852647,6929970,4772.938,2.676,37.318831,-104.04411
Llano,Llano County,Greater Appalachia,Texas,TX,48299,1383935,2419214536,82342037,934.064,31.792,30.707584,-98.68469
Mason,Mason County,Greater Appalachia,Texas,TX,48319,1383942,2405674102,8755301,928.836,3.38,30.703916,-99.237302
Clay,Clay County,Greater Appalachia,North Carolina,NC,37043,1008546,556804503,15017755,214.983,5.798,35.052997,-83.752264
Orange,Orange County,Yankeedom,New York,NY,36071,974134,2103893102,68032228,812.318,26.267,41.40241,-74.306252
Schenectady,Schenectady County,Yankeedom,New York,NY,36093,974144,529862599,12594060,204.581,4.863,42.817552,-74.043559
Mingo,Mingo County,Greater Appalachia,West Virginia,WV,54059,1550036,1095926646,2177833,423.14,0.841,37.721161,-82.158989
Wabaunsee,Wabaunsee County,The Midlands,Kansas,KS,20197,485059,2057320864,13845234,794.336,5.346,38.955154,-96.201262
Houston,Houston County,Yankeedom,Minnesota,MN,27055,659473,1429786046,43494665,552.044,16.793,43.66699,-91.501556
Nicholas,Nicholas County,Greater Appalachia,Kentucky,KY,21181,516937,505465963,4301985,195.162,1.661,38.338031,-84.026223
Plymouth,Plymouth County,Yankeedom,Massachusetts,MA,25023,606938,1705512311,1126103085,658.502,434.791,41.987196,-70.741942
Bronx,Bronx County,Yankeedom,New York,NY,36005,974101,109224611,39362153,42.172,15.198,40.848711,-73.852939
Dare,Dare County,Tidewater,North Carolina,NC,37055,1026133,992558307,3000513520,383.229,1158.505,35.606269,-75.767536
Medina,Medina County,Yankeedom,Ohio,OH,39103,1074064,1091571154,4196171,421.458,1.62,41.116174,-81.899764
Armstrong,Armstrong County,The Midlands,Pennsylvania,PA,42005,1213658,1692093647,27586728,653.321,10.651,40.81238,-79.464129
Atlantic,Atlantic County,The Midlands,New Jersey,NJ,34001,882270,1438774368,301270979,555.514,116.321,39.469355,-74.633759
Manitowoc,Manitowoc County,Yankeedom,Wisconsin,WI,55071,1581095,1526295968,2343344181,589.306,904.77,44.156137,-87.577352
Door,Door County,Yankeedom,Wisconsin,WI,55029,1581074,1248277424,4890604607,481.963,1888.273,45.093417,-87.048683
Columbus,Columbus County,Deep South,North Carolina,NC,37047,1026339,2429722353,43711694,938.121,16.877,34.261602,-78.639308
Gallia,Gallia County,Greater Appalachia,Ohio,OH,39053,1074039,1208305870,12087309,466.53,4.667,38.817046,-82.301746
Taylor,Taylor County,Greater Appalachia,Texas,TX,48441,1384006,2371228265,9760311,915.536,3.768,32.297126,-99.89043
Colonial Heights,Colonial Heights city,Tidewater,Virginia,VA,51570,1498420,19475360,709877,7.519,0.274,37.261685,-77.396804
Coshocton,Coshocton County,The Midlands,Ohio,OH,39031,1074028,1460721942,9128742,563.988,3.525,40.29671,-81.930109
Perkins,Perkins County,The Far West,Nebraska,NE,31135,835889,2287768800,2840176,883.313,1.097,40.857646,-101.627468
Hartley,Hartley County,The Midlands,Texas,TX,48205,1383888,3786435508,3023183,1461.951,1.167,35.840244,-102.610047
Grand,Grand County,The Far West,Colorado,CO,08049,198140,4782255548,59907315,1846.439,23.13,40.113065,-106.110837
Jim Wells,Jim Wells County,El Norte,Texas,TX,48249,1383910,2240795377,8723372,865.176,3.368,27.733516,-98.090814
Winnebago,Winnebago County,Yankeedom,Iowa,IA,19189,465283,1037261956,3182049,400.489,1.229,43.378124,-93.743488
San Luis Obispo,San Luis Obispo County,El Norte,California,CA,06079,277304,8549172832,815618272,3300.854,314.912,35.388189,-120.448897
Henry,Henry County,Deep South,Alabama,AL,01067,161559,1454959642,16953809,561.763,6.546,31.516978,-85.239971
Wyandot,Wyandot County,The Midlands,Ohio,OH,39175,1074099,1053812244,1783532,406.879,0.689,40.839782,-83.313681
Zapata,Zapata County,El Norte,Texas,TX,48505,1384038,2585876042,154371160,998.412,59.603,26.996981,-99.182603
Lee,Lee County,Deep South,Georgia,GA,13177,343390,921731096,15310679,355.882,5.911,31.818419,-84.146681
Boyd,Boyd County,Greater Appalachia,Kentucky,KY,21019,516856,414054165,5569239,159.867,2.15,38.360003,-82.681406
Carver,Carver County,Yankeedom,Minnesota,MN,27019,659455,916911877,56672107,354.022,21.881,44.82132,-93.800091
Colfax,Colfax County,The Midlands,Nebraska,NE,31037,835840,1066160691,12611136,411.647,4.869,41.57496,-97.088945
Chesterfield,Chesterfield County,Deep South,South Carolina,SC,45025,1247989,2069364013,17265236,798.986,6.666,34.637018,-80.159227
Lewis,Lewis County,Greater Appalachia,Tennessee,TN,47101,1639765,730614739,1024940,282.092,0.396,35.523244,-87.496983
Washington,Washington County,The Left Coast,Oregon,OR,41067,1155137,1875855599,6118186,724.272,2.362,45.553542,-123.097615
Virginia Beach,Virginia Beach city,Tidewater,Virginia,VA,51810,1498559,633828628,654687365,244.723,252.776,36.779525,-76.029142
Madison,Madison County,The Far West,Montana,MT,30057,1720033,9293281837,39849039,3588.156,15.386,45.32529,-111.913791
Lancaster,Lancaster County,Tidewater,Virginia,VA,51103,1480139,345261477,254114185,133.306,98.114,37.704843,-76.412663
Bates,Bates County,Greater Appalachia,Missouri,MO,29013,758461,2167033438,38030738,836.696,14.684,38.257217,-94.339246
Belknap,Belknap County,Yankeedom,New Hampshire,NH,33001,873174,1040779615,176541257,401.847,68.163,43.519109,-71.425366
Richmond,Richmond County,Tidewater,Virginia,VA,51159,1480164,495925426,64458631,191.478,24.888,37.942894,-76.730561
Franklin,Franklin County,The Far West,Washington,WA,53021,1531822,3215718486,60508754,1241.596,23.363,46.537502,-118.903891
Ida,Ida County,The Midlands,Iowa,IA,19093,465235,1117614339,1391966,431.513,0.537,42.39186,-95.507421
Sedgwick,Sedgwick County,The Midlands,Kansas,KS,20173,485049,2582051713,31558986,996.936,12.185,37.681045,-97.461054
Travis,Travis County,Greater Appalachia,Texas,TX,48453,1384012,2574584400,80222169,994.053,30.974,30.239513,-97.69127
Hillsborough,Hillsborough County,Deep South,Florida,FL,12057,295757,2646680847,803027226,1021.889,310.051,27.88761,-82.374417
Mercer,Mercer County,Yankeedom,New Jersey,NJ,34021,882229,581297767,11434809,224.44,4.415,40.282503,-74.703724
Butler,Butler County,The Midlands,Nebraska,NE,31023,835833,1514867108,15326897,584.893,5.918,41.226072,-97.132039
Westmoreland,Westmoreland County,Greater Appalachia,Pennsylvania,PA,42129,1209191,2661762744,21294228,1027.712,8.222,40.311068,-79.466688
Charlotte,Charlotte County,Part of the Spanish Caribbean,Florida,FL,12015,295742,1764089884,689239393,681.119,266.117,26.906396,-82.003657
Cass,Cass County,The Midlands,Iowa,IA,19029,465204,1461422457,1787165,564.258,0.69,41.333824,-94.933302
Mercer,Mercer County,The Midlands,Ohio,OH,39107,1074066,1197732211,28431995,462.447,10.978,40.535333,-84.632059
Johnson,Johnson County,Greater Appalachia,Kentucky,KY,21115,516904,678484991,5623155,261.965,2.171,37.847756,-82.830121
Kent,Kent County,Yankeedom,Rhode Island,RI,44003,1219778,436584631,50690252,168.566,19.572,41.675118,-71.580282
Windham,Windham County,Yankeedom,Vermont,VT,50025,1461769,2034346401,32919838,785.466,12.71,42.995335,-72.721955
Orleans,Orleans County,Yankeedom,Vermont,VT,50019,1461766,1798784030,71420937,694.514,27.576,44.828442,-72.25163
Jackson,Jackson County,The Midlands,Kansas,KS,20085,485007,1699600349,4666513,656.219,1.802,39.411145,-95.794485
Franklin,Franklin Parish,Deep South,Louisiana,LA,22041,558557,1616925546,28050179,624.298,10.83,32.139076,-91.672371
Webster,Webster County,Deep South,Mississippi,MS,28155,695798,1090793744,5364862,421.158,2.071,33.612061,-89.283961
Franklin,Franklin County,Yankeedom,Massachusetts,MA,25011,606932,1810941373,65609400,699.208,25.332,42.584504,-72.591792
Cherry,Cherry County,The Far West,Nebraska,NE,31031,835837,15436903515,127452902,5960.222,49.21,42.571323,-101.047653
Beaverhead,Beaverhead County,The Far West,Montana,MT,30001,1719627,14355492120,78345288,5542.687,30.249,45.133863,-112.892869
New Madrid,New Madrid County,Greater Appalachia,Missouri,MO,29143,758526,1747940899,56236293,674.884,21.713,36.594261,-89.655948
Hempstead,Hempstead County,Deep South,Arkansas,AR,05057,66858,1883438547,35737908,727.2,13.798,33.735953,-93.664355
Camden,Camden County,Greater Appalachia,Missouri,MO,29029,758469,1699124111,136304759,656.036,52.628,38.026527,-92.765327
Mecklenburg,Mecklenburg County,Tidewater,Virginia,VA,51117,1500747,1619544367,139655804,625.31,53.921,36.687256,-78.368959
Webster,Webster County,Greater Appalachia,Kentucky,KY,21233,516963,860132087,9211730,332.099,3.557,37.51946,-87.68479
Garfield,Garfield County,The Midlands,Oklahoma,OK,40047,1101811,2741521323,4075930,1058.507,1.574,36.378132,-97.788741
Skamania,Skamania County,The Left Coast,Washington,WA,53059,1529220,4294936873,73283927,1658.284,28.295,46.024785,-121.953232
Lenawee,Lenawee County,Yankeedom,Michigan,MI,26091,1622988,1941526154,30497573,749.627,11.775,41.896022,-84.074356
Gilmer,Gilmer County,Greater Appalachia,Georgia,GA,13123,351260,1103886631,12283371,426.213,4.743,34.690506,-84.454624
Roseau,Roseau County,Yankeedom,Minnesota,MN,27135,659513,4329730563,16913419,1671.718,6.53,48.761068,-95.821504
Madison,Madison County,Deep South,Mississippi,MS,28089,695768,1850178949,71697237,714.358,27.682,32.63437,-90.03416
Howard,Howard County,Greater Appalachia,Texas,TX,48227,1383899,2333039143,8841781,900.791,3.414,32.30343,-101.438721
Wayne,Wayne County,Greater Appalachia,West Virginia,WV,54099,1550056,1310547891,15816947,506.005,6.107,38.143642,-82.422666
Adjuntas,Adjuntas County,,Puerto Rico,,   NA,,,,,,,
Aguada,Aguada County,,Puerto Rico,,   NA,,,,,,,
Aguadilla,Aguadilla County,,Puerto Rico,,   NA,,,,,,,
Aguas Buenas,Aguas Buenas County,,Puerto Rico,,   NA,,,,,,,
Aibonito,Aibonito County,,Puerto Rico,,   NA,,,,,,,
Añasco,Añasco County,,Puerto Rico,,   NA,,,,,,,
Arecibo,Arecibo County,,Puerto Rico,,   NA,,,,,,,
Arroyo,Arroyo County,,Puerto Rico,,   NA,,,,,,,
Barceloneta,Barceloneta County,,Puerto Rico,,   NA,,,,,,,
Barranquitas,Barranquitas County,,Puerto Rico,,   NA,,,,,,,
Bayamón,Bayamón County,,Puerto Rico,,   NA,,,,,,,
Cabo Rojo,Cabo Rojo County,,Puerto Rico,,   NA,,,,,,,
Caguas,Caguas County,,Puerto Rico,,   NA,,,,,,,
Camuy,Camuy County,,Puerto Rico,,   NA,,,,,,,
Canóvanas,Canóvanas County,,Puerto Rico,,   NA,,,,,,,
Carolina,Carolina County,,Puerto Rico,,   NA,,,,,,,
Cataño,Cataño County,,Puerto Rico,,   NA,,,,,,,
Cayey,Cayey County,,Puerto Rico,,   NA,,,,,,,
Ceiba,Ceiba County,,Puerto Rico,,   NA,,,,,,,
Ciales,Ciales County,,Puerto Rico,,   NA,,,,,,,
Cidra,Cidra County,,Puerto Rico,,   NA,,,,,,,
Coamo,Coamo County,,Puerto Rico,,   NA,,,,,,,
Comerío,Comerío County,,Puerto Rico,,   NA,,,,,,,
Corozal,Corozal County,,Puerto Rico,,   NA,,,,,,,
Culebra,Culebra County,,Puerto Rico,,   NA,,,,,,,
Dorado,Dorado County,,Puerto Rico,,   NA,,,,,,,
Fajardo,Fajardo County,,Puerto Rico,,   NA,,,,,,,
Florida,Florida County,,Puerto Rico,,   NA,,,,,,,
Guánica,Guánica County,,Puerto Rico,,   NA,,,,,,,
Guayama,Guayama County,,Puerto Rico,,   NA,,,,,,,
Guayanilla,Guayanilla County,,Puerto Rico,,   NA,,,,,,,
Guaynabo,Guaynabo County,,Puerto Rico,,   NA,,,,,,,
Gurabo,Gurabo County,,Puerto Rico,,   NA,,,,,,,
Hatillo,Hatillo County,,Puerto Rico,,   NA,,,,,,,
Hormigueros,Hormigueros County,,Puerto Rico,,   NA,,,,,,,
Humacao,Humacao County,,Puerto Rico,,   NA,,,,,,,
Isabela,Isabela County,,Puerto Rico,,   NA,,,,,,,
Jayuya,Jayuya County,,Puerto Rico,,   NA,,,,,,,
Juana Díaz,Juana Díaz County,,Puerto Rico,,   NA,,,,,,,
Juncos,Juncos County,,Puerto Rico,,   NA,,,,,,,
Lajas,Lajas County,,Puerto Rico,,   NA,,,,,,,
Lares,Lares County,,Puerto Rico,,   NA,,,,,,,
Las Marías,Las Marías County,,Puerto Rico,,   NA,,,,,,,
Las Piedras,Las Piedras County,,Puerto Rico,,   NA,,,,,,,
Loíza,Loíza County,,Puerto Rico,,   NA,,,,,,,
Luquillo,Luquillo County,,Puerto Rico,,   NA,,,,,,,
Manatí,Manatí County,,Puerto Rico,,   NA,,,,,,,
Maricao,Maricao County,,Puerto Rico,,   NA,,,,,,,
Maunabo,Maunabo County,,Puerto Rico,,   NA,,,,,,,
Mayagüez,Mayagüez County,,Puerto Rico,,   NA,,,,,,,
Moca,Moca County,,Puerto Rico,,   NA,,,,,,,
Morovis,Morovis County,,Puerto Rico,,   NA,,,,,,,
Naguabo,Naguabo County,,Puerto Rico,,   NA,,,,,,,
Naranjito,Naranjito County,,Puerto Rico,,   NA,,,,,,,
Orocovis,Orocovis County,,Puerto Rico,,   NA,,,,,,,
Patillas,Patillas County,,Puerto Rico,,   NA,,,,,,,
Peñuelas,Peñuelas County,,Puerto Rico,,   NA,,,,,,,
Ponce,Ponce County,,Puerto Rico,,   NA,,,,,,,
Quebradillas,Quebradillas County,,Puerto Rico,,   NA,,,,,,,
Rincón,Rincón County,,Puerto Rico,,   NA,,,,,,,
Río Grande,Río Grande County,,Puerto Rico,,   NA,,,,,,,
Sabana Grande,Sabana Grande County,,Puerto Rico,,   NA,,,,,,,
Salinas,Salinas County,,Puerto Rico,,   NA,,,,,,,
San Germán,San Germán County,,Puerto Rico,,   NA,,,,,,,
San Juan,San Juan County,,Puerto Rico,,   NA,,,,,,,
San Lorenzo,San Lorenzo County,,Puerto Rico,,   NA,,,,,,,
San Sebastián,San Sebastián County,,Puerto Rico,,   NA,,,,,,,
Santa Isabel,Santa Isabel County,,Puerto Rico,,   NA,,,,,,,
Toa Alta,Toa Alta County,,Puerto Rico,,   NA,,,,,,,
Toa Baja,Toa Baja County,,Puerto Rico,,   NA,,,,,,,
Trujillo Alto,Trujillo Alto County,,Puerto Rico,,   NA,,,,,,,
Utuado,Utuado County,,Puerto Rico,,   NA,,,,,,,
Vega Alta,Vega Alta County,,Puerto Rico,,   NA,,,,,,,
Vega Baja,Vega Baja County,,Puerto Rico,,   NA,,,,,,,
Vieques,Vieques County,,Puerto Rico,,   NA,,,,,,,
Villalba,Villalba County,,Puerto Rico,,   NA,,,,,,,
Yabucoa,Yabucoa County,,Puerto Rico,,   NA,,,,,,,
Yauco,Yauco County,,Puerto Rico,,   NA,,,,,,,
Maui,Maui County,,Hawaii,HI,15009,365283,3008348848,3203294214,1161.53,1236.799,20.855931,-156.60155
Hawaii,Hawaii County,,Hawaii,HI,15001,365280,10433635373,2739472560,4028.449,1057.716,19.597764,-155.502443
Honolulu,Honolulu County,,Hawaii,HI,15003,365281,1555612626,4054877012,600.625,1565.597,21.461365,-158.201974
Kauai,Kauai County,,Hawaii,HI,15007,365282,1605492716,1674243852,619.884,646.429,22.012038,-159.705965
Kalawao,Kalawao County,,Hawaii,HI,15005,1702380,31057603,105764468,11.991,40.836,21.218764,-156.97401
Guam,Guam County,,Guam,,   NA,,,,,,,
Eastern District,Eastern District,,American Samoa,,   NA,,,,,,,
Manuʻa District,Manuʻa District,,American Samoa,,   NA,,,,,,,
Western District,Western District,,American Samoa,,   NA,,,,,,,
Rose Atoll,Rose Atoll,,American Samoa,,   NA,,,,,,,
Swains Island,Swains Island,,American Samoa,,   NA,,,,,,,
St. Croix,St. Croix County,,U.S. Virgin Islands,,   NA,,,,,,,
St. John,St. John County,,U.S. Virgin Islands,,   NA,,,,,,,
St. Thomas,St. Thomas County,,U.S. Virgin Islands,,   NA,,,,,,,
Northern Islands,Northern Islands Municipality,,Northern Mariana Islands,,   NA,,,,,,,
Rota,Rota Municipality,,Northern Mariana Islands,,   NA,,,,,,,
Saipan,Saipan Municipality,,Northern Mariana Islands,,   NA,,,,,,,
Tinian,Tinian Municipality,,Northern Mariana Islands,,   NA,,,,,,,
Aleutians East,Aleutians East County,,Alaska,AK,   NA,,,,,,,
Aleutians West,Aleutians West County,,Alaska,AK,   NA,,,,,,,
Anchorage,Anchorage County,,Alaska,AK,   NA,,,,,,,
Bethel,Bethel County,,Alaska,AK,   NA,,,,,,,
Bristol Bay,Bristol Bay County,,Alaska,AK,   NA,,,,,,,
Chugach,Chugach County,,Alaska,AK,   NA,,,,,,,
Copper River,Copper River County,,Alaska,AK,   NA,,,,,,,
Denali,Denali County,,Alaska,AK,   NA,,,,,,,
Dillingham,Dillingham County,,Alaska,AK,   NA,,,,,,,
Fairbanks North Star,Fairbanks North Star County,,Alaska,AK,   NA,,,,,,,
Haines,Haines County,,Alaska,AK,   NA,,,,,,,
Hoonah-Angoon,Hoonah-Angoon County,,Alaska,AK,   NA,,,,,,,
Juneau,Juneau County,,Alaska,AK,   NA,,,,,,,
Kenai Peninsula,Kenai Peninsula County,,Alaska,AK,   NA,,,,,,,
Ketchikan Gateway,Ketchikan Gateway County,,Alaska,AK,   NA,,,,,,,
Kodiak Island,Kodiak Island County,,Alaska,AK,   NA,,,,,,,
Kusilvak,Kusilvak County,,Alaska,AK,   NA,,,,,,,
Lake and Peninsula,Lake and Peninsula County,,Alaska,AK,   NA,,,,,,,
Matanuska-Susitna,Matanuska-Susitna County,,Alaska,AK,   NA,,,,,,,
Nome,Nome County,,Alaska,AK,   NA,,,,,,,
North Slope,North Slope County,,Alaska,AK,   NA,,,,,,,
Northwest Arctic,Northwest Arctic County,,Alaska,AK,   NA,,,,,,,
Petersburg,Petersburg County,,Alaska,AK,   NA,,,,,,,
Prince of Wales-Hyder,Prince of Wales-Hyder County,,Alaska,AK,   NA,,,,,,,
Sitka,Sitka County,,Alaska,AK,   NA,,,,,,,
Skagway,Skagway County,,Alaska,AK,   NA,,,,,,,
Southeast Fairbanks,Southeast Fairbanks County,,Alaska,AK,   NA,,,,,,,
Wrangell,Wrangell County,,Alaska,AK,   NA,,,,,,,
Yukon-Koyukuk,Yukon-Koyukuk County,,Alaska,AK,   NA,,,,,,,
